2026-01-11 13:26:54,644 [INFO] Activator:176 - 


2026-01-11 13:26:54,645 [INFO] Activator:177 - !SESSION log4j initialized
2026-01-11 13:26:56,385 [INFO] LogOutputStream:77 - [STDOUT_REDIRECT] 
2026-01-11 13:26:56,741 [ERROR] LogOutputStream:75 - [STDERR_REDIRECT] [Fatal Error] :1:1: Premature end of file.
2026-01-11 13:26:56,741 [ERROR] LogOutputStream:75 - [STDERR_REDIRECT] 
2026-01-11 13:26:57,705 [ERROR] LogOutputStream:75 - [STDERR_REDIRECT] [Fatal Error] :1:1: Premature end of file.
2026-01-11 13:26:57,705 [ERROR] LogOutputStream:75 - [STDERR_REDIRECT] 
2026-01-11 13:26:57,848 [INFO] ApplicationProperties:184 - Using Application install path: C:\ST\STM32CubeIDE_1.18.1\STM32CubeIDE\plugins\com.st.stm32cube.common.mx_6.15.0.202507011659
2026-01-11 13:26:57,860 [INFO] DbMcusXml:78 - Set database path to: C:\ST\STM32CubeIDE_1.18.1\STM32CubeIDE\plugins\com.st.stm32cube.common.mx_6.15.0.202507011659\\db\/mcu/
2026-01-11 13:26:57,861 [INFO] ApiDb:274 - Set plugin database path to: C:\ST\STM32CubeIDE_1.18.1\STM32CubeIDE\plugins\com.st.stm32cube.common.mx_6.15.0.202507011659\\db\/plugins/boardmanager/
2026-01-11 13:26:57,861 [WARN] ApiDb:259 - Overriding images path with different value:  => C:\ST\STM32CubeIDE_1.18.1\STM32CubeIDE\plugins\com.st.stm32cube.common.mx_6.15.0.202507011659\\db\/plugins/mcufinder/images/
2026-01-11 13:26:57,866 [INFO] ApiDb:250 - Set database path to: C:\Users\elena\.stmcufinder\plugins\mcufinder//mcu/
2026-01-11 13:26:57,867 [INFO] DbMcusAds:125 - Set database path to: C:\Users\elena\.stmcufinder\plugins\mcufinder//mcu/
2026-01-11 13:26:57,869 [INFO] CrossReferenceDbSqlite:203 - Set database path to: C:\Users\elena\.stmcufinder\plugins\mcufinder//mcu/cs/
2026-01-11 13:26:57,953 [INFO] RulesReader:64 - Compatibility file has been processed (317 Rules)
2026-01-11 13:26:58,004 [INFO] DbMcusXml:78 - Set database path to: C:\ST\STM32CubeIDE_1.18.1\STM32CubeIDE\plugins\com.st.stm32cube.common.mx_6.15.0.202507011659\\db\/mcu/
2026-01-11 13:26:58,005 [INFO] ApiDb:274 - Set plugin database path to: C:\ST\STM32CubeIDE_1.18.1\STM32CubeIDE\plugins\com.st.stm32cube.common.mx_6.15.0.202507011659\\db\/plugins/boardmanager/
2026-01-11 13:26:58,005 [INFO] ApiDb:261 - Set plugin images path to: C:\ST\STM32CubeIDE_1.18.1\STM32CubeIDE\plugins\com.st.stm32cube.common.mx_6.15.0.202507011659\\db\/plugins/mcufinder/images/
2026-01-11 13:26:58,005 [WARN] DbFile:41 - Overriding database path with different value: C:\Users\elena\.stmcufinder\plugins\mcufinder/ => C:\Users\elena\.stmcufinder\plugins\mcufinder
2026-01-11 13:26:58,005 [INFO] ApiDb:250 - Set database path to: C:\Users\elena\.stmcufinder\plugins\mcufinder//mcu/
2026-01-11 13:26:58,005 [WARN] DbFile:41 - Overriding database path with different value: C:\Users\elena\.stmcufinder\plugins\mcufinder/ => C:\Users\elena\.stmcufinder\plugins\mcufinder
2026-01-11 13:26:58,005 [INFO] DbMcusAds:125 - Set database path to: C:\Users\elena\.stmcufinder\plugins\mcufinder//mcu/
2026-01-11 13:26:58,005 [WARN] DbFile:41 - Overriding database path with different value: C:\Users\elena\.stmcufinder\plugins\mcufinder/ => C:\Users\elena\.stmcufinder\plugins\mcufinder
2026-01-11 13:26:58,005 [WARN] DbFile:41 - Overriding database path with different value: C:\Users\elena\.stmcufinder\plugins\mcufinder/ => C:\Users\elena\.stmcufinder\plugins\mcufinder
2026-01-11 13:26:58,005 [INFO] CrossReferenceDbSqlite:203 - Set database path to: C:\Users\elena\.stmcufinder\plugins\mcufinder//mcu/cs/
2026-01-11 13:26:58,052 [INFO] MainPanel:274 - HeapMemory: 268435456
2026-01-11 13:26:58,113 [INFO] DbMcusXml:78 - Set database path to: C:\ST\STM32CubeIDE_1.18.1\STM32CubeIDE\plugins\com.st.stm32cube.common.mx_6.15.0.202507011659\\db\/mcu/
2026-01-11 13:26:58,113 [INFO] ApiDb:274 - Set plugin database path to: C:\ST\STM32CubeIDE_1.18.1\STM32CubeIDE\plugins\com.st.stm32cube.common.mx_6.15.0.202507011659\\db\/plugins/boardmanager/
2026-01-11 13:26:58,113 [INFO] ApiDb:261 - Set plugin images path to: C:\ST\STM32CubeIDE_1.18.1\STM32CubeIDE\plugins\com.st.stm32cube.common.mx_6.15.0.202507011659\\db\/plugins/mcufinder/images/
2026-01-11 13:26:58,113 [WARN] DbFile:41 - Overriding database path with different value: C:\Users\elena\.stmcufinder\plugins\mcufinder/ => C:\Users\elena\.stmcufinder\plugins\mcufinder
2026-01-11 13:26:58,113 [INFO] ApiDb:250 - Set database path to: C:\Users\elena\.stmcufinder\plugins\mcufinder//mcu/
2026-01-11 13:26:58,113 [WARN] DbFile:41 - Overriding database path with different value: C:\Users\elena\.stmcufinder\plugins\mcufinder/ => C:\Users\elena\.stmcufinder\plugins\mcufinder
2026-01-11 13:26:58,115 [INFO] DbMcusAds:125 - Set database path to: C:\Users\elena\.stmcufinder\plugins\mcufinder//mcu/
2026-01-11 13:26:58,115 [WARN] DbFile:41 - Overriding database path with different value: C:\Users\elena\.stmcufinder\plugins\mcufinder/ => C:\Users\elena\.stmcufinder\plugins\mcufinder
2026-01-11 13:26:58,115 [WARN] DbFile:41 - Overriding database path with different value: C:\Users\elena\.stmcufinder\plugins\mcufinder/ => C:\Users\elena\.stmcufinder\plugins\mcufinder
2026-01-11 13:26:58,115 [INFO] CrossReferenceDbSqlite:203 - Set database path to: C:\Users\elena\.stmcufinder\plugins\mcufinder//mcu/cs/
2026-01-11 13:26:58,128 [INFO] ApplicationProperties:184 - Using Application install path: C:\ST\STM32CubeIDE_1.18.1\STM32CubeIDE\plugins\com.st.stm32cube.common.mx_6.15.0.202507011659
2026-01-11 13:26:58,129 [INFO] PluginManage:196 - Search for loadable plugins [exclusion list=, ]
2026-01-11 13:26:58,130 [INFO] PluginManage:310 - Check plugin analytics
2026-01-11 13:26:58,275 [INFO] AnalyticsPlugin:253 - Accepted Software Licenses: 
2026-01-11 13:26:58,275 [INFO] AnalyticsPlugin:255 - Accepted CMSIS Pack Licenses: 
2026-01-11 13:26:58,276 [INFO] AnalyticsPlugin:257 - Accepted Firmware Licenses: 
2026-01-11 13:26:58,282 [INFO] PluginManage:359 - Loaded plugin analytics (category:tool,tabindex:-1)
2026-01-11 13:26:58,283 [INFO] PluginManage:310 - Check plugin cadmodel
2026-01-11 13:26:58,288 [INFO] CADModel:105 - Init CAD model plugin
2026-01-11 13:26:58,288 [INFO] PluginManage:359 - Loaded plugin cadmodel (category:power,tabindex:5)
2026-01-11 13:26:58,288 [INFO] PluginManage:310 - Check plugin clock
2026-01-11 13:26:58,297 [INFO] PluginManage:359 - Loaded plugin clock (category:base,tabindex:2)
2026-01-11 13:26:58,297 [INFO] PluginManage:310 - Check plugin ddr
2026-01-11 13:26:58,299 [INFO] PluginManage:359 - Loaded plugin ddr (category:tool,tabindex:6)
2026-01-11 13:26:58,299 [INFO] PluginManage:310 - Check plugin filemanager
2026-01-11 13:26:58,425 [INFO] PluginManage:359 - Loaded plugin filemanager (category:base,tabindex:10)
2026-01-11 13:26:58,425 [INFO] PluginManage:310 - Check plugin ipmanager
2026-01-11 13:26:58,430 [INFO] PluginManage:359 - Loaded plugin ipmanager (category:base,tabindex:5)
2026-01-11 13:26:58,430 [INFO] PluginManage:310 - Check plugin lpbam
2026-01-11 13:26:58,437 [INFO] PluginManage:359 - Loaded plugin lpbam (category:base,tabindex:0)
2026-01-11 13:26:58,437 [INFO] PluginManage:310 - Check plugin memorymap
2026-01-11 13:26:58,444 [INFO] PluginManage:359 - Loaded plugin memorymap (category:base,tabindex:4)
2026-01-11 13:26:58,444 [INFO] PluginManage:310 - Check plugin pinoutandconfiguration
2026-01-11 13:26:58,449 [INFO] PluginManage:359 - Loaded plugin pinoutandconfiguration (category:base,tabindex:1)
2026-01-11 13:26:58,449 [INFO] PluginManage:310 - Check plugin pinoutconfig
2026-01-11 13:26:58,510 [WARN] SupportedApi:132 - Cannot load RTOS API schema: s4s-elt-must-match.1: The content of 'definitions' must match (annotation?, (simpleType | complexType)?, (unique | key | keyref)*)). A problem was found starting at: attribute.
2026-01-11 13:26:58,601 [INFO] PluginManage:359 - Loaded plugin pinoutconfig (category:base,tabindex:0)
2026-01-11 13:26:58,602 [INFO] PluginManage:310 - Check plugin power
2026-01-11 13:26:58,608 [INFO] PluginManage:359 - Loaded plugin power (category:power,tabindex:4)
2026-01-11 13:26:58,608 [INFO] PluginManage:310 - Check plugin projectmanager
2026-01-11 13:26:58,620 [INFO] PluginManage:359 - Loaded plugin projectmanager (category:projectmanager,tabindex:4)
2026-01-11 13:26:58,621 [INFO] PluginManage:310 - Check plugin rif
2026-01-11 13:26:58,626 [INFO] PluginManage:359 - Loaded plugin rif (category:base,tabindex:3)
2026-01-11 13:26:58,627 [INFO] PluginManage:310 - Check plugin thirdparty
2026-01-11 13:26:58,710 [ERROR] LogOutputStream:75 - [STDERR_REDIRECT] [Fatal Error] :1:1: Premature end of file.
2026-01-11 13:26:58,711 [ERROR] LogOutputStream:75 - [STDERR_REDIRECT] 
2026-01-11 13:26:58,723 [INFO] PluginManage:359 - Loaded plugin thirdparty (category:base,tabindex:-1)
2026-01-11 13:26:58,723 [INFO] PluginManage:310 - Check plugin tools
2026-01-11 13:26:58,723 [WARN] IntegrityCheckThread:84 - waiting for thirdparty lock release [integrity check]
2026-01-11 13:26:58,723 [INFO] IntegrityCheckThread:86 - entering critical section [integrity check]
2026-01-11 13:26:58,723 [INFO] ThirdPartyUpdaterWithRetryManager:70 - Updater plugin not ready yet. [1/15]
2026-01-11 13:26:58,726 [INFO] PluginManage:359 - Loaded plugin tools (category:base,tabindex:7)
2026-01-11 13:26:58,726 [INFO] PluginManage:310 - Check plugin tutovideos
2026-01-11 13:26:58,845 [INFO] PluginManage:359 - Loaded plugin tutovideos (category:base,tabindex:-1)
2026-01-11 13:26:58,845 [INFO] PluginManage:310 - Check plugin updater
2026-01-11 13:26:58,861 [INFO] PluginManage:359 - Loaded plugin updater (category:base,tabindex:12)
2026-01-11 13:26:58,861 [INFO] PluginManage:310 - Check plugin userauth
2026-01-11 13:26:58,863 [INFO] UserAuth:118 - Init User Auth plugin
2026-01-11 13:26:58,864 [INFO] PluginManage:359 - Loaded plugin userauth (category:base,tabindex:14)
2026-01-11 13:26:58,864 [INFO] PluginManage:283 - PluginManage : Loaded plugins [18]
2026-01-11 13:26:58,998 [INFO] PinOutPanel:1589 - setPackage(No Configuration,No Configuration)
2026-01-11 13:26:59,058 [INFO] CADModel:165 - CPN selected for project level
2026-01-11 13:26:59,058 [INFO] CADModel:114 - Register for checkConnection events
2026-01-11 13:26:59,071 [INFO] IPUIPlugin:80 - create IPUIPlugin
2026-01-11 13:26:59,071 [INFO] PluginManager:220 - loadIPPluginJar : add adc
2026-01-11 13:26:59,074 [INFO] IPUIPlugin:80 - create IPUIPlugin
2026-01-11 13:26:59,074 [INFO] PluginManager:220 - loadIPPluginJar : add aes
2026-01-11 13:26:59,075 [INFO] IPUIPlugin:80 - create IPUIPlugin
2026-01-11 13:26:59,075 [INFO] PluginManager:220 - loadIPPluginJar : add can
2026-01-11 13:26:59,077 [INFO] IPUIPlugin:80 - create IPUIPlugin
2026-01-11 13:26:59,077 [INFO] PluginManager:220 - loadIPPluginJar : add comp
2026-01-11 13:26:59,078 [INFO] IPUIPlugin:80 - create IPUIPlugin
2026-01-11 13:26:59,078 [INFO] PluginManager:220 - loadIPPluginJar : add cryp
2026-01-11 13:26:59,079 [INFO] IPUIPlugin:80 - create IPUIPlugin
2026-01-11 13:26:59,079 [INFO] PluginManager:220 - loadIPPluginJar : add ddr_ctrl_phy
2026-01-11 13:26:59,081 [INFO] IPUIPlugin:80 - create IPUIPlugin
2026-01-11 13:26:59,081 [INFO] PluginManager:220 - loadIPPluginJar : add dfsdm
2026-01-11 13:26:59,085 [INFO] IPUIPlugin:80 - create IPUIPlugin
2026-01-11 13:26:59,085 [INFO] PluginManager:220 - loadIPPluginJar : add dma
2026-01-11 13:26:59,087 [INFO] IPUIPlugin:80 - create IPUIPlugin
2026-01-11 13:26:59,087 [INFO] PluginManager:220 - loadIPPluginJar : add dma3
2026-01-11 13:26:59,089 [INFO] IPUIPlugin:80 - create IPUIPlugin
2026-01-11 13:26:59,089 [INFO] PluginManager:220 - loadIPPluginJar : add extmemmanager
2026-01-11 13:26:59,090 [INFO] IPUIPlugin:80 - create IPUIPlugin
2026-01-11 13:26:59,091 [INFO] PluginManager:220 - loadIPPluginJar : add fatfs
2026-01-11 13:26:59,094 [INFO] IPUIPlugin:80 - create IPUIPlugin
2026-01-11 13:26:59,094 [INFO] PluginManager:220 - loadIPPluginJar : add fmc
2026-01-11 13:26:59,098 [INFO] IPUIPlugin:80 - create IPUIPlugin
2026-01-11 13:26:59,098 [INFO] PluginManager:220 - loadIPPluginJar : add freertos
2026-01-11 13:26:59,099 [INFO] IPUIPlugin:80 - create IPUIPlugin
2026-01-11 13:26:59,099 [INFO] PluginManager:220 - loadIPPluginJar : add genericplugin
2026-01-11 13:26:59,100 [INFO] IPUIPlugin:80 - create IPUIPlugin
2026-01-11 13:26:59,100 [INFO] PluginManager:220 - loadIPPluginJar : add gfxmmu
2026-01-11 13:26:59,105 [INFO] IPUIPlugin:80 - create IPUIPlugin
2026-01-11 13:26:59,105 [INFO] PluginManager:220 - loadIPPluginJar : add gic
2026-01-11 13:26:59,108 [INFO] IPUIPlugin:80 - create IPUIPlugin
2026-01-11 13:26:59,108 [INFO] PluginManager:220 - loadIPPluginJar : add gpio
2026-01-11 13:26:59,111 [INFO] IPUIPlugin:80 - create IPUIPlugin
2026-01-11 13:26:59,111 [INFO] PluginManager:220 - loadIPPluginJar : add gtzc
2026-01-11 13:26:59,113 [INFO] IPUIPlugin:80 - create IPUIPlugin
2026-01-11 13:26:59,113 [INFO] PluginManager:220 - loadIPPluginJar : add hash
2026-01-11 13:26:59,115 [INFO] IPUIPlugin:80 - create IPUIPlugin
2026-01-11 13:26:59,115 [INFO] PluginManager:220 - loadIPPluginJar : add i2c
2026-01-11 13:26:59,117 [INFO] IPUIPlugin:80 - create IPUIPlugin
2026-01-11 13:26:59,117 [INFO] PluginManager:220 - loadIPPluginJar : add i2s
2026-01-11 13:26:59,120 [INFO] IPUIPlugin:80 - create IPUIPlugin
2026-01-11 13:26:59,120 [INFO] PluginManager:220 - loadIPPluginJar : add i3c
2026-01-11 13:26:59,123 [INFO] IPUIPlugin:80 - create IPUIPlugin
2026-01-11 13:26:59,123 [INFO] PluginManager:220 - loadIPPluginJar : add ipddr
2026-01-11 13:26:59,128 [INFO] IPUIPlugin:80 - create IPUIPlugin
2026-01-11 13:26:59,128 [INFO] PluginManager:220 - loadIPPluginJar : add linkedlist
2026-01-11 13:26:59,130 [INFO] IPUIPlugin:80 - create IPUIPlugin
2026-01-11 13:26:59,130 [INFO] PluginManager:220 - loadIPPluginJar : add lorawan
2026-01-11 13:26:59,131 [INFO] IPUIPlugin:80 - create IPUIPlugin
2026-01-11 13:26:59,131 [INFO] PluginManager:220 - loadIPPluginJar : add ltdc
2026-01-11 13:26:59,135 [INFO] IPUIPlugin:80 - create IPUIPlugin
2026-01-11 13:26:59,135 [INFO] PluginManager:220 - loadIPPluginJar : add mdma
2026-01-11 13:26:59,138 [INFO] IPUIPlugin:80 - create IPUIPlugin
2026-01-11 13:26:59,139 [INFO] PluginManager:220 - loadIPPluginJar : add nvic
2026-01-11 13:26:59,141 [INFO] IPUIPlugin:80 - create IPUIPlugin
2026-01-11 13:26:59,141 [INFO] PluginManager:220 - loadIPPluginJar : add opamp
2026-01-11 13:26:59,144 [INFO] IPUIPlugin:80 - create IPUIPlugin
2026-01-11 13:26:59,144 [INFO] PluginManager:220 - loadIPPluginJar : add openamp
2026-01-11 13:26:59,147 [INFO] IPUIPlugin:80 - create IPUIPlugin
2026-01-11 13:26:59,147 [INFO] PluginManager:220 - loadIPPluginJar : add pdm2pcm
2026-01-11 13:26:59,151 [INFO] IPUIPlugin:80 - create IPUIPlugin
2026-01-11 13:26:59,153 [INFO] PluginManager:220 - loadIPPluginJar : add plateformsettings
2026-01-11 13:26:59,155 [INFO] IPUIPlugin:80 - create IPUIPlugin
2026-01-11 13:26:59,155 [INFO] PluginManager:220 - loadIPPluginJar : add quadspi
2026-01-11 13:26:59,156 [INFO] IPUIPlugin:80 - create IPUIPlugin
2026-01-11 13:26:59,157 [INFO] PluginManager:220 - loadIPPluginJar : add radio
2026-01-11 13:26:59,159 [INFO] IPUIPlugin:80 - create IPUIPlugin
2026-01-11 13:26:59,159 [INFO] PluginManager:220 - loadIPPluginJar : add resmgrutility
2026-01-11 13:26:59,161 [INFO] IPUIPlugin:80 - create IPUIPlugin
2026-01-11 13:26:59,162 [INFO] PluginManager:220 - loadIPPluginJar : add sai
2026-01-11 13:26:59,163 [INFO] IPUIPlugin:80 - create IPUIPlugin
2026-01-11 13:26:59,163 [INFO] PluginManager:220 - loadIPPluginJar : add spi
2026-01-11 13:26:59,168 [INFO] IPUIPlugin:80 - create IPUIPlugin
2026-01-11 13:26:59,169 [INFO] PluginManager:220 - loadIPPluginJar : add stm32_wpan
2026-01-11 13:26:59,170 [INFO] IPUIPlugin:80 - create IPUIPlugin
2026-01-11 13:26:59,171 [INFO] PluginManager:220 - loadIPPluginJar : add tim
2026-01-11 13:26:59,172 [INFO] IPUIPlugin:80 - create IPUIPlugin
2026-01-11 13:26:59,173 [INFO] PluginManager:220 - loadIPPluginJar : add touchsensing
2026-01-11 13:26:59,175 [INFO] IPUIPlugin:80 - create IPUIPlugin
2026-01-11 13:26:59,175 [INFO] PluginManager:220 - loadIPPluginJar : add tracer_emb
2026-01-11 13:26:59,176 [INFO] IPUIPlugin:80 - create IPUIPlugin
2026-01-11 13:26:59,176 [INFO] PluginManager:220 - loadIPPluginJar : add ts
2026-01-11 13:26:59,178 [INFO] IPUIPlugin:80 - create IPUIPlugin
2026-01-11 13:26:59,178 [INFO] PluginManager:220 - loadIPPluginJar : add tsc
2026-01-11 13:26:59,179 [INFO] IPUIPlugin:80 - create IPUIPlugin
2026-01-11 13:26:59,179 [INFO] PluginManager:220 - loadIPPluginJar : add ucpd
2026-01-11 13:26:59,181 [INFO] IPUIPlugin:80 - create IPUIPlugin
2026-01-11 13:26:59,181 [INFO] PluginManager:220 - loadIPPluginJar : add usart
2026-01-11 13:26:59,183 [INFO] IPUIPlugin:80 - create IPUIPlugin
2026-01-11 13:26:59,183 [INFO] PluginManager:220 - loadIPPluginJar : add usbx
2026-01-11 13:26:59,298 [FATAL] Updater:351 - Updater called before beeing initialized
2026-01-11 13:26:59,353 [INFO] RulesReader:64 - Compatibility file has been processed (317 Rules)
2026-01-11 13:26:59,367 [INFO] RulesReader:64 - Compatibility file has been processed (317 Rules)
2026-01-11 13:26:59,388 [INFO] CADModel:165 - CPN selected for project level
2026-01-11 13:26:59,388 [INFO] CADModel:114 - Register for checkConnection events
2026-01-11 13:26:59,388 [FATAL] Updater:351 - Updater called before beeing initialized
2026-01-11 13:26:59,388 [ERROR] CADModel:125 - Updater not yet initialized, retry later 
2026-01-11 13:26:59,482 [FATAL] Updater:351 - Updater called before beeing initialized
2026-01-11 13:26:59,482 [INFO] CADModel:165 - CPN selected for project level
2026-01-11 13:26:59,482 [INFO] CADModel:114 - Register for checkConnection events
2026-01-11 13:26:59,482 [FATAL] Updater:351 - Updater called before beeing initialized
2026-01-11 13:26:59,482 [ERROR] CADModel:125 - Updater not yet initialized, retry later 
2026-01-11 13:26:59,486 [FATAL] Updater:351 - Updater called before beeing initialized
2026-01-11 13:26:59,559 [FATAL] Updater:351 - Updater called before beeing initialized
2026-01-11 13:26:59,561 [INFO] DbMcusAds:53 - JSON generation date=Tue Dec 09 01:28:09 AEDT 2025 (1765204089998)
2026-01-11 13:26:59,562 [FATAL] Updater:351 - Updater called before beeing initialized
2026-01-11 13:26:59,583 [WARN] DetailPanel:346 - Failed to get advertising image, set to default
2026-01-11 13:26:59,649 [FATAL] Updater:351 - Updater called before beeing initialized
2026-01-11 13:26:59,650 [FATAL] Updater:351 - Updater called before beeing initialized
2026-01-11 13:26:59,650 [FATAL] Updater:351 - Updater called before beeing initialized
2026-01-11 13:26:59,650 [WARN] DetailPanel:346 - Failed to get advertising image, set to default
2026-01-11 13:26:59,650 [FATAL] Updater:351 - Updater called before beeing initialized
2026-01-11 13:26:59,680 [ERROR] Updater:1198 - MainUpdater not yet initialized. External WinMGr cannot be set.
2026-01-11 13:26:59,682 [INFO] Updater:1134 - Updater Version found : 6.15.0
2026-01-11 13:26:59,694 [INFO] ApplicationProperties:184 - Using Application install path: C:\ST\STM32CubeIDE_1.18.1\STM32CubeIDE\plugins\com.st.stm32cube.common.mx_6.15.0.202507011659
2026-01-11 13:26:59,703 [ERROR] LogOutputStream:75 - [STDERR_REDIRECT] [Fatal Error] :1:1: Premature end of file.
2026-01-11 13:26:59,705 [ERROR] LogOutputStream:75 - [STDERR_REDIRECT] 
2026-01-11 13:27:00,718 [ERROR] LogOutputStream:75 - [STDERR_REDIRECT] [Fatal Error] :1:1: Premature end of file.
2026-01-11 13:27:00,718 [ERROR] LogOutputStream:75 - [STDERR_REDIRECT] 
2026-01-11 13:27:01,259 [ERROR] LogOutputStream:75 - [STDERR_REDIRECT] Jan 11, 2026 1:27:01 PM java.util.prefs.WindowsPreferences <init>
2026-01-11 13:27:01,261 [ERROR] LogOutputStream:75 - [STDERR_REDIRECT] WARNING: Could not open/create prefs root node Software\JavaSoft\Prefs at root 0xffffffff80000002. Windows RegCreateKeyEx(...) returned error code 5.
2026-01-11 13:27:01,261 [ERROR] LogOutputStream:75 - [STDERR_REDIRECT] 
2026-01-11 13:27:01,428 [INFO] MainUpdater:2872 - connection check result : 10
2026-01-11 13:27:01,429 [INFO] MainUpdater:289 - Updater Check For Update Now.
2026-01-11 13:27:01,429 [INFO] MicroXplorer:498 - Change Database Version : DB.6.0.150
2026-01-11 13:27:01,433 [INFO] McuFinderGlobals:63 - Set McuFinder mode to 2 (CubeIDE integrated)
2026-01-11 13:27:01,433 [INFO] UserAuth:487 - Internet connection configuration mode: 1
2026-01-11 13:27:01,446 [INFO] JxBrowserEngine:152 - Initiate JxBrowser Engine with user profile folder
2026-01-11 13:27:01,582 [INFO] CheckServerUpdateThread:120 - End of CheckServer Thread
2026-01-11 13:27:01,704 [ERROR] LogOutputStream:75 - [STDERR_REDIRECT] [Fatal Error] :1:1: Premature end of file.
2026-01-11 13:27:01,704 [ERROR] LogOutputStream:75 - [STDERR_REDIRECT] 
2026-01-11 13:27:01,943 [INFO] WebApp:169 - Instantiating new browser for Auth
2026-01-11 13:27:02,079 [WARN] PackLoader:240 - Cannot read IP mode file for STMicroelectronics.FP-SNS-MOTENVWB1.1.4.0
2026-01-11 13:27:02,088 [WARN] PackLoader:240 - Cannot read IP mode file for STMicroelectronics.FP-ATR-ASTRA1.2.0.2
2026-01-11 13:27:02,095 [WARN] PackLoader:240 - Cannot read IP mode file for STMicroelectronics.X-CUBE-SMBUS.2.1.0
2026-01-11 13:27:02,100 [WARN] PackLoader:240 - Cannot read IP mode file for STMicroelectronics.X-CUBE-ST60.1.0.0
2026-01-11 13:27:02,124 [WARN] PackLoader:240 - Cannot read IP mode file for STMicroelectronics.X-CUBE-AZRTOS-F7.1.1.0
2026-01-11 13:27:02,130 [WARN] PackLoader:240 - Cannot read IP mode file for STMicroelectronics.FP-SNS-MOTENV1.5.1.0
2026-01-11 13:27:02,156 [WARN] PackLoader:240 - Cannot read IP mode file for Infineon.AIROC-Wi-Fi-Bluetooth-STM32.1.7.0
2026-01-11 13:27:02,177 [WARN] PackLoader:240 - Cannot read IP mode file for STMicroelectronics.X-CUBE-AZRTOS-H7.3.4.0
2026-01-11 13:27:02,188 [WARN] PackLoader:240 - Cannot read IP mode file for STMicroelectronics.X-CUBE-DISPLAY.3.0.0
2026-01-11 13:27:02,197 [WARN] PackLoader:240 - Cannot read IP mode file for STMicroelectronics.X-CUBE-NFC10.1.0.0
2026-01-11 13:27:02,206 [WARN] PackLoader:240 - Cannot read IP mode file for STMicroelectronics.X-CUBE-BLEMGR.4.0.0
2026-01-11 13:27:02,212 [WARN] PackLoader:240 - Cannot read IP mode file for STMicroelectronics.X-CUBE-ST60.1.1.0
2026-01-11 13:27:02,217 [WARN] PackLoader:240 - Cannot read IP mode file for emotas.I-CUBE-CANOPEN.1.3.0
2026-01-11 13:27:02,222 [WARN] PackLoader:240 - Cannot read IP mode file for STMicroelectronics.X-CUBE-GNSS1.7.1.0
2026-01-11 13:27:02,226 [WARN] ConditionMgr:438 - getConditionDescription Invalid condition id : Cortex-A Device cause : null
2026-01-11 13:27:02,238 [WARN] ConditionMgr:1044 - genDependencies : Invalid condition id : Cortex-A Device cause : null
2026-01-11 13:27:02,238 [WARN] ConditionMgr:1044 - genDependencies : Invalid condition id : Cortex-A Device cause : null
2026-01-11 13:27:02,238 [WARN] ConditionMgr:1044 - genDependencies : Invalid condition id : Cortex-A Device cause : null
2026-01-11 13:27:02,242 [WARN] PackLoader:240 - Cannot read IP mode file for STMicroelectronics.FP-SNS-STBOX1.2.1.0
2026-01-11 13:27:02,247 [WARN] PackLoader:240 - Cannot read IP mode file for STMicroelectronics.FP-SNS-SMARTAG2.1.2.0
2026-01-11 13:27:02,251 [WARN] PackLoader:240 - Cannot read IP mode file for STMicroelectronics.FP-SNS-FLIGHT1.5.1.0
2026-01-11 13:27:02,259 [INFO] LogOutputStream:77 - [STDOUT_REDIRECT] 1 : Invalid condition id : UX_CORESTACK_Condition cause : null
2026-01-11 13:27:02,260 [INFO] LogOutputStream:77 - [STDOUT_REDIRECT] 1 : Invalid condition id : UX_CORESTACK_Condition cause : null
2026-01-11 13:27:02,260 [INFO] LogOutputStream:77 - [STDOUT_REDIRECT] 1 : Invalid condition id : UX_CORESTACK_Condition cause : null
2026-01-11 13:27:02,261 [INFO] LogOutputStream:77 - [STDOUT_REDIRECT] 1 : Invalid condition id : UX_CORESTACK_Condition cause : null
2026-01-11 13:27:02,262 [INFO] LogOutputStream:77 - [STDOUT_REDIRECT] 1 : Invalid condition id : UX_CORESTACK_Condition cause : null
2026-01-11 13:27:02,263 [WARN] PackLoader:240 - Cannot read IP mode file for STMicroelectronics.X-CUBE-AZRTOS-WL.2.0.0
2026-01-11 13:27:02,266 [WARN] PackLoader:240 - Cannot read IP mode file for STMicroelectronics.FP-SNS-MOTENV1.5.0.0
2026-01-11 13:27:02,277 [WARN] PackLoader:240 - Cannot read IP mode file for STMicroelectronics.X-CUBE-AZRTOS-H7RS.1.2.0
2026-01-11 13:27:02,282 [WARN] PackLoader:240 - Cannot read IP mode file for WES.I-CUBE-Cesium.1.3.0
2026-01-11 13:27:02,287 [WARN] PackLoader:240 - Cannot read IP mode file for STMicroelectronics.X-CUBE-BLE2.3.3.0
2026-01-11 13:27:02,292 [WARN] PackLoader:240 - Cannot read IP mode file for STMicroelectronics.X-CUBE-NFC9.1.0.0
2026-01-11 13:27:02,297 [WARN] PackLoader:240 - Cannot read IP mode file for wolfSSL.I-CUBE-wolfSSL.5.8.0
2026-01-11 13:27:02,302 [WARN] PackLoader:240 - Cannot read IP mode file for STMicroelectronics.X-CUBE-BLE1.7.1.0
2026-01-11 13:27:02,306 [WARN] PackLoader:240 - Cannot read IP mode file for wolfSSL.I-CUBE-wolfMQTT.1.19.2
2026-01-11 13:27:02,311 [WARN] PackLoader:240 - Cannot read IP mode file for STMicroelectronics.X-CUBE-FREERTOS.1.4.0
2026-01-11 13:27:02,317 [WARN] PackLoader:240 - Cannot read IP mode file for STMicroelectronics.X-CUBE-EEPRMA1.5.2.0
2026-01-11 13:27:02,323 [WARN] PackLoader:240 - Cannot read IP mode file for STMicroelectronics.X-CUBE-ST67W61.1.1.0
2026-01-11 13:27:02,328 [WARN] PackLoader:240 - Cannot read IP mode file for STMicroelectronics.X-CUBE-AI.10.1.0
2026-01-11 13:27:02,366 [WARN] PackLoader:240 - Cannot read IP mode file for STMicroelectronics.X-CUBE-MEMS1.12.0.0
2026-01-11 13:27:02,433 [WARN] PackLoader:240 - Cannot read IP mode file for STMicroelectronics.X-CUBE-AZRTOS-G0.1.1.0
2026-01-11 13:27:02,439 [WARN] PackLoader:240 - Cannot read IP mode file for STMicroelectronics.X-CUBE-SAFEA1.1.2.2
2026-01-11 13:27:02,443 [WARN] PackLoader:240 - Cannot read IP mode file for STMicroelectronics.X-CUBE-NFC4.3.0.0
2026-01-11 13:27:02,450 [WARN] PackLoader:240 - Cannot read IP mode file for EmbeddedOffice.I-CUBE-FS-RTOS.1.0.1
2026-01-11 13:27:02,456 [WARN] PackLoader:240 - Cannot read IP mode file for STMicroelectronics.X-CUBE-WB05N.2.0.0
2026-01-11 13:27:02,459 [WARN] PackLoader:240 - Cannot read IP mode file for wolfSSL.I-CUBE-wolfTPM.3.8.0
2026-01-11 13:27:02,462 [WARN] PackLoader:240 - Cannot read IP mode file for STMicroelectronics.X-CUBE-TCPP.4.2.0
2026-01-11 13:27:02,468 [WARN] PackLoader:240 - Cannot read IP mode file for RealThread.X-CUBE-RT-Thread_Nano.4.1.1
2026-01-11 13:27:02,472 [WARN] PackLoader:240 - Cannot read IP mode file for STMicroelectronics.FP-ATR-SIGFOX1.3.2.0
2026-01-11 13:27:02,476 [WARN] PackLoader:240 - Cannot read IP mode file for STMicroelectronics.X-CUBE-EEPRMA1.5.1.0
2026-01-11 13:27:02,481 [WARN] PackLoader:240 - Cannot read IP mode file for ITTIA_DB.I-CUBE-ITTIADB.8.9.0
2026-01-11 13:27:02,485 [WARN] PackLoader:240 - Cannot read IP mode file for STMicroelectronics.X-CUBE-ST67W61.1.0.0
2026-01-11 13:27:02,488 [WARN] PackLoader:240 - Cannot read IP mode file for STMicroelectronics.X-CUBE-AI.10.2.0
2026-01-11 13:27:02,503 [WARN] PackLoader:240 - Cannot read IP mode file for SEGGER.I-CUBE-embOS.1.3.1
2026-01-11 13:27:02,539 [WARN] PackLoader:240 - Cannot read IP mode file for STMicroelectronics.X-CUBE-ALGOBUILD.1.4.0
2026-01-11 13:27:02,607 [WARN] PackLoader:240 - Cannot read IP mode file for STMicroelectronics.X-CUBE-MEMS1.11.3.0
2026-01-11 13:27:02,687 [WARN] PackLoader:240 - Cannot read IP mode file for STMicroelectronics.X-CUBE-PM33A1.1.0.0
2026-01-11 13:27:02,700 [WARN] PackLoader:240 - Cannot read IP mode file for STMicroelectronics.X-CUBE-AZRTOS-F4.1.1.0
2026-01-11 13:27:02,708 [WARN] PackLoader:240 - Cannot read IP mode file for STMicroelectronics.X-CUBE-ISPU.2.1.0
2026-01-11 13:27:02,723 [WARN] PackLoader:240 - Cannot read IP mode file for STMicroelectronics.X-CUBE-IPS.3.2.0
2026-01-11 13:27:02,732 [WARN] PackLoader:240 - Cannot read IP mode file for STMicroelectronics.X-CUBE-NFC12.1.0.0
2026-01-11 13:27:02,734 [INFO] WebApp:463 - Apply proxy settings
2026-01-11 13:27:02,734 [INFO] WebApp:548 - Chromium requires no authentication
2026-01-11 13:27:02,744 [INFO] WebApp:491 - Direct internet connection detected
2026-01-11 13:27:02,745 [WARN] PackLoader:240 - Cannot read IP mode file for STMicroelectronics.X-CUBE-AZRTOS-L5.2.0.0
2026-01-11 13:27:02,745 [ERROR] LogOutputStream:75 - [STDERR_REDIRECT] [Fatal Error] :1:1: Premature end of file.
2026-01-11 13:27:02,745 [ERROR] LogOutputStream:75 - [STDERR_REDIRECT] 
2026-01-11 13:27:02,756 [WARN] PackLoader:240 - Cannot read IP mode file for STMicroelectronics.X-CUBE-NFC6.3.1.0
2026-01-11 13:27:02,761 [WARN] PackLoader:240 - Cannot read IP mode file for STMicroelectronics.X-CUBE-FREERTOS.1.3.1
2026-01-11 13:27:02,767 [WARN] PackLoader:240 - Cannot read IP mode file for STMicroelectronics.X-CUBE-TOUCHGFX.4.26.0
2026-01-11 13:27:02,773 [WARN] PackLoader:240 - Cannot read IP mode file for STMicroelectronics.FP-SNS-STAIOTCFT.1.0.0
2026-01-11 13:27:02,777 [INFO] WebApp:900 - Register for checkConnection events
2026-01-11 13:27:02,777 [INFO] WebApp:463 - Apply proxy settings
2026-01-11 13:27:02,777 [INFO] WebApp:548 - Chromium requires no authentication
2026-01-11 13:27:02,778 [INFO] WebApp:491 - Direct internet connection detected
2026-01-11 13:27:02,779 [WARN] PackLoader:240 - Cannot read IP mode file for STMicroelectronics.X-CUBE-DPower.1.3.0
2026-01-11 13:27:02,790 [WARN] ConditionMgr:438 - getConditionDescription Invalid condition id : LAN8742 Phy interface Condition cause : null
2026-01-11 13:27:02,791 [WARN] PackLoader:240 - Cannot read IP mode file for STMicroelectronics.X-CUBE-AZRTOS-L4.2.0.0
2026-01-11 13:27:02,791 [WARN] ConditionMgr:1044 - genDependencies : Invalid condition id : LAN8742 Phy interface Condition cause : null
2026-01-11 13:27:02,792 [WARN] ConditionMgr:1044 - genDependencies : Invalid condition id : LAN8742 Phy interface Condition cause : null
2026-01-11 13:27:02,792 [WARN] ConditionMgr:1044 - genDependencies : Invalid condition id : LAN8742 Phy interface Condition cause : null
2026-01-11 13:27:02,797 [WARN] PackLoader:240 - Cannot read IP mode file for STMicroelectronics.X-CUBE-SFXS2LP1.4.0.0
2026-01-11 13:27:02,807 [WARN] PackLoader:240 - Cannot read IP mode file for STMicroelectronics.X-CUBE-AZRTOS-H7.3.3.0
2026-01-11 13:27:02,813 [WARN] PackLoader:240 - Cannot read IP mode file for STMicroelectronics.X-CUBE-BLEMGR.4.1.0
2026-01-11 13:27:02,822 [WARN] ConditionMgr:438 - getConditionDescription Invalid condition id : UX DEVICE CLASS RTOS Condition cause : null
2026-01-11 13:27:02,822 [WARN] ConditionMgr:438 - getConditionDescription Invalid condition id : UX DEVICE CLASS RTOS Condition cause : null
2026-01-11 13:27:02,823 [WARN] PackLoader:240 - Cannot read IP mode file for STMicroelectronics.X-CUBE-AZRTOS-WB.2.0.0
2026-01-11 13:27:02,823 [WARN] ConditionMgr:1044 - genDependencies : Invalid condition id : UX DEVICE CLASS RTOS Condition cause : null
2026-01-11 13:27:02,823 [WARN] ConditionMgr:1044 - genDependencies : Invalid condition id : UX DEVICE CLASS RTOS Condition cause : null
2026-01-11 13:27:02,823 [WARN] ConditionMgr:1044 - genDependencies : Invalid condition id : UX DEVICE CLASS RTOS Condition cause : null
2026-01-11 13:27:02,823 [WARN] ConditionMgr:1044 - genDependencies : Invalid condition id : UX DEVICE CLASS RTOS Condition cause : null
2026-01-11 13:27:02,823 [WARN] ConditionMgr:1044 - genDependencies : Invalid condition id : UX DEVICE CLASS RTOS Condition cause : null
2026-01-11 13:27:02,826 [WARN] PackLoader:240 - Cannot read IP mode file for STMicroelectronics.X-CUBE-GNSS1.7.0.1
2026-01-11 13:27:02,829 [WARN] PackLoader:240 - Cannot read IP mode file for STMicroelectronics.X-CUBE-TOUCHGFX.4.25.0
2026-01-11 13:27:02,832 [WARN] PackLoader:240 - Cannot read IP mode file for STMicroelectronics.FP-SNS-STBOX1.2.0.0
2026-01-11 13:27:02,839 [WARN] PackLoader:240 - Cannot read IP mode file for STMicroelectronics.X-CUBE-SUBG2.5.0.0
2026-01-11 13:27:02,848 [WARN] PackLoader:240 - Cannot read IP mode file for STMicroelectronics.X-CUBE-AZRTOS-H7RS.1.1.0
2026-01-11 13:27:02,854 [WARN] PackLoader:240 - Cannot read IP mode file for Cesanta.I-CUBE-Mongoose.7.13.0
2026-01-11 13:27:02,862 [WARN] PackLoader:240 - Cannot read IP mode file for STMicroelectronics.X-CUBE-AZRTOS-G4.2.0.0
2026-01-11 13:27:02,867 [WARN] PackLoader:240 - Cannot read IP mode file for wolfSSL.I-CUBE-wolfSSH.1.4.20
2026-01-11 13:27:02,871 [WARN] PackLoader:240 - Cannot read IP mode file for STMicroelectronics.X-CUBE-NFC7.2.0.0
2026-01-11 13:27:02,890 [WARN] PackLoader:240 - Cannot read IP mode file for STMicroelectronics.X-CUBE-IPS.3.1.0
2026-01-11 13:27:02,897 [WARN] PackLoader:240 - Cannot read IP mode file for STMicroelectronics.X-CUBE-ALS.1.0.2
2026-01-11 13:27:02,902 [WARN] PackLoader:240 - Cannot read IP mode file for STMicroelectronics.X-CUBE-STSE01.1.0.0
2026-01-11 13:27:02,908 [WARN] PackLoader:240 - Cannot read IP mode file for portGmbH.I-Cube-SoM-uGOAL.1.1.0
2026-01-11 13:27:02,919 [WARN] PackLoader:240 - Cannot read IP mode file for STMicroelectronics.X-CUBE-TOF1.3.4.3
2026-01-11 13:27:02,924 [INFO] ThirdParty:978 - Integrity check success = true
2026-01-11 13:27:02,925 [INFO] IntegrityCheckThread:100 - exiting critical section [integrity check]
2026-01-11 13:27:02,925 [INFO] IntegrityCheckThread:103 - End integrity checks thread
2026-01-11 13:27:03,028 [INFO] WebApp:225 - Starting web application
2026-01-11 13:27:03,028 [INFO] WebApp:593 - Web application path used C:\ST\STM32CubeIDE_1.18.1\STM32CubeIDE\plugins\com.st.stm32cube.common.mx_6.15.0.202507011659\db\plugins\mcufinder\reactClient1\index.html
2026-01-11 13:27:03,120 [INFO] WebApp:191 - Connection restablished
2026-01-11 13:27:03,180 [INFO] UserAuth:487 - Internet connection configuration mode: 1
2026-01-11 13:27:03,733 [ERROR] LogOutputStream:75 - [STDERR_REDIRECT] [Fatal Error] :1:1: Premature end of file.
2026-01-11 13:27:03,733 [ERROR] LogOutputStream:75 - [STDERR_REDIRECT] 
2026-01-11 13:27:04,718 [ERROR] LogOutputStream:75 - [STDERR_REDIRECT] [Fatal Error] :1:1: Premature end of file.
2026-01-11 13:27:04,718 [ERROR] LogOutputStream:75 - [STDERR_REDIRECT] 
2026-01-11 13:27:05,703 [ERROR] LogOutputStream:75 - [STDERR_REDIRECT] [Fatal Error] :1:1: Premature end of file.
2026-01-11 13:27:05,703 [ERROR] LogOutputStream:75 - [STDERR_REDIRECT] 
2026-01-11 13:27:06,269 [INFO] McuFinderGlobals:63 - Set McuFinder mode to 2 (CubeIDE integrated)
2026-01-11 13:27:06,273 [INFO] MainUpdater:2872 - connection check result : 10
2026-01-11 13:27:06,275 [INFO] McuFinderGlobals:76 - Set McuFinderConnectedMode to true
2026-01-11 13:27:06,417 [INFO] ServerAccessManage:452 - Complete download http(s) 200
2026-01-11 13:27:06,418 [INFO] ServerAccessManage:509 - Download File mcusAds.json._tmp_
2026-01-11 13:27:06,535 [INFO] LoadUrlFilesThread:156 - End of LoadUrlFiles Thread
2026-01-11 13:27:06,707 [ERROR] LogOutputStream:75 - [STDERR_REDIRECT] [Fatal Error] :1:1: Premature end of file.
2026-01-11 13:27:06,707 [ERROR] LogOutputStream:75 - [STDERR_REDIRECT] 
2026-01-11 13:27:07,707 [ERROR] LogOutputStream:75 - [STDERR_REDIRECT] [Fatal Error] :1:1: Premature end of file.
2026-01-11 13:27:07,707 [ERROR] LogOutputStream:75 - [STDERR_REDIRECT] 
2026-01-11 13:27:08,364 [INFO] ServerAccessManage:452 - Complete download http(s) 200
2026-01-11 13:27:08,364 [INFO] ServerAccessManage:509 - Download File cube-finder-db.zip
2026-01-11 13:27:08,731 [ERROR] LogOutputStream:75 - [STDERR_REDIRECT] [Fatal Error] :1:1: Premature end of file.
2026-01-11 13:27:08,732 [ERROR] LogOutputStream:75 - [STDERR_REDIRECT] 
2026-01-11 13:27:08,999 [INFO] FileExtend:248 - Unzip File : cube-finder-db.zip
2026-01-11 13:27:08,999 [INFO] FileExtend:263 - Standard Zip Deflate
2026-01-11 13:27:09,709 [ERROR] LogOutputStream:75 - [STDERR_REDIRECT] [Fatal Error] :1:1: Premature end of file.
2026-01-11 13:27:09,710 [ERROR] LogOutputStream:75 - [STDERR_REDIRECT] 
2026-01-11 13:27:09,720 [INFO] LoadUrlFilesThread:156 - End of LoadUrlFiles Thread
2026-01-11 13:27:10,707 [ERROR] LogOutputStream:75 - [STDERR_REDIRECT] [Fatal Error] :1:1: Premature end of file.
2026-01-11 13:27:10,708 [ERROR] LogOutputStream:75 - [STDERR_REDIRECT] 
2026-01-11 13:27:11,705 [ERROR] LogOutputStream:75 - [STDERR_REDIRECT] [Fatal Error] :1:1: Premature end of file.
2026-01-11 13:27:11,705 [ERROR] LogOutputStream:75 - [STDERR_REDIRECT] 
2026-01-11 13:27:11,929 [INFO] ServerAccessManage:452 - Complete download http(s) 200
2026-01-11 13:27:11,930 [INFO] ServerAccessManage:509 - Download File crdb.zip
2026-01-11 13:27:12,723 [ERROR] LogOutputStream:75 - [STDERR_REDIRECT] [Fatal Error] :1:1: Premature end of file.
2026-01-11 13:27:12,723 [ERROR] LogOutputStream:75 - [STDERR_REDIRECT] 
2026-01-11 13:27:13,493 [INFO] FileExtend:248 - Unzip File : crdb.zip
2026-01-11 13:27:13,493 [INFO] FileExtend:263 - Standard Zip Deflate
2026-01-11 13:27:13,611 [INFO] LoadUrlFilesThread:156 - End of LoadUrlFiles Thread
2026-01-11 13:27:13,709 [ERROR] LogOutputStream:75 - [STDERR_REDIRECT] [Fatal Error] :1:1: Premature end of file.
2026-01-11 13:27:13,709 [ERROR] LogOutputStream:75 - [STDERR_REDIRECT] 
2026-01-11 13:27:14,709 [ERROR] LogOutputStream:75 - [STDERR_REDIRECT] [Fatal Error] :1:1: Premature end of file.
2026-01-11 13:27:14,709 [ERROR] LogOutputStream:75 - [STDERR_REDIRECT] 
2026-01-11 13:27:15,387 [INFO] ServerAccessManage:452 - Complete download http(s) 200
2026-01-11 13:27:15,388 [INFO] ServerAccessManage:509 - Download File tutoVideoDB.zip
2026-01-11 13:27:15,391 [INFO] FileExtend:248 - Unzip File : tutoVideoDB.zip
2026-01-11 13:27:15,391 [INFO] FileExtend:263 - Standard Zip Deflate
2026-01-11 13:27:15,498 [INFO] LoadUrlFilesThread:156 - End of LoadUrlFiles Thread
2026-01-11 13:27:15,499 [WARN] DbFile:41 - Overriding database path with different value: C:\Users\elena\.stmcufinder\plugins\mcufinder/ => C:\Users\elena\.stmcufinder\plugins\mcufinder
2026-01-11 13:27:15,711 [ERROR] LogOutputStream:75 - [STDERR_REDIRECT] [Fatal Error] :1:1: Premature end of file.
2026-01-11 13:27:15,711 [ERROR] LogOutputStream:75 - [STDERR_REDIRECT] 
2026-01-11 13:27:16,441 [INFO] ServerAccessManage:452 - Complete download http(s) 200
2026-01-11 13:27:16,442 [INFO] ServerAccessManage:509 - Download File api_config.json
2026-01-11 13:27:16,548 [INFO] LoadUrlFilesThread:156 - End of LoadUrlFiles Thread
2026-01-11 13:27:16,548 [INFO] DbMcusAds:53 - JSON generation date=Fri Jan 09 02:56:32 AEDT 2026 (1767887792457)
2026-01-11 13:27:16,580 [INFO] ServerAccessManage:452 - Complete download http(s) 200
2026-01-11 13:27:16,580 [INFO] ServerAccessManage:509 - Download File 
2026-01-11 13:27:16,582 [INFO] LoadUrlFilesThread:185 - End of LoadServerUrlFiles without Thread
2026-01-11 13:27:16,582 [INFO] TargetSelectorAdapter:259 - Refresh data is successful
2026-01-11 13:27:16,703 [INFO] ApiDb:581 - Connected to CubeFinder SQLite database (C:\Users\elena\.stmcufinder\plugins\mcufinder\mcu\cube-finder-db.db)
2026-01-11 13:27:16,712 [ERROR] LogOutputStream:75 - [STDERR_REDIRECT] [Fatal Error] :1:1: Premature end of file.
2026-01-11 13:27:16,712 [ERROR] LogOutputStream:75 - [STDERR_REDIRECT] 
2026-01-11 13:27:16,783 [INFO] ApiDb:668 - CubeFinder database Data Model version=2.1
2026-01-11 13:27:16,783 [INFO] ApiDb:669 - CubeFinder database Configuration version=3.0.39
2026-01-11 13:27:16,783 [INFO] ApiDb:670 - CubeFinder database generation date=2025-12-22 (1766407740)
2026-01-11 13:27:16,783 [INFO] ApiDb:671 - CubeFinder database FW Pack versions=[FP-ATR-ASTRA1_V2.0.0, FP-SNS-FLIGHT1_V5.1.0, FP-SNS-MOTENV1_V5.1.0, FP-SNS-MOTENVWB1_V1.4.0, FP-SNS-SMARTAG2_V1.2.0, FP-SNS-STBOX1_V2.1.0, STM32Cube_FW_C0_V1.4.0, STM32Cube_FW_F4_V1.28.3, STM32Cube_FW_F7_V1.17.4, STM32Cube_FW_G0_V1.6.2, STM32Cube_FW_G4_V1.6.1, STM32Cube_FW_H5_V1.5.1, STM32Cube_FW_H7RS_V1.3.0, STM32Cube_FW_H7_V1.12.1, STM32Cube_FW_L0_V1.12.2, STM32Cube_FW_L4_V1.18.1, STM32Cube_FW_L5_V1.6.0, STM32Cube_FW_N6_V1.3.0, STM32Cube_FW_U0_V1.3.0, STM32Cube_FW_U3_V1.2.1, STM32Cube_FW_U5_V1.8.0, STM32Cube_FW_WB0_V1.4.0, STM32Cube_FW_WBA_V1.8.0, STM32Cube_FW_WB_V1.24.0, STM32Cube_FW_WL3_V1.3.0, STM32Cube_FW_WL_V1.4.0, X-CUBE-ALGOBUILD_V1.4.0, X-CUBE-ALS_V1.0.2, X-CUBE-AZRTOS-F4_V1.1.0, X-CUBE-AZRTOS-F7_V1.1.0, X-CUBE-AZRTOS-G0_V1.1.0, X-CUBE-AZRTOS-G4_V2.0.0, X-CUBE-AZRTOS-H7RS_V1.1.0, X-CUBE-AZRTOS-H7_V3.4.0, X-CUBE-AZRTOS-L4_V2.0.0, X-CUBE-AZRTOS-L5_V2.0.0, X-CUBE-AZRTOS-WB_V2.0.0, X-CUBE-AZRTOS-WL_V2.0.0, X-CUBE-BLE1_V7.1.0, X-CUBE-BLE2_V3.3.0, X-CUBE-BLEMGR_V4.1.0, X-CUBE-EEPRMA1_V5.2.0, X-CUBE-FREERTOS_V1.3.1, X-CUBE-GNSS1_V6.0.0, X-CUBE-MEMS1_V12.0.0, X-CUBE-NFC4_V3.0.0, X-CUBE-NFC7_V2.0.0, X-CUBE-SFXS2LP1_V4.0.0, X-CUBE-ST67W61_V1.1.0, X-CUBE-SUBG2_V5.0.0, X-CUBE-TOF1_V3.4.3]
2026-01-11 13:27:17,719 [ERROR] LogOutputStream:75 - [STDERR_REDIRECT] [Fatal Error] :1:1: Premature end of file.
2026-01-11 13:27:17,719 [ERROR] LogOutputStream:75 - [STDERR_REDIRECT] 
2026-01-11 13:27:18,712 [ERROR] LogOutputStream:75 - [STDERR_REDIRECT] [Fatal Error] :1:1: Premature end of file.
2026-01-11 13:27:18,712 [ERROR] LogOutputStream:75 - [STDERR_REDIRECT] 
2026-01-11 13:27:18,960 [INFO] ApiDb:240 - Found 880 in-development CPN: [B-G473E-ZEST1S, B-WB1M-WPAN1, B-WBA5M-WPAN, B-WL5M-SUBG1, NUCLEO-C031C6, NUCLEO-C051C8, NUCLEO-C071RB, NUCLEO-C092RC, NUCLEO-H503RB, NUCLEO-H533RE, NUCLEO-H563ZI, NUCLEO-H7S3L8, NUCLEO-N657X0-Q, NUCLEO-U031R8, NUCLEO-U083RC, NUCLEO-U385RG-Q, NUCLEO-U545RE-Q, NUCLEO-U5A5ZJ-Q, NUCLEO-WB05KZ, NUCLEO-WB07CC, NUCLEO-WB09KE, NUCLEO-WBA52CG, NUCLEO-WBA55CG, NUCLEO-WL33CC1, NUCLEO-WL33CC2, STEVAL-PROTEUS1, STEVAL-SMARTAG2, STEVAL-STWINBX1, STM320518-EVAL, STM32C0116-DK, STM32C011D6Y3TR, STM32C011D6Y6TR, STM32C011F4P3, STM32C011F4P6, STM32C011F4U3, STM32C011F4U6TR, STM32C011F6P3, STM32C011F6P6, STM32C011F6U3, STM32C011F6U6TR, STM32C011J4M3, STM32C011J4M6, STM32C011J6M3, STM32C011J6M6, STM32C0316-DK, STM32C031C4T3, STM32C031C4T6, STM32C031C4U3, STM32C031C4U6, STM32C031C6T3, STM32C031C6T6, STM32C031C6U3, STM32C031C6U6, STM32C031F4P3, STM32C031F4P6, STM32C031F6P3, STM32C031F6P6, STM32C031G4U3, STM32C031G4U6, STM32C031G6U3, STM32C031G6U6, STM32C031K4T3, STM32C031K4T6, STM32C031K4U3, STM32C031K4U6, STM32C031K6T3, STM32C031K6T6, STM32C031K6U3, STM32C031K6U6, STM32C051C6T6, STM32C051C6U6, STM32C051C8T6, STM32C051C8U6, STM32C051D8Y6TR, STM32C051F6P6, STM32C051F8P6, STM32C051G6U6, STM32C051G8U6, STM32C051K6T6, STM32C051K6U6, STM32C051K8T6, STM32C071C8T6, STM32C071C8T6N, STM32C071C8U6, STM32C071C8U6N, STM32C071CBT6, STM32C071CBT6N, STM32C071CBU6, STM32C071CBU6N, STM32C071F8P6, STM32C071F8P6N, STM32C071FBP6, STM32C071FBP6N, STM32C071FBY6TR, STM32C071G8U6, STM32C071G8U6N, STM32C071GBU6, STM32C071GBU6N, STM32C071K8T6, STM32C071K8T6N, STM32C071K8U6, STM32C071K8U6N, STM32C071KBT6, STM32C071KBT6N, STM32C071KBU6, STM32C071KBU6N, STM32C071R8T6, STM32C071R8T6N, STM32C071RBI6N, STM32C071RBT6, STM32C071RBT6N, STM32C091CBT6, STM32C091CBU6, STM32C091CCT6, STM32C091CCU6, STM32C091ECY6TR, STM32C091FBP6, STM32C091FCP6, STM32C091GBU6, STM32C091GCU6, STM32C091KBT6, STM32C091KBU6, STM32C091KCT6, STM32C091KCU6, STM32C091RBT6, STM32C091RCI6, STM32C091RCT6, STM32C092CBT6, STM32C092CBU6, STM32C092CCT6, STM32C092CCU6, STM32C092ECY6TR, STM32C092FBP6, STM32C092FCP6, STM32C092GBU6, STM32C092GCU6, STM32C092KBT6, STM32C092KBU6, STM32C092KCT6, STM32C092KCU6, STM32C092RBT6, STM32C092RCI6, STM32C092RCT6, STM32G071K8TXN, STM32G071K8UXN, STM32G081GBU6N, STM32G081KBT6N, STM32G081KBUXN, STM32G0B1CCT6N, STM32G0B1KCT6, STM32G0B1NEY6TR, STM32G0B1RCT6N, STM32G0C1CCT6, STM32G0C1CCT6N, STM32G0C1CCU6N, STM32G0C1CET6N, STM32G0C1CEU6N, STM32G0C1KCT6, STM32G0C1NEY6TR, STM32G0C1RCI6N, STM32G0C1RCT6N, STM32G0C1REI6N, STM32G0C1RET6N, STM32G0C1VCI6, STM32G0C1VEI6, STM32G411C6T3, STM32G411C6T6, STM32G411C6U3, STM32G411C6U6, STM32G411C8T3, STM32G411C8T6, STM32G411C8U3, STM32G411C8U6, STM32G411CBT3, STM32G411CBT6, STM32G411CBU3, STM32G411CBU6, STM32G411K6T3, STM32G411K6T6, STM32G411K6U3, STM32G411K6U6, STM32G411K8T3, STM32G411K8T6, STM32G411K8U3, STM32G411K8U6, STM32G411KBT3, STM32G411KBT6, STM32G411KBU3, STM32G411KBU6, STM32G411M6T3, STM32G411M6T6, STM32G411M8T3, STM32G411M8T6, STM32G411MBT3, STM32G411MBT6, STM32G411R6T3, STM32G411R6T6, STM32G411R8T3, STM32G411R8T6, STM32G411RBT3, STM32G411RBT6, STM32G414CBT3, STM32G414CBT6, STM32G414CBU3, STM32G414CBU6, STM32G414CCT3, STM32G414CCT6, STM32G414CCU3, STM32G414CCU6, STM32G414MBT3, STM32G414MBT6, STM32G414MCT3, STM32G414MCT6, STM32G414RBT3, STM32G414RBT6, STM32G414RCT3, STM32G414RCT6, STM32G414VBT3, STM32G414VBT6, STM32G414VCT3, STM32G414VCT6, STM32G431CBT3Z, STM32G431RBT3Z, STM32G471CCT6, STM32G471CCU6, STM32G471CET3, STM32G471CET6, STM32G471CEU3, STM32G471CEU6, STM32G471MCT6, STM32G471MET3, STM32G471MET6, STM32G471MEY6TR, STM32G471QCT6, STM32G471QET3, STM32G471RCT6, STM32G471RET3, STM32G471RET6, STM32G471VCH6, STM32G471VCI6, STM32G471VCT6, STM32G471VEH3, STM32G471VEH6, STM32G471VEI3, STM32G471VEI6, STM32G471VET3, STM32G471VET6, STM32G473QET3Z, STM32G473RET3Z, STM32G474CCT6, STM32G491RET3Z, STM32H503CBT6, STM32H503CBU6, STM32H503EBY6TR, STM32H503KBU6, STM32H503RBT6, STM32H523CCT6, STM32H523CCU6, STM32H523CET6, STM32H523CEU6, STM32H523HEY6TR, STM32H523RCT6, STM32H523RET6, STM32H523VCI6, STM32H523VCT6, STM32H523VEI6, STM32H523VET6, STM32H523ZCJ6, STM32H523ZCT6, STM32H523ZEJ6, STM32H523ZET6, STM32H533CET6, STM32H533CEU6, STM32H533HEY6TR, STM32H533RET6, STM32H533VEI6, STM32H533VET6, STM32H533ZEJ6, STM32H533ZET6, STM32H562AGI6, STM32H562AII6, STM32H562IGK6, STM32H562IGT6, STM32H562IIK6, STM32H562IIT6, STM32H562RGT6, STM32H562RGV6, STM32H562RIT6, STM32H562RIV6, STM32H562VGT6, STM32H562VIT6, STM32H562ZGT6, STM32H562ZIT6, STM32H563AGI6, STM32H563AII3Q, STM32H563AII6, STM32H563IGK6, STM32H563IGT6, STM32H563IIK3Q, STM32H563IIK6, STM32H563IIT3Q, STM32H563IIT6, STM32H563MIY3QTR, STM32H563RGT6, STM32H563RGV6, STM32H563RIT6, STM32H563RIV6, STM32H563VGT6, STM32H563VIT3Q, STM32H563VIT6, STM32H563ZGT6, STM32H563ZIT3Q, STM32H563ZIT6, STM32H573AII3Q, STM32H573AII6, STM32H573I-DK, STM32H573IIK3Q, STM32H573IIK6, STM32H573IIT3Q, STM32H573IIT6, STM32H573MIY3QTR, STM32H573RIT6, STM32H573RIV6, STM32H573VIT3Q, STM32H573VIT6, STM32H573ZIT3Q, STM32H573ZIT6, STM32H7R3A8I6, STM32H7R3I8K6, STM32H7R3I8T6, STM32H7R3L8H6, STM32H7R3L8H6H, STM32H7R3R8V6, STM32H7R3V8H6, STM32H7R3V8T6, STM32H7R3V8Y6TR, STM32H7R3Z8J6, STM32H7R3Z8T6, STM32H7R7A8I6, STM32H7R7I8K6, STM32H7R7I8T6, STM32H7R7L8H6, STM32H7R7L8H6H, STM32H7R7Z8J6, STM32H7S3A8I6, STM32H7S3I8K6, STM32H7S3I8T6, STM32H7S3L8H6, STM32H7S3L8H6H, STM32H7S3R8V6, STM32H7S3V8H6, STM32H7S3V8T6, STM32H7S3V8Y6TR, STM32H7S3Z8J6, STM32H7S3Z8T6, STM32H7S78-DK, STM32H7S7A8I6, STM32H7S7I8K6, STM32H7S7I8T6, STM32H7S7L8H6, STM32H7S7L8H6H, STM32H7S7Z8J6, STM32L4R5QGI6STR, STM32MP131AAE3, STM32MP131AAF3, STM32MP131AAG3, STM32MP131CAE3, STM32MP131CAF3, STM32MP131CAG3, STM32MP131DAE7, STM32MP131DAF7, STM32MP131DAG7, STM32MP131FAE7, STM32MP131FAF7, STM32MP131FAG7, STM32MP133AAE3, STM32MP133AAF3, STM32MP133AAG3, STM32MP133CAE3, STM32MP133CAF3, STM32MP133CAG3, STM32MP133DAE7, STM32MP133DAF7, STM32MP133DAG7, STM32MP133FAE7, STM32MP133FAF7, STM32MP133FAG7, STM32MP135AAE3, STM32MP135AAF3, STM32MP135AAG3, STM32MP135CAE3, STM32MP135CAF3, STM32MP135CAG3, STM32MP135DAE7, STM32MP135DAF7, STM32MP135DAG7, STM32MP135F-DK, STM32MP135FAE7, STM32MP135FAF7, STM32MP135FAF7T, STM32MP135FAF7U, STM32MP135FAG7, STM32MP211AAL3, STM32MP211AAM3, STM32MP211AAN3, STM32MP211AAO3, STM32MP211CAL3, STM32MP211CAM3, STM32MP211CAN3, STM32MP211CAO3, STM32MP211DAL3, STM32MP211DAM3, STM32MP211DAN3, STM32MP211DAO3, STM32MP211FAL3, STM32MP211FAM3, STM32MP211FAN3, STM32MP211FAO3, STM32MP213AAL3, STM32MP213AAM3, STM32MP213AAN3, STM32MP213AAO3, STM32MP213CAL3, STM32MP213CAM3, STM32MP213CAN3, STM32MP213CAO3, STM32MP213DAL3, STM32MP213DAM3, STM32MP213DAN3, STM32MP213DAO3, STM32MP213FAL3, STM32MP213FAM3, STM32MP213FAN3, STM32MP213FAO3, STM32MP215AAL3, STM32MP215AAM3, STM32MP215AAN3, STM32MP215AAO3, STM32MP215CAL3, STM32MP215CAM3, STM32MP215CAN3, STM32MP215CAO3, STM32MP215DAL3, STM32MP215DAM3, STM32MP215DAN3, STM32MP215DAO3, STM32MP215F-DK, STM32MP215FAL3, STM32MP215FAM3, STM32MP215FAN3, STM32MP215FAO3, STM32MP231AAJ3, STM32MP231AAK3, STM32MP231AAL3, STM32MP231CAJ3, STM32MP231CAK3, STM32MP231CAL3, STM32MP231DAJ3, STM32MP231DAK3, STM32MP231DAL3, STM32MP231FAJ3, STM32MP231FAK3, STM32MP231FAL3, STM32MP233AAJ3, STM32MP233AAK3, STM32MP233AAL3, STM32MP233CAJ3, STM32MP233CAK3, STM32MP233CAL3, STM32MP233DAJ3, STM32MP233DAK3, STM32MP233DAL3, STM32MP233FAJ3, STM32MP233FAK3, STM32MP233FAL3, STM32MP235AAJ3, STM32MP235AAK3, STM32MP235AAL3, STM32MP235CAJ3, STM32MP235CAK3, STM32MP235CAL3, STM32MP235DAJ3, STM32MP235DAK3, STM32MP235DAL3, STM32MP235FAJ3, STM32MP235FAK3, STM32MP235FAL3, STM32MP251AAI3, STM32MP251AAK3, STM32MP251AAL3, STM32MP251CAI3, STM32MP251CAK3, STM32MP251CAL3, STM32MP251DAI3, STM32MP251DAK3, STM32MP251DAL3, STM32MP251FAI3, STM32MP251FAK3, STM32MP251FAL3, STM32MP253AAI3, STM32MP253AAK3, STM32MP253AAL3, STM32MP253CAI3, STM32MP253CAK3, STM32MP253CAL3, STM32MP253DAI3, STM32MP253DAK3, STM32MP253DAL3, STM32MP253FAI3, STM32MP253FAK3, STM32MP253FAL3, STM32MP255AAI3, STM32MP255AAK3, STM32MP255AAL3, STM32MP255CAI3, STM32MP255CAK3, STM32MP255CAL3, STM32MP255DAI3, STM32MP255DAK3, STM32MP255DAL3, STM32MP255FAI3, STM32MP255FAK3, STM32MP255FAL3, STM32MP257AAI3, STM32MP257AAK3, STM32MP257AAL3, STM32MP257CAI3, STM32MP257CAK3, STM32MP257CAL3, STM32MP257DAI3, STM32MP257DAK3, STM32MP257DAL3, STM32MP257F-DK, STM32MP257F-EV1, STM32MP257FAI3, STM32MP257FAK3, STM32MP257FAL3, STM32N645A0H3Q, STM32N645B0H3Q, STM32N645I0H3Q, STM32N645L0H3Q, STM32N645X0H3Q, STM32N645Z0H3Q, STM32N647A0H3Q, STM32N647B0H3Q, STM32N647I0H3Q, STM32N647L0H3Q, STM32N647X0H3Q, STM32N647Z0H3Q, STM32N655A0H3Q, STM32N655B0H3Q, STM32N655I0H3Q, STM32N655L0H3Q, STM32N655X0H3Q, STM32N655Z0H3Q, STM32N6570-DK, STM32N657A0H3Q, STM32N657B0H3Q, STM32N657I0H3Q, STM32N657L0H3Q, STM32N657X0H3Q, STM32N657Z0H3Q, STM32U031C6T6, STM32U031C6U6, STM32U031C8T6, STM32U031C8U6, STM32U031F4P6, STM32U031F6P6, STM32U031F8P6, STM32U031G6Y6TR, STM32U031G8Y6TR, STM32U031K4U6, STM32U031K6U6, STM32U031K8U6, STM32U031R6I6, STM32U031R6T6, STM32U031R8I6, STM32U031R8T6, STM32U073C8T6, STM32U073C8U6, STM32U073CBT6, STM32U073CBU6, STM32U073CCT6, STM32U073CCU6, STM32U073H8Y6TR, STM32U073HBY6TR, STM32U073HCY6TR, STM32U073K8U6, STM32U073KBU6, STM32U073KCU6, STM32U073M8I6, STM32U073M8T6, STM32U073MBI6, STM32U073MBT6, STM32U073MCI6, STM32U073MCT6, STM32U073R8I6, STM32U073R8T6, STM32U073RBI6, STM32U073RBT6, STM32U073RCI6, STM32U073RCT6, STM32U083C-DK, STM32U083CCT6, STM32U083CCU6, STM32U083HCY6TR, STM32U083KCU6, STM32U083MCI6, STM32U083MCT6, STM32U083RCI6, STM32U083RCT6, STM32U375CET6, STM32U375CET6Q, STM32U375CEU6, STM32U375CEU6Q, STM32U375CEY6QTR, STM32U375CGT6, STM32U375CGT6Q, STM32U375CGU6, STM32U375CGU6Q, STM32U375CGY6QTR, STM32U375KEU6, STM32U375KGU6, STM32U375REI6, STM32U375REI6Q, STM32U375RET6, STM32U375RET6Q, STM32U375REY6GTR, STM32U375REY6QTR, STM32U375RGI6, STM32U375RGI6Q, STM32U375RGT6, STM32U375RGT6Q, STM32U375RGY6GTR, STM32U375RGY6QTR, STM32U375VEI6, STM32U375VEI6Q, STM32U375VET6, STM32U375VET6Q, STM32U375VGI6, STM32U375VGI6Q, STM32U375VGT6, STM32U375VGT6Q, STM32U385CGT6, STM32U385CGT6Q, STM32U385CGU6, STM32U385CGU6Q, STM32U385CGY6QTR, STM32U385KGU6, STM32U385RGI6, STM32U385RGI6Q, STM32U385RGT6, STM32U385RGT6Q, STM32U385RGY6GTR, STM32U385RGY6QTR, STM32U385VGI6, STM32U385VGI6Q, STM32U385VGT6, STM32U385VGT6Q, STM32U535CBT6, STM32U535CBT6Q, STM32U535CBU6, STM32U535CBU6Q, STM32U535CCT6, STM32U535CCT6Q, STM32U535CCU6, STM32U535CCU6Q, STM32U535CET6, STM32U535CET6Q, STM32U535CEU6, STM32U535CEU6Q, STM32U535JEY6QTR, STM32U535NCY6QTR, STM32U535NEY6QTR, STM32U535RBI6, STM32U535RBI6Q, STM32U535RBT6, STM32U535RBT6Q, STM32U535RCI6, STM32U535RCI6Q, STM32U535RCT6, STM32U535RCT6Q, STM32U535REI6, STM32U535REI6Q, STM32U535RET6, STM32U535RET6Q, STM32U535VCI6, STM32U535VCI6Q, STM32U535VCT6, STM32U535VCT6Q, STM32U535VEI6, STM32U535VEI6Q, STM32U535VET6, STM32U535VET6Q, STM32U545CET6, STM32U545CET6Q, STM32U545CEU6, STM32U545CEU6Q, STM32U545JEY6QTR, STM32U545NEY6QTR, STM32U545REI6, STM32U545REI6Q, STM32U545RET6, STM32U545RET6Q, STM32U545VEI6, STM32U545VEI6Q, STM32U545VET6, STM32U545VET6Q, STM32U595AIH6, STM32U595AIH6Q, STM32U595AJH6, STM32U595AJH6Q, STM32U595QII6, STM32U595QII6Q, STM32U595QJI6, STM32U595QJI6Q, STM32U595RIT6, STM32U595RIT6Q, STM32U595RJT6, STM32U595RJT6Q, STM32U595VIT6, STM32U595VIT6Q, STM32U595VJT6, STM32U595VJT6Q, STM32U595ZIT6, STM32U595ZIT6Q, STM32U595ZIY6QTR, STM32U595ZJT6, STM32U595ZJT6Q, STM32U595ZJY6QTR, STM32U599BJY6QTR, STM32U599NIH6Q, STM32U599NJH6Q, STM32U599VIT6Q, STM32U599VJT6, STM32U599VJT6Q, STM32U599ZIT6Q, STM32U599ZIY6QTR, STM32U599ZJT6Q, STM32U599ZJY6QTR, STM32U5A5AJH6, STM32U5A5AJH6Q, STM32U5A5QII3Q , STM32U5A5QJI6, STM32U5A5QJI6Q, STM32U5A5RJT6, STM32U5A5RJT6Q, STM32U5A5VJT6, STM32U5A5VJT6Q, STM32U5A5ZJT6, STM32U5A5ZJT6Q, STM32U5A5ZJY6QTR, STM32U5A9BJY6QTR, STM32U5A9J-DK, STM32U5A9NJH6Q, STM32U5A9VJT6Q, STM32U5A9ZJT6Q, STM32U5A9ZJY6QTR, STM32U5F7VIT6, STM32U5F7VIT6Q, STM32U5F7VJT6, STM32U5F7VJT6Q, STM32U5F9BJY6QTR, STM32U5F9NJH6Q, STM32U5F9VIT6Q, STM32U5F9VJT6Q, STM32U5F9ZIJ6QTR, STM32U5F9ZIT6Q, STM32U5F9ZJJ6QTR, STM32U5F9ZJT6Q, STM32U5G7VJT6, STM32U5G7VJT6Q, STM32U5G9BJY6QTR, STM32U5G9J-DK1, STM32U5G9J-DK2, STM32U5G9NJH6Q, STM32U5G9VJT6Q, STM32U5G9ZJJ6QTR, STM32U5G9ZJT6Q, STM32WB05KZV6TR, STM32WB05KZV7TR, STM32WB05TZF6TR, STM32WB05TZF7TR, STM32WB06CCF6TR, STM32WB06CCF7TR, STM32WB06CCV6TR, STM32WB06CCV7TR, STM32WB06KCV6TR, STM32WB06KCV7TR, STM32WB07CCF6TR, STM32WB07CCF7TR, STM32WB07CCV6TR, STM32WB07CCV7TR, STM32WB07KCV6TR, STM32WB07KCV7TR, STM32WB09KEV6TR, STM32WB09KEV7TR, STM32WB09TEF6TR, STM32WB09TEF7TR, STM32WB1MMCH6, STM32WBA50KGU6, STM32WBA50KGU6TR, STM32WBA52CEU6, STM32WBA52CEU6TR, STM32WBA52CEU7, STM32WBA52CEU7TR, STM32WBA52CGU6, STM32WBA52CGU6TR, STM32WBA52CGU6U, STM32WBA52CGU7, STM32WBA52CGU7TR, STM32WBA52KEU6, STM32WBA52KEU6TR, STM32WBA52KGU6, STM32WBA52KGU6TR, STM32WBA54CEU6, STM32WBA54CEU6TR, STM32WBA54CEU7, STM32WBA54CEU7TR, STM32WBA54CGU6, STM32WBA54CGU6TR, STM32WBA54CGU7, STM32WBA54CGU7TR, STM32WBA54KEU6, STM32WBA54KEU6TR, STM32WBA54KEU7, STM32WBA54KEU7TR, STM32WBA54KGU6, STM32WBA54KGU6TR, STM32WBA54KGU7, STM32WBA54KGU7TR, STM32WBA55CEU6, STM32WBA55CEU6TR, STM32WBA55CEU7, STM32WBA55CEU7TR, STM32WBA55CGU6, STM32WBA55CGU6TR, STM32WBA55CGU6U, STM32WBA55CGU7, STM32WBA55CGU7TR, STM32WBA55G-DK1, STM32WBA55HEF6, STM32WBA55HEF7, STM32WBA55HGF6, STM32WBA55HGF7, STM32WBA55UEI6, STM32WBA55UEI6TR, STM32WBA55UEI7, STM32WBA55UEI7TR, STM32WBA55UGI6, STM32WBA55UGI6TR, STM32WBA55UGI7, STM32WBA55UGI7TR, STM32WBA5MMGH6TR, STM32WBA62MGF6, STM32WBA62MIF6, STM32WBA65MGF7, STM32WBA65MIF6, STM32WBA65MIF7, STM32WL30K8V6, STM32WL30KBV6, STM32WL31C8V6, STM32WL31CBV6, STM32WL31K8V6, STM32WL31KBV6, STM32WL33C8V6, STM32WL33C8V6X, STM32WL33CBV6, STM32WL33CBV6X, STM32WL33CCV6, STM32WL33CCV6A, STM32WL33CCV6X, STM32WL33K8V7, STM32WL33K8V7X, STM32WL33KBV7 , STM32WL33KBV7X, STM32WL33KCV7, STM32WL33KCV7X, STM32WL5MOCH6, STM32WL5MOCH6TR]
2026-01-11 13:27:18,966 [INFO] DbMcus:218 - Found 4876 MCUs, 4876 are supported
2026-01-11 13:27:18,971 [INFO] ApiDb:423 - Load user favorites file C:\Users\elena/.stm32cubeide/favorites.mcus.txt: 0 item(s)
2026-01-11 13:27:18,971 [INFO] ApiDb:427 - User favorites MCUs=[]
2026-01-11 13:27:18,971 [INFO] DbMcus:224 - Set 0 / 0 favorites MCUs
2026-01-11 13:27:19,394 [INFO] ApiDb:668 - CubeFinder database Data Model version=2.1
2026-01-11 13:27:19,394 [INFO] ApiDb:669 - CubeFinder database Configuration version=3.0.39
2026-01-11 13:27:19,394 [INFO] ApiDb:670 - CubeFinder database generation date=2025-12-22 (1766407740)
2026-01-11 13:27:19,394 [INFO] ApiDb:671 - CubeFinder database FW Pack versions=[FP-ATR-ASTRA1_V2.0.0, FP-SNS-FLIGHT1_V5.1.0, FP-SNS-MOTENV1_V5.1.0, FP-SNS-MOTENVWB1_V1.4.0, FP-SNS-SMARTAG2_V1.2.0, FP-SNS-STBOX1_V2.1.0, STM32Cube_FW_C0_V1.4.0, STM32Cube_FW_F4_V1.28.3, STM32Cube_FW_F7_V1.17.4, STM32Cube_FW_G0_V1.6.2, STM32Cube_FW_G4_V1.6.1, STM32Cube_FW_H5_V1.5.1, STM32Cube_FW_H7RS_V1.3.0, STM32Cube_FW_H7_V1.12.1, STM32Cube_FW_L0_V1.12.2, STM32Cube_FW_L4_V1.18.1, STM32Cube_FW_L5_V1.6.0, STM32Cube_FW_N6_V1.3.0, STM32Cube_FW_U0_V1.3.0, STM32Cube_FW_U3_V1.2.1, STM32Cube_FW_U5_V1.8.0, STM32Cube_FW_WB0_V1.4.0, STM32Cube_FW_WBA_V1.8.0, STM32Cube_FW_WB_V1.24.0, STM32Cube_FW_WL3_V1.3.0, STM32Cube_FW_WL_V1.4.0, X-CUBE-ALGOBUILD_V1.4.0, X-CUBE-ALS_V1.0.2, X-CUBE-AZRTOS-F4_V1.1.0, X-CUBE-AZRTOS-F7_V1.1.0, X-CUBE-AZRTOS-G0_V1.1.0, X-CUBE-AZRTOS-G4_V2.0.0, X-CUBE-AZRTOS-H7RS_V1.1.0, X-CUBE-AZRTOS-H7_V3.4.0, X-CUBE-AZRTOS-L4_V2.0.0, X-CUBE-AZRTOS-L5_V2.0.0, X-CUBE-AZRTOS-WB_V2.0.0, X-CUBE-AZRTOS-WL_V2.0.0, X-CUBE-BLE1_V7.1.0, X-CUBE-BLE2_V3.3.0, X-CUBE-BLEMGR_V4.1.0, X-CUBE-EEPRMA1_V5.2.0, X-CUBE-FREERTOS_V1.3.1, X-CUBE-GNSS1_V6.0.0, X-CUBE-MEMS1_V12.0.0, X-CUBE-NFC4_V3.0.0, X-CUBE-NFC7_V2.0.0, X-CUBE-SFXS2LP1_V4.0.0, X-CUBE-ST67W61_V1.1.0, X-CUBE-SUBG2_V5.0.0, X-CUBE-TOF1_V3.4.3]
2026-01-11 13:27:19,446 [INFO] DbBoardsSqlite:226 - include board P-NUCLEO-WB55-NUCLEO as a kit item of type 'Nucleo-64'
2026-01-11 13:27:19,446 [INFO] DbBoardsSqlite:226 - include board P-NUCLEO-WB55-USBDONGLE as a kit item of type 'Nucleo USB Dongle'
2026-01-11 13:27:19,446 [INFO] DbBoardsSqlite:226 - include board STEVAL-IDP005V1 as a kit item of type 'Evaluation Board'
2026-01-11 13:27:19,446 [INFO] DbBoardsSqlite:226 - include board STEVAL-IDP005V2 as a kit item of type 'Evaluation Board'
2026-01-11 13:27:19,509 [INFO] ApiDb:240 - Found 880 in-development CPN: [B-G473E-ZEST1S, B-WB1M-WPAN1, B-WBA5M-WPAN, B-WL5M-SUBG1, NUCLEO-C031C6, NUCLEO-C051C8, NUCLEO-C071RB, NUCLEO-C092RC, NUCLEO-H503RB, NUCLEO-H533RE, NUCLEO-H563ZI, NUCLEO-H7S3L8, NUCLEO-N657X0-Q, NUCLEO-U031R8, NUCLEO-U083RC, NUCLEO-U385RG-Q, NUCLEO-U545RE-Q, NUCLEO-U5A5ZJ-Q, NUCLEO-WB05KZ, NUCLEO-WB07CC, NUCLEO-WB09KE, NUCLEO-WBA52CG, NUCLEO-WBA55CG, NUCLEO-WL33CC1, NUCLEO-WL33CC2, STEVAL-PROTEUS1, STEVAL-SMARTAG2, STEVAL-STWINBX1, STM320518-EVAL, STM32C0116-DK, STM32C011D6Y3TR, STM32C011D6Y6TR, STM32C011F4P3, STM32C011F4P6, STM32C011F4U3, STM32C011F4U6TR, STM32C011F6P3, STM32C011F6P6, STM32C011F6U3, STM32C011F6U6TR, STM32C011J4M3, STM32C011J4M6, STM32C011J6M3, STM32C011J6M6, STM32C0316-DK, STM32C031C4T3, STM32C031C4T6, STM32C031C4U3, STM32C031C4U6, STM32C031C6T3, STM32C031C6T6, STM32C031C6U3, STM32C031C6U6, STM32C031F4P3, STM32C031F4P6, STM32C031F6P3, STM32C031F6P6, STM32C031G4U3, STM32C031G4U6, STM32C031G6U3, STM32C031G6U6, STM32C031K4T3, STM32C031K4T6, STM32C031K4U3, STM32C031K4U6, STM32C031K6T3, STM32C031K6T6, STM32C031K6U3, STM32C031K6U6, STM32C051C6T6, STM32C051C6U6, STM32C051C8T6, STM32C051C8U6, STM32C051D8Y6TR, STM32C051F6P6, STM32C051F8P6, STM32C051G6U6, STM32C051G8U6, STM32C051K6T6, STM32C051K6U6, STM32C051K8T6, STM32C071C8T6, STM32C071C8T6N, STM32C071C8U6, STM32C071C8U6N, STM32C071CBT6, STM32C071CBT6N, STM32C071CBU6, STM32C071CBU6N, STM32C071F8P6, STM32C071F8P6N, STM32C071FBP6, STM32C071FBP6N, STM32C071FBY6TR, STM32C071G8U6, STM32C071G8U6N, STM32C071GBU6, STM32C071GBU6N, STM32C071K8T6, STM32C071K8T6N, STM32C071K8U6, STM32C071K8U6N, STM32C071KBT6, STM32C071KBT6N, STM32C071KBU6, STM32C071KBU6N, STM32C071R8T6, STM32C071R8T6N, STM32C071RBI6N, STM32C071RBT6, STM32C071RBT6N, STM32C091CBT6, STM32C091CBU6, STM32C091CCT6, STM32C091CCU6, STM32C091ECY6TR, STM32C091FBP6, STM32C091FCP6, STM32C091GBU6, STM32C091GCU6, STM32C091KBT6, STM32C091KBU6, STM32C091KCT6, STM32C091KCU6, STM32C091RBT6, STM32C091RCI6, STM32C091RCT6, STM32C092CBT6, STM32C092CBU6, STM32C092CCT6, STM32C092CCU6, STM32C092ECY6TR, STM32C092FBP6, STM32C092FCP6, STM32C092GBU6, STM32C092GCU6, STM32C092KBT6, STM32C092KBU6, STM32C092KCT6, STM32C092KCU6, STM32C092RBT6, STM32C092RCI6, STM32C092RCT6, STM32G071K8TXN, STM32G071K8UXN, STM32G081GBU6N, STM32G081KBT6N, STM32G081KBUXN, STM32G0B1CCT6N, STM32G0B1KCT6, STM32G0B1NEY6TR, STM32G0B1RCT6N, STM32G0C1CCT6, STM32G0C1CCT6N, STM32G0C1CCU6N, STM32G0C1CET6N, STM32G0C1CEU6N, STM32G0C1KCT6, STM32G0C1NEY6TR, STM32G0C1RCI6N, STM32G0C1RCT6N, STM32G0C1REI6N, STM32G0C1RET6N, STM32G0C1VCI6, STM32G0C1VEI6, STM32G411C6T3, STM32G411C6T6, STM32G411C6U3, STM32G411C6U6, STM32G411C8T3, STM32G411C8T6, STM32G411C8U3, STM32G411C8U6, STM32G411CBT3, STM32G411CBT6, STM32G411CBU3, STM32G411CBU6, STM32G411K6T3, STM32G411K6T6, STM32G411K6U3, STM32G411K6U6, STM32G411K8T3, STM32G411K8T6, STM32G411K8U3, STM32G411K8U6, STM32G411KBT3, STM32G411KBT6, STM32G411KBU3, STM32G411KBU6, STM32G411M6T3, STM32G411M6T6, STM32G411M8T3, STM32G411M8T6, STM32G411MBT3, STM32G411MBT6, STM32G411R6T3, STM32G411R6T6, STM32G411R8T3, STM32G411R8T6, STM32G411RBT3, STM32G411RBT6, STM32G414CBT3, STM32G414CBT6, STM32G414CBU3, STM32G414CBU6, STM32G414CCT3, STM32G414CCT6, STM32G414CCU3, STM32G414CCU6, STM32G414MBT3, STM32G414MBT6, STM32G414MCT3, STM32G414MCT6, STM32G414RBT3, STM32G414RBT6, STM32G414RCT3, STM32G414RCT6, STM32G414VBT3, STM32G414VBT6, STM32G414VCT3, STM32G414VCT6, STM32G431CBT3Z, STM32G431RBT3Z, STM32G471CCT6, STM32G471CCU6, STM32G471CET3, STM32G471CET6, STM32G471CEU3, STM32G471CEU6, STM32G471MCT6, STM32G471MET3, STM32G471MET6, STM32G471MEY6TR, STM32G471QCT6, STM32G471QET3, STM32G471RCT6, STM32G471RET3, STM32G471RET6, STM32G471VCH6, STM32G471VCI6, STM32G471VCT6, STM32G471VEH3, STM32G471VEH6, STM32G471VEI3, STM32G471VEI6, STM32G471VET3, STM32G471VET6, STM32G473QET3Z, STM32G473RET3Z, STM32G474CCT6, STM32G491RET3Z, STM32H503CBT6, STM32H503CBU6, STM32H503EBY6TR, STM32H503KBU6, STM32H503RBT6, STM32H523CCT6, STM32H523CCU6, STM32H523CET6, STM32H523CEU6, STM32H523HEY6TR, STM32H523RCT6, STM32H523RET6, STM32H523VCI6, STM32H523VCT6, STM32H523VEI6, STM32H523VET6, STM32H523ZCJ6, STM32H523ZCT6, STM32H523ZEJ6, STM32H523ZET6, STM32H533CET6, STM32H533CEU6, STM32H533HEY6TR, STM32H533RET6, STM32H533VEI6, STM32H533VET6, STM32H533ZEJ6, STM32H533ZET6, STM32H562AGI6, STM32H562AII6, STM32H562IGK6, STM32H562IGT6, STM32H562IIK6, STM32H562IIT6, STM32H562RGT6, STM32H562RGV6, STM32H562RIT6, STM32H562RIV6, STM32H562VGT6, STM32H562VIT6, STM32H562ZGT6, STM32H562ZIT6, STM32H563AGI6, STM32H563AII3Q, STM32H563AII6, STM32H563IGK6, STM32H563IGT6, STM32H563IIK3Q, STM32H563IIK6, STM32H563IIT3Q, STM32H563IIT6, STM32H563MIY3QTR, STM32H563RGT6, STM32H563RGV6, STM32H563RIT6, STM32H563RIV6, STM32H563VGT6, STM32H563VIT3Q, STM32H563VIT6, STM32H563ZGT6, STM32H563ZIT3Q, STM32H563ZIT6, STM32H573AII3Q, STM32H573AII6, STM32H573I-DK, STM32H573IIK3Q, STM32H573IIK6, STM32H573IIT3Q, STM32H573IIT6, STM32H573MIY3QTR, STM32H573RIT6, STM32H573RIV6, STM32H573VIT3Q, STM32H573VIT6, STM32H573ZIT3Q, STM32H573ZIT6, STM32H7R3A8I6, STM32H7R3I8K6, STM32H7R3I8T6, STM32H7R3L8H6, STM32H7R3L8H6H, STM32H7R3R8V6, STM32H7R3V8H6, STM32H7R3V8T6, STM32H7R3V8Y6TR, STM32H7R3Z8J6, STM32H7R3Z8T6, STM32H7R7A8I6, STM32H7R7I8K6, STM32H7R7I8T6, STM32H7R7L8H6, STM32H7R7L8H6H, STM32H7R7Z8J6, STM32H7S3A8I6, STM32H7S3I8K6, STM32H7S3I8T6, STM32H7S3L8H6, STM32H7S3L8H6H, STM32H7S3R8V6, STM32H7S3V8H6, STM32H7S3V8T6, STM32H7S3V8Y6TR, STM32H7S3Z8J6, STM32H7S3Z8T6, STM32H7S78-DK, STM32H7S7A8I6, STM32H7S7I8K6, STM32H7S7I8T6, STM32H7S7L8H6, STM32H7S7L8H6H, STM32H7S7Z8J6, STM32L4R5QGI6STR, STM32MP131AAE3, STM32MP131AAF3, STM32MP131AAG3, STM32MP131CAE3, STM32MP131CAF3, STM32MP131CAG3, STM32MP131DAE7, STM32MP131DAF7, STM32MP131DAG7, STM32MP131FAE7, STM32MP131FAF7, STM32MP131FAG7, STM32MP133AAE3, STM32MP133AAF3, STM32MP133AAG3, STM32MP133CAE3, STM32MP133CAF3, STM32MP133CAG3, STM32MP133DAE7, STM32MP133DAF7, STM32MP133DAG7, STM32MP133FAE7, STM32MP133FAF7, STM32MP133FAG7, STM32MP135AAE3, STM32MP135AAF3, STM32MP135AAG3, STM32MP135CAE3, STM32MP135CAF3, STM32MP135CAG3, STM32MP135DAE7, STM32MP135DAF7, STM32MP135DAG7, STM32MP135F-DK, STM32MP135FAE7, STM32MP135FAF7, STM32MP135FAF7T, STM32MP135FAF7U, STM32MP135FAG7, STM32MP211AAL3, STM32MP211AAM3, STM32MP211AAN3, STM32MP211AAO3, STM32MP211CAL3, STM32MP211CAM3, STM32MP211CAN3, STM32MP211CAO3, STM32MP211DAL3, STM32MP211DAM3, STM32MP211DAN3, STM32MP211DAO3, STM32MP211FAL3, STM32MP211FAM3, STM32MP211FAN3, STM32MP211FAO3, STM32MP213AAL3, STM32MP213AAM3, STM32MP213AAN3, STM32MP213AAO3, STM32MP213CAL3, STM32MP213CAM3, STM32MP213CAN3, STM32MP213CAO3, STM32MP213DAL3, STM32MP213DAM3, STM32MP213DAN3, STM32MP213DAO3, STM32MP213FAL3, STM32MP213FAM3, STM32MP213FAN3, STM32MP213FAO3, STM32MP215AAL3, STM32MP215AAM3, STM32MP215AAN3, STM32MP215AAO3, STM32MP215CAL3, STM32MP215CAM3, STM32MP215CAN3, STM32MP215CAO3, STM32MP215DAL3, STM32MP215DAM3, STM32MP215DAN3, STM32MP215DAO3, STM32MP215F-DK, STM32MP215FAL3, STM32MP215FAM3, STM32MP215FAN3, STM32MP215FAO3, STM32MP231AAJ3, STM32MP231AAK3, STM32MP231AAL3, STM32MP231CAJ3, STM32MP231CAK3, STM32MP231CAL3, STM32MP231DAJ3, STM32MP231DAK3, STM32MP231DAL3, STM32MP231FAJ3, STM32MP231FAK3, STM32MP231FAL3, STM32MP233AAJ3, STM32MP233AAK3, STM32MP233AAL3, STM32MP233CAJ3, STM32MP233CAK3, STM32MP233CAL3, STM32MP233DAJ3, STM32MP233DAK3, STM32MP233DAL3, STM32MP233FAJ3, STM32MP233FAK3, STM32MP233FAL3, STM32MP235AAJ3, STM32MP235AAK3, STM32MP235AAL3, STM32MP235CAJ3, STM32MP235CAK3, STM32MP235CAL3, STM32MP235DAJ3, STM32MP235DAK3, STM32MP235DAL3, STM32MP235FAJ3, STM32MP235FAK3, STM32MP235FAL3, STM32MP251AAI3, STM32MP251AAK3, STM32MP251AAL3, STM32MP251CAI3, STM32MP251CAK3, STM32MP251CAL3, STM32MP251DAI3, STM32MP251DAK3, STM32MP251DAL3, STM32MP251FAI3, STM32MP251FAK3, STM32MP251FAL3, STM32MP253AAI3, STM32MP253AAK3, STM32MP253AAL3, STM32MP253CAI3, STM32MP253CAK3, STM32MP253CAL3, STM32MP253DAI3, STM32MP253DAK3, STM32MP253DAL3, STM32MP253FAI3, STM32MP253FAK3, STM32MP253FAL3, STM32MP255AAI3, STM32MP255AAK3, STM32MP255AAL3, STM32MP255CAI3, STM32MP255CAK3, STM32MP255CAL3, STM32MP255DAI3, STM32MP255DAK3, STM32MP255DAL3, STM32MP255FAI3, STM32MP255FAK3, STM32MP255FAL3, STM32MP257AAI3, STM32MP257AAK3, STM32MP257AAL3, STM32MP257CAI3, STM32MP257CAK3, STM32MP257CAL3, STM32MP257DAI3, STM32MP257DAK3, STM32MP257DAL3, STM32MP257F-DK, STM32MP257F-EV1, STM32MP257FAI3, STM32MP257FAK3, STM32MP257FAL3, STM32N645A0H3Q, STM32N645B0H3Q, STM32N645I0H3Q, STM32N645L0H3Q, STM32N645X0H3Q, STM32N645Z0H3Q, STM32N647A0H3Q, STM32N647B0H3Q, STM32N647I0H3Q, STM32N647L0H3Q, STM32N647X0H3Q, STM32N647Z0H3Q, STM32N655A0H3Q, STM32N655B0H3Q, STM32N655I0H3Q, STM32N655L0H3Q, STM32N655X0H3Q, STM32N655Z0H3Q, STM32N6570-DK, STM32N657A0H3Q, STM32N657B0H3Q, STM32N657I0H3Q, STM32N657L0H3Q, STM32N657X0H3Q, STM32N657Z0H3Q, STM32U031C6T6, STM32U031C6U6, STM32U031C8T6, STM32U031C8U6, STM32U031F4P6, STM32U031F6P6, STM32U031F8P6, STM32U031G6Y6TR, STM32U031G8Y6TR, STM32U031K4U6, STM32U031K6U6, STM32U031K8U6, STM32U031R6I6, STM32U031R6T6, STM32U031R8I6, STM32U031R8T6, STM32U073C8T6, STM32U073C8U6, STM32U073CBT6, STM32U073CBU6, STM32U073CCT6, STM32U073CCU6, STM32U073H8Y6TR, STM32U073HBY6TR, STM32U073HCY6TR, STM32U073K8U6, STM32U073KBU6, STM32U073KCU6, STM32U073M8I6, STM32U073M8T6, STM32U073MBI6, STM32U073MBT6, STM32U073MCI6, STM32U073MCT6, STM32U073R8I6, STM32U073R8T6, STM32U073RBI6, STM32U073RBT6, STM32U073RCI6, STM32U073RCT6, STM32U083C-DK, STM32U083CCT6, STM32U083CCU6, STM32U083HCY6TR, STM32U083KCU6, STM32U083MCI6, STM32U083MCT6, STM32U083RCI6, STM32U083RCT6, STM32U375CET6, STM32U375CET6Q, STM32U375CEU6, STM32U375CEU6Q, STM32U375CEY6QTR, STM32U375CGT6, STM32U375CGT6Q, STM32U375CGU6, STM32U375CGU6Q, STM32U375CGY6QTR, STM32U375KEU6, STM32U375KGU6, STM32U375REI6, STM32U375REI6Q, STM32U375RET6, STM32U375RET6Q, STM32U375REY6GTR, STM32U375REY6QTR, STM32U375RGI6, STM32U375RGI6Q, STM32U375RGT6, STM32U375RGT6Q, STM32U375RGY6GTR, STM32U375RGY6QTR, STM32U375VEI6, STM32U375VEI6Q, STM32U375VET6, STM32U375VET6Q, STM32U375VGI6, STM32U375VGI6Q, STM32U375VGT6, STM32U375VGT6Q, STM32U385CGT6, STM32U385CGT6Q, STM32U385CGU6, STM32U385CGU6Q, STM32U385CGY6QTR, STM32U385KGU6, STM32U385RGI6, STM32U385RGI6Q, STM32U385RGT6, STM32U385RGT6Q, STM32U385RGY6GTR, STM32U385RGY6QTR, STM32U385VGI6, STM32U385VGI6Q, STM32U385VGT6, STM32U385VGT6Q, STM32U535CBT6, STM32U535CBT6Q, STM32U535CBU6, STM32U535CBU6Q, STM32U535CCT6, STM32U535CCT6Q, STM32U535CCU6, STM32U535CCU6Q, STM32U535CET6, STM32U535CET6Q, STM32U535CEU6, STM32U535CEU6Q, STM32U535JEY6QTR, STM32U535NCY6QTR, STM32U535NEY6QTR, STM32U535RBI6, STM32U535RBI6Q, STM32U535RBT6, STM32U535RBT6Q, STM32U535RCI6, STM32U535RCI6Q, STM32U535RCT6, STM32U535RCT6Q, STM32U535REI6, STM32U535REI6Q, STM32U535RET6, STM32U535RET6Q, STM32U535VCI6, STM32U535VCI6Q, STM32U535VCT6, STM32U535VCT6Q, STM32U535VEI6, STM32U535VEI6Q, STM32U535VET6, STM32U535VET6Q, STM32U545CET6, STM32U545CET6Q, STM32U545CEU6, STM32U545CEU6Q, STM32U545JEY6QTR, STM32U545NEY6QTR, STM32U545REI6, STM32U545REI6Q, STM32U545RET6, STM32U545RET6Q, STM32U545VEI6, STM32U545VEI6Q, STM32U545VET6, STM32U545VET6Q, STM32U595AIH6, STM32U595AIH6Q, STM32U595AJH6, STM32U595AJH6Q, STM32U595QII6, STM32U595QII6Q, STM32U595QJI6, STM32U595QJI6Q, STM32U595RIT6, STM32U595RIT6Q, STM32U595RJT6, STM32U595RJT6Q, STM32U595VIT6, STM32U595VIT6Q, STM32U595VJT6, STM32U595VJT6Q, STM32U595ZIT6, STM32U595ZIT6Q, STM32U595ZIY6QTR, STM32U595ZJT6, STM32U595ZJT6Q, STM32U595ZJY6QTR, STM32U599BJY6QTR, STM32U599NIH6Q, STM32U599NJH6Q, STM32U599VIT6Q, STM32U599VJT6, STM32U599VJT6Q, STM32U599ZIT6Q, STM32U599ZIY6QTR, STM32U599ZJT6Q, STM32U599ZJY6QTR, STM32U5A5AJH6, STM32U5A5AJH6Q, STM32U5A5QII3Q , STM32U5A5QJI6, STM32U5A5QJI6Q, STM32U5A5RJT6, STM32U5A5RJT6Q, STM32U5A5VJT6, STM32U5A5VJT6Q, STM32U5A5ZJT6, STM32U5A5ZJT6Q, STM32U5A5ZJY6QTR, STM32U5A9BJY6QTR, STM32U5A9J-DK, STM32U5A9NJH6Q, STM32U5A9VJT6Q, STM32U5A9ZJT6Q, STM32U5A9ZJY6QTR, STM32U5F7VIT6, STM32U5F7VIT6Q, STM32U5F7VJT6, STM32U5F7VJT6Q, STM32U5F9BJY6QTR, STM32U5F9NJH6Q, STM32U5F9VIT6Q, STM32U5F9VJT6Q, STM32U5F9ZIJ6QTR, STM32U5F9ZIT6Q, STM32U5F9ZJJ6QTR, STM32U5F9ZJT6Q, STM32U5G7VJT6, STM32U5G7VJT6Q, STM32U5G9BJY6QTR, STM32U5G9J-DK1, STM32U5G9J-DK2, STM32U5G9NJH6Q, STM32U5G9VJT6Q, STM32U5G9ZJJ6QTR, STM32U5G9ZJT6Q, STM32WB05KZV6TR, STM32WB05KZV7TR, STM32WB05TZF6TR, STM32WB05TZF7TR, STM32WB06CCF6TR, STM32WB06CCF7TR, STM32WB06CCV6TR, STM32WB06CCV7TR, STM32WB06KCV6TR, STM32WB06KCV7TR, STM32WB07CCF6TR, STM32WB07CCF7TR, STM32WB07CCV6TR, STM32WB07CCV7TR, STM32WB07KCV6TR, STM32WB07KCV7TR, STM32WB09KEV6TR, STM32WB09KEV7TR, STM32WB09TEF6TR, STM32WB09TEF7TR, STM32WB1MMCH6, STM32WBA50KGU6, STM32WBA50KGU6TR, STM32WBA52CEU6, STM32WBA52CEU6TR, STM32WBA52CEU7, STM32WBA52CEU7TR, STM32WBA52CGU6, STM32WBA52CGU6TR, STM32WBA52CGU6U, STM32WBA52CGU7, STM32WBA52CGU7TR, STM32WBA52KEU6, STM32WBA52KEU6TR, STM32WBA52KGU6, STM32WBA52KGU6TR, STM32WBA54CEU6, STM32WBA54CEU6TR, STM32WBA54CEU7, STM32WBA54CEU7TR, STM32WBA54CGU6, STM32WBA54CGU6TR, STM32WBA54CGU7, STM32WBA54CGU7TR, STM32WBA54KEU6, STM32WBA54KEU6TR, STM32WBA54KEU7, STM32WBA54KEU7TR, STM32WBA54KGU6, STM32WBA54KGU6TR, STM32WBA54KGU7, STM32WBA54KGU7TR, STM32WBA55CEU6, STM32WBA55CEU6TR, STM32WBA55CEU7, STM32WBA55CEU7TR, STM32WBA55CGU6, STM32WBA55CGU6TR, STM32WBA55CGU6U, STM32WBA55CGU7, STM32WBA55CGU7TR, STM32WBA55G-DK1, STM32WBA55HEF6, STM32WBA55HEF7, STM32WBA55HGF6, STM32WBA55HGF7, STM32WBA55UEI6, STM32WBA55UEI6TR, STM32WBA55UEI7, STM32WBA55UEI7TR, STM32WBA55UGI6, STM32WBA55UGI6TR, STM32WBA55UGI7, STM32WBA55UGI7TR, STM32WBA5MMGH6TR, STM32WBA62MGF6, STM32WBA62MIF6, STM32WBA65MGF7, STM32WBA65MIF6, STM32WBA65MIF7, STM32WL30K8V6, STM32WL30KBV6, STM32WL31C8V6, STM32WL31CBV6, STM32WL31K8V6, STM32WL31KBV6, STM32WL33C8V6, STM32WL33C8V6X, STM32WL33CBV6, STM32WL33CBV6X, STM32WL33CCV6, STM32WL33CCV6A, STM32WL33CCV6X, STM32WL33K8V7, STM32WL33K8V7X, STM32WL33KBV7 , STM32WL33KBV7X, STM32WL33KCV7, STM32WL33KCV7X, STM32WL5MOCH6, STM32WL5MOCH6TR]
2026-01-11 13:27:19,711 [ERROR] LogOutputStream:75 - [STDERR_REDIRECT] [Fatal Error] :1:1: Premature end of file.
2026-01-11 13:27:19,711 [ERROR] LogOutputStream:75 - [STDERR_REDIRECT] 
2026-01-11 13:27:19,758 [INFO] BoardInfo:889 - No configuration file found for board P-NUCLEO-WB55
2026-01-11 13:27:19,760 [INFO] DbBoards:161 - Kit is not supported: P-NUCLEO-WB55
2026-01-11 13:27:19,766 [INFO] BoardInfo:889 - No configuration file found for board STEVAL-BFA001V1B
2026-01-11 13:27:19,768 [INFO] DbBoards:161 - Kit is not supported: STEVAL-BFA001V1B
2026-01-11 13:27:19,769 [INFO] BoardInfo:889 - No configuration file found for board STEVAL-BFA001V2B
2026-01-11 13:27:19,771 [INFO] DbBoards:161 - Kit is not supported: STEVAL-BFA001V2B
2026-01-11 13:27:20,042 [INFO] DbBoards:168 - Found 212 boards, 209 are supported
2026-01-11 13:27:20,042 [INFO] DbBoards:169 - Found 212 boards, 43 of them is supported for  Bsp
2026-01-11 13:27:20,049 [INFO] ApiDb:423 - Load user favorites file C:\Users\elena/.stm32cubeide/favorites.boards.txt: 0 item(s)
2026-01-11 13:27:20,049 [INFO] ApiDb:427 - User favorites Boards=[]
2026-01-11 13:27:20,049 [INFO] DbBoards:198 - Set 0 / 0 favorites Boards
2026-01-11 13:27:20,051 [INFO] ApiDb:668 - CubeFinder database Data Model version=2.1
2026-01-11 13:27:20,052 [INFO] ApiDb:669 - CubeFinder database Configuration version=3.0.39
2026-01-11 13:27:20,052 [INFO] ApiDb:670 - CubeFinder database generation date=2025-12-22 (1766407740)
2026-01-11 13:27:20,052 [INFO] ApiDb:671 - CubeFinder database FW Pack versions=[FP-ATR-ASTRA1_V2.0.0, FP-SNS-FLIGHT1_V5.1.0, FP-SNS-MOTENV1_V5.1.0, FP-SNS-MOTENVWB1_V1.4.0, FP-SNS-SMARTAG2_V1.2.0, FP-SNS-STBOX1_V2.1.0, STM32Cube_FW_C0_V1.4.0, STM32Cube_FW_F4_V1.28.3, STM32Cube_FW_F7_V1.17.4, STM32Cube_FW_G0_V1.6.2, STM32Cube_FW_G4_V1.6.1, STM32Cube_FW_H5_V1.5.1, STM32Cube_FW_H7RS_V1.3.0, STM32Cube_FW_H7_V1.12.1, STM32Cube_FW_L0_V1.12.2, STM32Cube_FW_L4_V1.18.1, STM32Cube_FW_L5_V1.6.0, STM32Cube_FW_N6_V1.3.0, STM32Cube_FW_U0_V1.3.0, STM32Cube_FW_U3_V1.2.1, STM32Cube_FW_U5_V1.8.0, STM32Cube_FW_WB0_V1.4.0, STM32Cube_FW_WBA_V1.8.0, STM32Cube_FW_WB_V1.24.0, STM32Cube_FW_WL3_V1.3.0, STM32Cube_FW_WL_V1.4.0, X-CUBE-ALGOBUILD_V1.4.0, X-CUBE-ALS_V1.0.2, X-CUBE-AZRTOS-F4_V1.1.0, X-CUBE-AZRTOS-F7_V1.1.0, X-CUBE-AZRTOS-G0_V1.1.0, X-CUBE-AZRTOS-G4_V2.0.0, X-CUBE-AZRTOS-H7RS_V1.1.0, X-CUBE-AZRTOS-H7_V3.4.0, X-CUBE-AZRTOS-L4_V2.0.0, X-CUBE-AZRTOS-L5_V2.0.0, X-CUBE-AZRTOS-WB_V2.0.0, X-CUBE-AZRTOS-WL_V2.0.0, X-CUBE-BLE1_V7.1.0, X-CUBE-BLE2_V3.3.0, X-CUBE-BLEMGR_V4.1.0, X-CUBE-EEPRMA1_V5.2.0, X-CUBE-FREERTOS_V1.3.1, X-CUBE-GNSS1_V6.0.0, X-CUBE-MEMS1_V12.0.0, X-CUBE-NFC4_V3.0.0, X-CUBE-NFC7_V2.0.0, X-CUBE-SFXS2LP1_V4.0.0, X-CUBE-ST67W61_V1.1.0, X-CUBE-SUBG2_V5.0.0, X-CUBE-TOF1_V3.4.3]
2026-01-11 13:27:20,610 [ERROR] DbExamplesSqlite:437 - Missing JSON key: board_cpn
2026-01-11 13:27:20,610 [ERROR] DbExamplesSqlite:437 - Missing JSON key: board_cpn
2026-01-11 13:27:20,610 [ERROR] DbExamplesSqlite:437 - Missing JSON key: board_cpn
2026-01-11 13:27:20,610 [ERROR] DbExamplesSqlite:437 - Missing JSON key: board_cpn
2026-01-11 13:27:20,710 [ERROR] LogOutputStream:75 - [STDERR_REDIRECT] [Fatal Error] :1:1: Premature end of file.
2026-01-11 13:27:20,710 [ERROR] LogOutputStream:75 - [STDERR_REDIRECT] 
2026-01-11 13:27:20,879 [ERROR] DbExamplesSqlite:437 - Missing JSON key: board_cpn
2026-01-11 13:27:20,879 [ERROR] DbExamplesSqlite:437 - Missing JSON key: board_cpn
2026-01-11 13:27:20,891 [INFO] DbExamplesSqlite:395 - Ignored 42 examples not supported by CubeIDE
2026-01-11 13:27:20,891 [INFO] DbExamplesSqlite:396 - Found 10819 examples active
2026-01-11 13:27:20,892 [INFO] DbExamplesSqlite:397 - Found 0 examples obsolete
2026-01-11 13:27:20,892 [INFO] DbExamplesSqlite:398 - Found 0 examples under development
2026-01-11 13:27:20,892 [INFO] DbExamplesSqlite:399 - Found 85 examples not building
2026-01-11 13:27:20,893 [INFO] DbExamples:125 - Found 10862 examples
2026-01-11 13:27:20,928 [ERROR] DbExamples:208 - Found 73 examples with invalid data (board or MCU)
2026-01-11 13:27:20,929 [INFO] DbExamples:222 - Found 134 boards with related examples
2026-01-11 13:27:20,929 [INFO] DbExamples:235 - Found 111 MCUs with related examples
2026-01-11 13:27:20,953 [INFO] ApiDb:423 - Load user favorites file C:\Users\elena/.stm32cubeide/favorites.examples.txt: 0 item(s)
2026-01-11 13:27:20,953 [INFO] ApiDb:427 - User favorites Examples=[]
2026-01-11 13:27:20,953 [INFO] DbExamples:250 - Set 0 / 0 favorites Examples
2026-01-11 13:27:21,074 [INFO] McuFinderGlobals:76 - Set McuFinderConnectedMode to true
2026-01-11 13:27:21,082 [INFO] MultiScanPanel:200 - Auto-refresh data requested => check proxy status ongoing
2026-01-11 13:27:21,086 [INFO] FinderPluginLoader:96 - Searching for filters in installed packs
2026-01-11 13:27:21,712 [ERROR] LogOutputStream:75 - [STDERR_REDIRECT] [Fatal Error] :1:1: Premature end of file.
2026-01-11 13:27:21,712 [ERROR] LogOutputStream:75 - [STDERR_REDIRECT] 
2026-01-11 13:27:22,324 [INFO] LoadUrlFilesThread:185 - End of LoadServerUrlFiles without Thread
2026-01-11 13:27:22,378 [INFO] DetailPanel:341 - Set advertising image to C:/Users/elena/STM32Cube/Repository/\en.prom-stm32mp21-0126.png
2026-01-11 13:27:22,725 [ERROR] LogOutputStream:75 - [STDERR_REDIRECT] [Fatal Error] :1:1: Premature end of file.
2026-01-11 13:27:22,725 [ERROR] LogOutputStream:75 - [STDERR_REDIRECT] 
2026-01-11 13:27:23,715 [ERROR] LogOutputStream:75 - [STDERR_REDIRECT] [Fatal Error] :1:1: Premature end of file.
2026-01-11 13:27:23,715 [ERROR] LogOutputStream:75 - [STDERR_REDIRECT] 
2026-01-11 13:27:24,708 [ERROR] LogOutputStream:75 - [STDERR_REDIRECT] [Fatal Error] :1:1: Premature end of file.
2026-01-11 13:27:24,709 [ERROR] LogOutputStream:75 - [STDERR_REDIRECT] 
2026-01-11 13:27:25,708 [ERROR] LogOutputStream:75 - [STDERR_REDIRECT] [Fatal Error] :1:1: Premature end of file.
2026-01-11 13:27:25,708 [ERROR] LogOutputStream:75 - [STDERR_REDIRECT] 
2026-01-11 13:27:26,707 [ERROR] LogOutputStream:75 - [STDERR_REDIRECT] [Fatal Error] :1:1: Premature end of file.
2026-01-11 13:27:26,707 [ERROR] LogOutputStream:75 - [STDERR_REDIRECT] 
2026-01-11 13:27:27,706 [ERROR] LogOutputStream:75 - [STDERR_REDIRECT] [Fatal Error] :1:1: Premature end of file.
2026-01-11 13:27:27,707 [ERROR] LogOutputStream:75 - [STDERR_REDIRECT] 
2026-01-11 13:27:28,705 [ERROR] LogOutputStream:75 - [STDERR_REDIRECT] [Fatal Error] :1:1: Premature end of file.
2026-01-11 13:27:28,705 [ERROR] LogOutputStream:75 - [STDERR_REDIRECT] 
2026-01-11 13:27:29,708 [ERROR] LogOutputStream:75 - [STDERR_REDIRECT] [Fatal Error] :1:1: Premature end of file.
2026-01-11 13:27:29,708 [ERROR] LogOutputStream:75 - [STDERR_REDIRECT] 
2026-01-11 13:27:30,712 [ERROR] LogOutputStream:75 - [STDERR_REDIRECT] [Fatal Error] :1:1: Premature end of file.
2026-01-11 13:27:30,712 [ERROR] LogOutputStream:75 - [STDERR_REDIRECT] 
2026-01-11 13:27:31,714 [ERROR] LogOutputStream:75 - [STDERR_REDIRECT] [Fatal Error] :1:1: Premature end of file.
2026-01-11 13:27:31,714 [ERROR] LogOutputStream:75 - [STDERR_REDIRECT] 
2026-01-11 13:27:32,705 [ERROR] LogOutputStream:75 - [STDERR_REDIRECT] [Fatal Error] :1:1: Premature end of file.
2026-01-11 13:27:32,705 [ERROR] LogOutputStream:75 - [STDERR_REDIRECT] 
2026-01-11 13:27:33,709 [ERROR] LogOutputStream:75 - [STDERR_REDIRECT] [Fatal Error] :1:1: Premature end of file.
2026-01-11 13:27:33,709 [ERROR] LogOutputStream:75 - [STDERR_REDIRECT] 
2026-01-11 13:27:34,704 [ERROR] LogOutputStream:75 - [STDERR_REDIRECT] [Fatal Error] :1:1: Premature end of file.
2026-01-11 13:27:34,704 [ERROR] LogOutputStream:75 - [STDERR_REDIRECT] 
2026-01-11 13:27:35,712 [ERROR] LogOutputStream:75 - [STDERR_REDIRECT] [Fatal Error] :1:1: Premature end of file.
2026-01-11 13:27:35,712 [ERROR] LogOutputStream:75 - [STDERR_REDIRECT] 
2026-01-11 13:27:36,013 [INFO] MultiScanPanel:200 - Auto-refresh data requested => check proxy status ongoing
2026-01-11 13:27:36,112 [INFO] LoadUrlFilesThread:185 - End of LoadServerUrlFiles without Thread
2026-01-11 13:27:36,113 [INFO] DetailPanel:341 - Set advertising image to C:/Users/elena/STM32Cube/Repository/\en.prom-stm32mp21-0126.png
2026-01-11 13:27:36,124 [INFO] DbBoards:642 - Loading board mini-images...
2026-01-11 13:27:36,704 [ERROR] LogOutputStream:75 - [STDERR_REDIRECT] [Fatal Error] :1:1: Premature end of file.
2026-01-11 13:27:36,704 [ERROR] LogOutputStream:75 - [STDERR_REDIRECT] 
2026-01-11 13:27:37,546 [ERROR] DbBoards:659 - Image file not found for board STM32MP215F-DK: C:\Users\elena\.stmcufinder\plugins\mcufinder//mcu//boards_images/STM32MP215F-DK.jpg
2026-01-11 13:27:37,627 [INFO] DbBoards:665 - Loaded 211 board mini-images
2026-01-11 13:27:37,709 [ERROR] LogOutputStream:75 - [STDERR_REDIRECT] [Fatal Error] :1:1: Premature end of file.
2026-01-11 13:27:37,710 [ERROR] LogOutputStream:75 - [STDERR_REDIRECT] 
2026-01-11 13:27:38,716 [ERROR] LogOutputStream:75 - [STDERR_REDIRECT] [Fatal Error] :1:1: Premature end of file.
2026-01-11 13:27:38,716 [ERROR] LogOutputStream:75 - [STDERR_REDIRECT] 
2026-01-11 13:27:39,712 [ERROR] LogOutputStream:75 - [STDERR_REDIRECT] [Fatal Error] :1:1: Premature end of file.
2026-01-11 13:27:39,712 [ERROR] LogOutputStream:75 - [STDERR_REDIRECT] 
2026-01-11 13:27:40,720 [ERROR] LogOutputStream:75 - [STDERR_REDIRECT] [Fatal Error] :1:1: Premature end of file.
2026-01-11 13:27:40,720 [ERROR] LogOutputStream:75 - [STDERR_REDIRECT] 
2026-01-11 13:27:41,708 [ERROR] LogOutputStream:75 - [STDERR_REDIRECT] [Fatal Error] :1:1: Premature end of file.
2026-01-11 13:27:41,709 [ERROR] LogOutputStream:75 - [STDERR_REDIRECT] 
2026-01-11 13:27:42,711 [ERROR] LogOutputStream:75 - [STDERR_REDIRECT] [Fatal Error] :1:1: Premature end of file.
2026-01-11 13:27:42,711 [ERROR] LogOutputStream:75 - [STDERR_REDIRECT] 
2026-01-11 13:27:43,707 [ERROR] LogOutputStream:75 - [STDERR_REDIRECT] [Fatal Error] :1:1: Premature end of file.
2026-01-11 13:27:43,707 [ERROR] LogOutputStream:75 - [STDERR_REDIRECT] 
2026-01-11 13:27:44,707 [ERROR] LogOutputStream:75 - [STDERR_REDIRECT] [Fatal Error] :1:1: Premature end of file.
2026-01-11 13:27:44,707 [ERROR] LogOutputStream:75 - [STDERR_REDIRECT] 
2026-01-11 13:27:45,708 [ERROR] LogOutputStream:75 - [STDERR_REDIRECT] [Fatal Error] :1:1: Premature end of file.
2026-01-11 13:27:45,709 [ERROR] LogOutputStream:75 - [STDERR_REDIRECT] 
2026-01-11 13:27:46,708 [ERROR] LogOutputStream:75 - [STDERR_REDIRECT] [Fatal Error] :1:1: Premature end of file.
2026-01-11 13:27:46,708 [ERROR] LogOutputStream:75 - [STDERR_REDIRECT] 
2026-01-11 13:27:47,708 [ERROR] LogOutputStream:75 - [STDERR_REDIRECT] [Fatal Error] :1:1: Premature end of file.
2026-01-11 13:27:47,708 [ERROR] LogOutputStream:75 - [STDERR_REDIRECT] 
2026-01-11 13:27:48,705 [ERROR] LogOutputStream:75 - [STDERR_REDIRECT] [Fatal Error] :1:1: Premature end of file.
2026-01-11 13:27:48,705 [ERROR] LogOutputStream:75 - [STDERR_REDIRECT] 
2026-01-11 13:27:49,704 [ERROR] LogOutputStream:75 - [STDERR_REDIRECT] [Fatal Error] :1:1: Premature end of file.
2026-01-11 13:27:49,704 [ERROR] LogOutputStream:75 - [STDERR_REDIRECT] 
2026-01-11 13:27:50,706 [ERROR] LogOutputStream:75 - [STDERR_REDIRECT] [Fatal Error] :1:1: Premature end of file.
2026-01-11 13:27:50,706 [ERROR] LogOutputStream:75 - [STDERR_REDIRECT] 
2026-01-11 13:27:51,705 [ERROR] LogOutputStream:75 - [STDERR_REDIRECT] [Fatal Error] :1:1: Premature end of file.
2026-01-11 13:27:51,705 [ERROR] LogOutputStream:75 - [STDERR_REDIRECT] 
2026-01-11 13:27:52,711 [ERROR] LogOutputStream:75 - [STDERR_REDIRECT] [Fatal Error] :1:1: Premature end of file.
2026-01-11 13:27:52,711 [ERROR] LogOutputStream:75 - [STDERR_REDIRECT] 
2026-01-11 13:27:53,704 [ERROR] LogOutputStream:75 - [STDERR_REDIRECT] [Fatal Error] :1:1: Premature end of file.
2026-01-11 13:27:53,704 [ERROR] LogOutputStream:75 - [STDERR_REDIRECT] 
2026-01-11 13:27:54,704 [ERROR] LogOutputStream:75 - [STDERR_REDIRECT] [Fatal Error] :1:1: Premature end of file.
2026-01-11 13:27:54,704 [ERROR] LogOutputStream:75 - [STDERR_REDIRECT] 
2026-01-11 13:27:55,705 [ERROR] LogOutputStream:75 - [STDERR_REDIRECT] [Fatal Error] :1:1: Premature end of file.
2026-01-11 13:27:55,705 [ERROR] LogOutputStream:75 - [STDERR_REDIRECT] 
2026-01-11 13:27:56,704 [ERROR] LogOutputStream:75 - [STDERR_REDIRECT] [Fatal Error] :1:1: Premature end of file.
2026-01-11 13:27:56,704 [ERROR] LogOutputStream:75 - [STDERR_REDIRECT] 
2026-01-11 13:27:57,704 [ERROR] LogOutputStream:75 - [STDERR_REDIRECT] [Fatal Error] :1:1: Premature end of file.
2026-01-11 13:27:57,705 [ERROR] LogOutputStream:75 - [STDERR_REDIRECT] 
2026-01-11 13:27:58,702 [ERROR] LogOutputStream:75 - [STDERR_REDIRECT] [Fatal Error] :1:1: Premature end of file.
2026-01-11 13:27:58,702 [ERROR] LogOutputStream:75 - [STDERR_REDIRECT] 
2026-01-11 13:27:59,704 [ERROR] LogOutputStream:75 - [STDERR_REDIRECT] [Fatal Error] :1:1: Premature end of file.
2026-01-11 13:27:59,705 [ERROR] LogOutputStream:75 - [STDERR_REDIRECT] 
2026-01-11 13:28:00,706 [ERROR] LogOutputStream:75 - [STDERR_REDIRECT] [Fatal Error] :1:1: Premature end of file.
2026-01-11 13:28:00,706 [ERROR] LogOutputStream:75 - [STDERR_REDIRECT] 
2026-01-11 13:28:01,705 [ERROR] LogOutputStream:75 - [STDERR_REDIRECT] [Fatal Error] :1:1: Premature end of file.
2026-01-11 13:28:01,705 [ERROR] LogOutputStream:75 - [STDERR_REDIRECT] 
2026-01-11 13:28:02,703 [ERROR] LogOutputStream:75 - [STDERR_REDIRECT] [Fatal Error] :1:1: Premature end of file.
2026-01-11 13:28:02,703 [ERROR] LogOutputStream:75 - [STDERR_REDIRECT] 
2026-01-11 13:28:03,701 [ERROR] LogOutputStream:75 - [STDERR_REDIRECT] [Fatal Error] :1:1: Premature end of file.
2026-01-11 13:28:03,701 [ERROR] LogOutputStream:75 - [STDERR_REDIRECT] 
2026-01-11 13:28:04,703 [ERROR] LogOutputStream:75 - [STDERR_REDIRECT] [Fatal Error] :1:1: Premature end of file.
2026-01-11 13:28:04,703 [ERROR] LogOutputStream:75 - [STDERR_REDIRECT] 
2026-01-11 13:28:05,704 [ERROR] LogOutputStream:75 - [STDERR_REDIRECT] [Fatal Error] :1:1: Premature end of file.
2026-01-11 13:28:05,704 [ERROR] LogOutputStream:75 - [STDERR_REDIRECT] 
2026-01-11 13:28:06,704 [ERROR] LogOutputStream:75 - [STDERR_REDIRECT] [Fatal Error] :1:1: Premature end of file.
2026-01-11 13:28:06,704 [ERROR] LogOutputStream:75 - [STDERR_REDIRECT] 
2026-01-11 13:28:07,703 [ERROR] LogOutputStream:75 - [STDERR_REDIRECT] [Fatal Error] :1:1: Premature end of file.
2026-01-11 13:28:07,703 [ERROR] LogOutputStream:75 - [STDERR_REDIRECT] 
2026-01-11 13:28:08,704 [ERROR] LogOutputStream:75 - [STDERR_REDIRECT] [Fatal Error] :1:1: Premature end of file.
2026-01-11 13:28:08,704 [ERROR] LogOutputStream:75 - [STDERR_REDIRECT] 
2026-01-11 13:28:09,714 [ERROR] LogOutputStream:75 - [STDERR_REDIRECT] [Fatal Error] :1:1: Premature end of file.
2026-01-11 13:28:09,714 [ERROR] LogOutputStream:75 - [STDERR_REDIRECT] 
2026-01-11 13:28:10,711 [ERROR] LogOutputStream:75 - [STDERR_REDIRECT] [Fatal Error] :1:1: Premature end of file.
2026-01-11 13:28:10,711 [ERROR] LogOutputStream:75 - [STDERR_REDIRECT] 
2026-01-11 13:28:11,713 [ERROR] LogOutputStream:75 - [STDERR_REDIRECT] [Fatal Error] :1:1: Premature end of file.
2026-01-11 13:28:11,713 [ERROR] LogOutputStream:75 - [STDERR_REDIRECT] 
2026-01-11 13:28:12,707 [ERROR] LogOutputStream:75 - [STDERR_REDIRECT] [Fatal Error] :1:1: Premature end of file.
2026-01-11 13:28:12,707 [ERROR] LogOutputStream:75 - [STDERR_REDIRECT] 
2026-01-11 13:28:13,710 [ERROR] LogOutputStream:75 - [STDERR_REDIRECT] [Fatal Error] :1:1: Premature end of file.
2026-01-11 13:28:13,710 [ERROR] LogOutputStream:75 - [STDERR_REDIRECT] 
2026-01-11 13:28:14,701 [ERROR] LogOutputStream:75 - [STDERR_REDIRECT] [Fatal Error] :1:1: Premature end of file.
2026-01-11 13:28:14,702 [ERROR] LogOutputStream:75 - [STDERR_REDIRECT] 
2026-01-11 13:28:15,658 [INFO] MainUpdater:2872 - connection check result : 10
2026-01-11 13:28:15,658 [INFO] MainUpdater:2872 - connection check result : 10
2026-01-11 13:28:15,671 [INFO] MicroXplorer:468 - Change Database Path : 
2026-01-11 13:28:15,671 [INFO] MicroXplorer:498 - Change Database Version : DB.6.0.150
2026-01-11 13:28:15,675 [WARN] ThirdParty:871 - waiting for thirdparty lock release [close project]
2026-01-11 13:28:15,675 [INFO] ThirdParty:873 - entering critical section [close project]
2026-01-11 13:28:15,676 [INFO] ThirdParty:883 - exiting critical section [close project]
2026-01-11 13:28:15,677 [INFO] PinOutPanel:1589 - setPackage(No Configuration,No Configuration)
2026-01-11 13:28:15,678 [INFO] UtilMem:75 - Begin LoadConfig() Used Memory: 543383688 Bytes (816840704)
2026-01-11 13:28:15,678 [INFO] MicroXplorer:468 - Change Database Path : 
2026-01-11 13:28:15,678 [INFO] MicroXplorer:498 - Change Database Version : DB.6.0.150
2026-01-11 13:28:15,678 [INFO] OpenFileManager:355 - Change cursor
2026-01-11 13:28:15,713 [ERROR] LogOutputStream:75 - [STDERR_REDIRECT] [Fatal Error] :1:1: Premature end of file.
2026-01-11 13:28:15,713 [ERROR] LogOutputStream:75 - [STDERR_REDIRECT] 
2026-01-11 13:28:15,798 [INFO] Mcu:2029 - Initializing MCU STM32F446RETx STM32F446RETx STM32F446RET6
2026-01-11 13:28:16,704 [ERROR] LogOutputStream:75 - [STDERR_REDIRECT] [Fatal Error] :1:1: Premature end of file.
2026-01-11 13:28:16,704 [ERROR] LogOutputStream:75 - [STDERR_REDIRECT] 
2026-01-11 13:28:16,903 [INFO] Context:786 - Trying to add GPIOservice into a context  which must be forbidden
2026-01-11 13:28:17,227 [INFO] ImportTextPane:234 - (OptionalMessage_ERROR) Unable to find key (Mcu.ThirdPartyNb) in loaded IOC file
2026-01-11 13:28:17,227 [INFO] ImportTextPane:234 - (OptionalMessage_ERROR) Unable to find key (Mcu.PinsNb) in loaded IOC file
2026-01-11 13:28:17,228 [INFO] ImportTextPane:234 - (OptionalMessage_ERROR) Pin0 (VP_RIF_VS_RIF1) cannot be retrieved for this MCU
2026-01-11 13:28:17,228 [INFO] ImportTextPane:234 - (OptionalMessage_ERROR) Unable to find key (Mcu.IPNb) in loaded IOC file
2026-01-11 13:28:17,291 [INFO] RtosManager:558 - Registered RTOS mode: class=CMSIS, group=RTOS, mode=CMSIS_V1, owner=FREERTOS
2026-01-11 13:28:17,292 [INFO] RtosManager:558 - Registered RTOS mode: class=CMSIS, group=RTOS2, mode=CMSIS_V2, owner=FREERTOS
2026-01-11 13:28:17,292 [INFO] RtosManager:558 - Registered RTOS mode: class=RTOS, group=Core, mode=CMSIS_V1, owner=FREERTOS
2026-01-11 13:28:17,292 [INFO] RtosManager:558 - Registered RTOS mode: class=RTOS, group=Core, mode=CMSIS_V2, owner=FREERTOS
2026-01-11 13:28:17,292 [WARN] ModelIntegratedComponent:184 - Missing modes for component STMicroelectronics:FreeRTOS:0.0.1:STMicroelectronics:RTOS:FreeRTOS:Core:::10.2.0:
2026-01-11 13:28:17,298 [WARN] ModelIntegratedComponent:63 - No mode defined for component null
2026-01-11 13:28:17,298 [WARN] ModelIntegratedComponent:63 - No mode defined for component null
2026-01-11 13:28:17,298 [WARN] ModelIntegratedComponent:63 - No mode defined for component null
2026-01-11 13:28:17,298 [WARN] ModelIntegratedComponent:63 - No mode defined for component null
2026-01-11 13:28:17,298 [WARN] ModelIntegratedComponent:63 - No mode defined for component null
2026-01-11 13:28:17,298 [WARN] ModelIntegratedComponent:63 - No mode defined for component null
2026-01-11 13:28:17,298 [WARN] ModelIntegratedComponent:63 - No mode defined for component null
2026-01-11 13:28:17,298 [WARN] ModelIntegratedComponent:63 - No mode defined for component null
2026-01-11 13:28:17,298 [WARN] ModelIntegratedComponent:63 - No mode defined for component null
2026-01-11 13:28:17,298 [WARN] ModelIntegratedComponent:63 - No mode defined for component null
2026-01-11 13:28:17,298 [WARN] ModelIntegratedComponent:63 - No mode defined for component null
2026-01-11 13:28:17,298 [WARN] ModelIntegratedComponent:63 - No mode defined for component null
2026-01-11 13:28:17,298 [WARN] ModelIntegratedComponent:63 - No mode defined for component null
2026-01-11 13:28:17,298 [WARN] ModelIntegratedComponent:63 - No mode defined for component null
2026-01-11 13:28:17,298 [WARN] ModelIntegratedComponent:63 - No mode defined for component null
2026-01-11 13:28:17,298 [WARN] ModelIntegratedComponent:63 - No mode defined for component null
2026-01-11 13:28:17,298 [WARN] ModelIntegratedComponent:63 - No mode defined for component null
2026-01-11 13:28:17,298 [WARN] ModelIntegratedComponent:63 - No mode defined for component null
2026-01-11 13:28:17,298 [WARN] ModelIntegratedComponent:63 - No mode defined for component null
2026-01-11 13:28:17,298 [WARN] ModelIntegratedComponent:63 - No mode defined for component null
2026-01-11 13:28:17,298 [WARN] ModelIntegratedComponent:63 - No mode defined for component null
2026-01-11 13:28:17,298 [WARN] ModelIntegratedComponent:63 - No mode defined for component null
2026-01-11 13:28:17,298 [WARN] ModelIntegratedComponent:63 - No mode defined for component null
2026-01-11 13:28:17,298 [WARN] ModelIntegratedComponent:63 - No mode defined for component null
2026-01-11 13:28:17,298 [WARN] ModelIntegratedComponent:63 - No mode defined for component null
2026-01-11 13:28:17,298 [WARN] ModelIntegratedComponent:63 - No mode defined for component null
2026-01-11 13:28:17,298 [WARN] ModelIntegratedComponent:63 - No mode defined for component null
2026-01-11 13:28:17,298 [WARN] ModelIntegratedComponent:63 - No mode defined for component null
2026-01-11 13:28:17,298 [WARN] ModelIntegratedComponent:63 - No mode defined for component null
2026-01-11 13:28:17,298 [WARN] ModelIntegratedComponent:63 - No mode defined for component null
2026-01-11 13:28:17,299 [WARN] ModelIntegratedComponent:63 - No mode defined for component null
2026-01-11 13:28:17,299 [WARN] ModelIntegratedComponent:63 - No mode defined for component null
2026-01-11 13:28:17,299 [WARN] ModelIntegratedComponent:63 - No mode defined for component null
2026-01-11 13:28:17,299 [WARN] ModelIntegratedComponent:63 - No mode defined for component null
2026-01-11 13:28:17,299 [WARN] ModelIntegratedComponent:63 - No mode defined for component null
2026-01-11 13:28:17,299 [WARN] ModelPack:524 - Component already loaded: STMicroelectronics:HAL Drivers:0.0.0:STMicroelectronics:Device:STMicro_Driver:XSPI:HAL::0.0.1:HAL_XSPI
2026-01-11 13:28:17,434 [INFO] ThirdPartyModel:298 - Start build external matchings
2026-01-11 13:28:17,715 [ERROR] LogOutputStream:75 - [STDERR_REDIRECT] [Fatal Error] :1:1: Premature end of file.
2026-01-11 13:28:17,715 [ERROR] LogOutputStream:75 - [STDERR_REDIRECT] 
2026-01-11 13:28:18,006 [INFO] ThirdPartyModel:316 - End build external matchings
2026-01-11 13:28:18,250 [INFO] UtilMem:75 - End LoadConfig() Used Memory: 776265904 Bytes (916455424)
2026-01-11 13:28:18,278 [WARN] ThirdParty:833 - waiting for thirdparty lock release [change project]
2026-01-11 13:28:18,278 [INFO] ThirdParty:835 - entering critical section [change project]
2026-01-11 13:28:18,278 [INFO] ThirdParty:1030 - CMSIS Pack Vendor :STMicroelectronics X-CUBE-PM33A1 1.0.0
2026-01-11 13:28:18,278 [INFO] ThirdParty:1030 - CMSIS Pack Vendor :STMicroelectronics USBPD 4.1
2026-01-11 13:28:18,278 [INFO] ThirdParty:1030 - CMSIS Pack Vendor :STMicroelectronics USB_HOST 2.0.0
2026-01-11 13:28:18,278 [INFO] ThirdParty:1030 - CMSIS Pack Vendor :STMicroelectronics FP-SNS-MOTENVWB1 1.4.0
2026-01-11 13:28:18,278 [INFO] ThirdParty:1030 - CMSIS Pack Vendor :STMicroelectronics X-CUBE-AZRTOS-F4 1.1.0
2026-01-11 13:28:18,278 [INFO] ThirdParty:1030 - CMSIS Pack Vendor :STMicroelectronics LIBJPEG 8.0.0
2026-01-11 13:28:18,278 [INFO] ThirdParty:1030 - CMSIS Pack Vendor :STMicroelectronics FP-ATR-ASTRA1 2.0.2
2026-01-11 13:28:18,278 [INFO] ThirdParty:1030 - CMSIS Pack Vendor :STMicroelectronics X-CUBE-SMBUS 2.1.0
2026-01-11 13:28:18,278 [INFO] ThirdParty:1030 - CMSIS Pack Vendor :STMicroelectronics X-CUBE-ISPU 2.1.0
2026-01-11 13:28:18,278 [INFO] ThirdParty:1030 - CMSIS Pack Vendor :STMicroelectronics X-CUBE-IPS 3.2.0
2026-01-11 13:28:18,278 [INFO] ThirdParty:1030 - CMSIS Pack Vendor :STMicroelectronics X-CUBE-ST60 1.0.0
2026-01-11 13:28:18,278 [INFO] ThirdParty:1030 - CMSIS Pack Vendor :STMicroelectronics X-CUBE-NFC12 1.0.0
2026-01-11 13:28:18,278 [INFO] ThirdParty:1030 - CMSIS Pack Vendor :STMicroelectronics X-CUBE-AZRTOS-F7 1.1.0
2026-01-11 13:28:18,278 [INFO] ThirdParty:1030 - CMSIS Pack Vendor :STMicroelectronics X-CUBE-AZRTOS-L5 2.0.0
2026-01-11 13:28:18,278 [INFO] ThirdParty:1030 - CMSIS Pack Vendor :STMicroelectronics USB_DEVICE 2.0.0
2026-01-11 13:28:18,278 [INFO] ThirdParty:1030 - CMSIS Pack Vendor :STMicroelectronics X-CUBE-NFC6 3.1.0
2026-01-11 13:28:18,278 [INFO] ThirdParty:1030 - CMSIS Pack Vendor :STMicroelectronics FP-SNS-MOTENV1 5.1.0
2026-01-11 13:28:18,278 [INFO] ThirdParty:1030 - CMSIS Pack Vendor :STMicroelectronics FreeRTOS 0.0.1
2026-01-11 13:28:18,278 [INFO] ThirdParty:1030 - CMSIS Pack Vendor :Infineon AIROC-Wi-Fi-Bluetooth-STM32 1.7.0
2026-01-11 13:28:18,278 [INFO] ThirdParty:1030 - CMSIS Pack Vendor :STMicroelectronics PDM2PCM 3.3.0
2026-01-11 13:28:18,278 [INFO] ThirdParty:1030 - CMSIS Pack Vendor :STMicroelectronics X-CUBE-AZRTOS-H7 3.4.0
2026-01-11 13:28:18,278 [INFO] ThirdParty:1030 - CMSIS Pack Vendor :STMicroelectronics X-CUBE-DISPLAY 3.0.0
2026-01-11 13:28:18,279 [INFO] ThirdParty:1030 - CMSIS Pack Vendor :STMicroelectronics X-CUBE-NFC10 1.0.0
2026-01-11 13:28:18,279 [INFO] ThirdParty:1030 - CMSIS Pack Vendor :STMicroelectronics X-CUBE-BLEMGR 4.0.0
2026-01-11 13:28:18,279 [INFO] ThirdParty:1030 - CMSIS Pack Vendor :STMicroelectronics X-CUBE-FREERTOS 1.3.1
2026-01-11 13:28:18,279 [INFO] ThirdParty:1030 - CMSIS Pack Vendor :STMicroelectronics HAL Drivers 0.0.0
2026-01-11 13:28:18,279 [INFO] ThirdParty:1030 - CMSIS Pack Vendor :STMicroelectronics X-CUBE-ST60 1.1.0
2026-01-11 13:28:18,279 [INFO] ThirdParty:1030 - CMSIS Pack Vendor :emotas I-CUBE-CANOPEN 1.3.0
2026-01-11 13:28:18,279 [INFO] ThirdParty:1030 - CMSIS Pack Vendor :STMicroelectronics MBEDTLS 2.14.1
2026-01-11 13:28:18,279 [INFO] ThirdParty:1030 - CMSIS Pack Vendor :STMicroelectronics X-CUBE-GNSS1 7.1.0
2026-01-11 13:28:18,279 [INFO] ThirdParty:1030 - CMSIS Pack Vendor :STMicroelectronics X-CUBE-TOUCHGFX 4.26.0
2026-01-11 13:28:18,279 [INFO] ThirdParty:1030 - CMSIS Pack Vendor :quantropi X-CUBE-qispace-sdk-base 2.0.0
2026-01-11 13:28:18,279 [INFO] ThirdParty:1030 - CMSIS Pack Vendor :STMicroelectronics FP-SNS-STBOX1 2.1.0
2026-01-11 13:28:18,279 [INFO] ThirdParty:1030 - CMSIS Pack Vendor :STMicroelectronics FP-SNS-STAIOTCFT 1.0.0
2026-01-11 13:28:18,279 [INFO] ThirdParty:1030 - CMSIS Pack Vendor :STMicroelectronics FP-SNS-SMARTAG2 1.2.0
2026-01-11 13:28:18,279 [INFO] ThirdParty:1030 - CMSIS Pack Vendor :STMicroelectronics FP-SNS-FLIGHT1 5.1.0
2026-01-11 13:28:18,279 [INFO] ThirdParty:1030 - CMSIS Pack Vendor :STMicroelectronics X-CUBE-AZRTOS-WL 2.0.0
2026-01-11 13:28:18,279 [INFO] ThirdParty:1030 - CMSIS Pack Vendor :STMicroelectronics X-CUBE-DPower 1.3.0
2026-01-11 13:28:18,279 [INFO] ThirdParty:1030 - CMSIS Pack Vendor :STMicroelectronics FP-SNS-MOTENV1 5.0.0
2026-01-11 13:28:18,279 [INFO] ThirdParty:1030 - CMSIS Pack Vendor :STMicroelectronics USB_DEVICE 1.0.0
2026-01-11 13:28:18,279 [INFO] ThirdParty:1030 - CMSIS Pack Vendor :STMicroelectronics X-CUBE-AZRTOS-H7RS 1.2.0
2026-01-11 13:28:18,279 [INFO] ThirdParty:1030 - CMSIS Pack Vendor :STMicroelectronics X-CUBE-AZRTOS-L4 2.0.0
2026-01-11 13:28:18,279 [INFO] ThirdParty:1030 - CMSIS Pack Vendor :STMicroelectronics ThreadX 0.0.2
2026-01-11 13:28:18,279 [INFO] ThirdParty:1030 - CMSIS Pack Vendor :WES I-CUBE-Cesium 1.3.0
2026-01-11 13:28:18,279 [INFO] ThirdParty:1030 - CMSIS Pack Vendor :STMicroelectronics lwIP 2.1.2
2026-01-11 13:28:18,279 [INFO] ThirdParty:1030 - CMSIS Pack Vendor :STMicroelectronics X-CUBE-SFXS2LP1 4.0.0
2026-01-11 13:28:18,279 [INFO] ThirdParty:1030 - CMSIS Pack Vendor :STMicroelectronics X-CUBE-BLE2 3.3.0
2026-01-11 13:28:18,280 [INFO] ThirdParty:1030 - CMSIS Pack Vendor :STMicroelectronics PDM2PCM 3.2.0
2026-01-11 13:28:18,280 [INFO] ThirdParty:1030 - CMSIS Pack Vendor :STMicroelectronics X-CUBE-AZRTOS-H7 3.3.0
2026-01-11 13:28:18,280 [INFO] ThirdParty:1030 - CMSIS Pack Vendor :STMicroelectronics X-CUBE-NFC9 1.0.0
2026-01-11 13:28:18,280 [INFO] ThirdParty:1030 - CMSIS Pack Vendor :wolfSSL I-CUBE-wolfSSL 5.8.0
2026-01-11 13:28:18,280 [INFO] ThirdParty:1030 - CMSIS Pack Vendor :STMicroelectronics X-CUBE-BLE1 7.1.0
2026-01-11 13:28:18,280 [INFO] ThirdParty:1030 - CMSIS Pack Vendor :wolfSSL I-CUBE-wolfMQTT 1.19.2
2026-01-11 13:28:18,280 [INFO] ThirdParty:1030 - CMSIS Pack Vendor :STMicroelectronics USB_DEVICE 3.0.0
2026-01-11 13:28:18,280 [INFO] ThirdParty:1030 - CMSIS Pack Vendor :STMicroelectronics X-CUBE-FREERTOS 1.4.0
2026-01-11 13:28:18,280 [INFO] ThirdParty:1030 - CMSIS Pack Vendor :STMicroelectronics X-CUBE-EEPRMA1 5.2.0
2026-01-11 13:28:18,280 [INFO] ThirdParty:1030 - CMSIS Pack Vendor :STMicroelectronics X-CUBE-BLEMGR 4.1.0
2026-01-11 13:28:18,280 [INFO] ThirdParty:1030 - CMSIS Pack Vendor :STMicroelectronics X-CUBE-AZRTOS-WB 2.0.0
2026-01-11 13:28:18,280 [INFO] ThirdParty:1030 - CMSIS Pack Vendor :STMicroelectronics X-CUBE-GNSS1 7.0.1
2026-01-11 13:28:18,280 [INFO] ThirdParty:1030 - CMSIS Pack Vendor :STMicroelectronics X-CUBE-TOUCHGFX 4.25.0
2026-01-11 13:28:18,280 [INFO] ThirdParty:1030 - CMSIS Pack Vendor :STMicroelectronics X-CUBE-ST67W61 1.1.0
2026-01-11 13:28:18,280 [INFO] ThirdParty:1030 - CMSIS Pack Vendor :STMicroelectronics X-CUBE-AI 10.1.0
2026-01-11 13:28:18,280 [INFO] ThirdParty:1030 - CMSIS Pack Vendor :STMicroelectronics FP-SNS-STBOX1 2.0.0
2026-01-11 13:28:18,280 [INFO] ThirdParty:1030 - CMSIS Pack Vendor :STMicroelectronics X-CUBE-MEMS1 12.0.0
2026-01-11 13:28:18,280 [INFO] ThirdParty:1030 - CMSIS Pack Vendor :STMicroelectronics X-CUBE-AZRTOS-G0 1.1.0
2026-01-11 13:28:18,280 [INFO] ThirdParty:1030 - CMSIS Pack Vendor :STMicroelectronics X-CUBE-SAFEA1 1.2.2
2026-01-11 13:28:18,280 [INFO] ThirdParty:1030 - CMSIS Pack Vendor :STMicroelectronics X-CUBE-NFC4 3.0.0
2026-01-11 13:28:18,280 [INFO] ThirdParty:1030 - CMSIS Pack Vendor :STMicroelectronics X-CUBE-SUBG2 5.0.0
2026-01-11 13:28:18,280 [INFO] ThirdParty:1030 - CMSIS Pack Vendor :STMicroelectronics X-CUBE-AZRTOS-H7RS 1.1.0
2026-01-11 13:28:18,280 [INFO] ThirdParty:1030 - CMSIS Pack Vendor :STMicroelectronics STM32_WPAN 1.0.0
2026-01-11 13:28:18,280 [INFO] ThirdParty:1030 - CMSIS Pack Vendor :EmbeddedOffice I-CUBE-FS-RTOS 1.0.1
2026-01-11 13:28:18,280 [INFO] ThirdParty:1030 - CMSIS Pack Vendor :STMicroelectronics lwIP 2.0.3
2026-01-11 13:28:18,280 [INFO] ThirdParty:1030 - CMSIS Pack Vendor :Cesanta I-CUBE-Mongoose 7.13.0
2026-01-11 13:28:18,280 [INFO] ThirdParty:1030 - CMSIS Pack Vendor :STMicroelectronics USB_HOST 1.0.0
2026-01-11 13:28:18,281 [INFO] ThirdParty:1030 - CMSIS Pack Vendor :STMicroelectronics X-CUBE-AZRTOS-G4 2.0.0
2026-01-11 13:28:18,281 [INFO] ThirdParty:1030 - CMSIS Pack Vendor :STMicroelectronics X-CUBE-WB05N 2.0.0
2026-01-11 13:28:18,281 [INFO] ThirdParty:1030 - CMSIS Pack Vendor :STMicroelectronics PDM2PCM 3.1.0
2026-01-11 13:28:18,281 [INFO] ThirdParty:1030 - CMSIS Pack Vendor :wolfSSL I-CUBE-wolfTPM 3.8.0
2026-01-11 13:28:18,281 [INFO] ThirdParty:1030 - CMSIS Pack Vendor :wolfSSL I-CUBE-wolfSSH 1.4.20
2026-01-11 13:28:18,281 [INFO] ThirdParty:1030 - CMSIS Pack Vendor :STMicroelectronics X-CUBE-NFC7 2.0.0
2026-01-11 13:28:18,281 [INFO] ThirdParty:1030 - CMSIS Pack Vendor :STMicroelectronics X-CUBE-TCPP 4.2.0
2026-01-11 13:28:18,281 [INFO] ThirdParty:1030 - CMSIS Pack Vendor :RealThread X-CUBE-RT-Thread_Nano 4.1.1
2026-01-11 13:28:18,281 [INFO] ThirdParty:1030 - CMSIS Pack Vendor :STMicroelectronics FP-ATR-SIGFOX1 3.2.0
2026-01-11 13:28:18,281 [INFO] ThirdParty:1030 - CMSIS Pack Vendor :STMicroelectronics X-CUBE-EEPRMA1 5.1.0
2026-01-11 13:28:18,281 [INFO] ThirdParty:1030 - CMSIS Pack Vendor :STMicroelectronics MBEDTLS 2.16.2
2026-01-11 13:28:18,281 [INFO] ThirdParty:1030 - CMSIS Pack Vendor :STMicroelectronics X-CUBE-IPS 3.1.0
2026-01-11 13:28:18,281 [INFO] ThirdParty:1030 - CMSIS Pack Vendor :STMicroelectronics X-CUBE-ALS 1.0.2
2026-01-11 13:28:18,281 [INFO] ThirdParty:1030 - CMSIS Pack Vendor :ITTIA_DB I-CUBE-ITTIADB 8.9.0
2026-01-11 13:28:18,281 [INFO] ThirdParty:1030 - CMSIS Pack Vendor :STMicroelectronics X-CUBE-STSE01 1.0.0
2026-01-11 13:28:18,281 [INFO] ThirdParty:1030 - CMSIS Pack Vendor :portGmbH I-Cube-SoM-uGOAL 1.1.0
2026-01-11 13:28:18,281 [INFO] ThirdParty:1030 - CMSIS Pack Vendor :STMicroelectronics X-CUBE-ST67W61 1.0.0
2026-01-11 13:28:18,281 [INFO] ThirdParty:1030 - CMSIS Pack Vendor :STMicroelectronics X-CUBE-AI 10.2.0
2026-01-11 13:28:18,281 [INFO] ThirdParty:1030 - CMSIS Pack Vendor :STMicroelectronics ThreadX 1.0.0
2026-01-11 13:28:18,281 [INFO] ThirdParty:1030 - CMSIS Pack Vendor :SEGGER I-CUBE-embOS 1.3.1
2026-01-11 13:28:18,281 [INFO] ThirdParty:1030 - CMSIS Pack Vendor :STMicroelectronics X-CUBE-ALGOBUILD 1.4.0
2026-01-11 13:28:18,281 [INFO] ThirdParty:1030 - CMSIS Pack Vendor :STMicroelectronics X-CUBE-MEMS1 11.3.0
2026-01-11 13:28:18,281 [INFO] ThirdParty:1030 - CMSIS Pack Vendor :STMicroelectronics X-CUBE-TOF1 3.4.3
2026-01-11 13:28:18,281 [INFO] ThirdParty:841 - exiting critical section [change project]
2026-01-11 13:28:18,596 [INFO] PinOutPanel:1589 - setPackage(No Configuration,No Configuration)
2026-01-11 13:28:18,597 [INFO] PinOutPanel:1589 - setPackage(STM32F446RETx,LQFP64)
2026-01-11 13:28:18,714 [ERROR] LogOutputStream:75 - [STDERR_REDIRECT] [Fatal Error] :1:1: Premature end of file.
2026-01-11 13:28:18,715 [ERROR] LogOutputStream:75 - [STDERR_REDIRECT] 
2026-01-11 13:28:19,060 [INFO] UtilMem:75 - Before build in PCC Used Memory: 682745928 Bytes (916455424)
2026-01-11 13:28:19,709 [ERROR] LogOutputStream:75 - [STDERR_REDIRECT] [Fatal Error] :1:1: Premature end of file.
2026-01-11 13:28:19,709 [ERROR] LogOutputStream:75 - [STDERR_REDIRECT] 
2026-01-11 13:28:19,788 [INFO] UtilMem:75 - After build in PCC Used Memory: 756850536 Bytes (916455424)
2026-01-11 13:28:19,815 [INFO] IPUIPlugin:80 - create IPUIPlugin
2026-01-11 13:28:19,815 [INFO] IPUIPlugin:80 - create IPUIPlugin
2026-01-11 13:28:19,815 [INFO] IPUIPlugin:80 - create IPUIPlugin
2026-01-11 13:28:19,816 [INFO] IPUIPlugin:80 - create IPUIPlugin
2026-01-11 13:28:19,816 [INFO] IPUIPlugin:80 - create IPUIPlugin
2026-01-11 13:28:19,816 [INFO] IPUIPlugin:80 - create IPUIPlugin
2026-01-11 13:28:19,816 [INFO] IPUIPlugin:80 - create IPUIPlugin
2026-01-11 13:28:19,816 [INFO] IPUIPlugin:80 - create IPUIPlugin
2026-01-11 13:28:19,816 [INFO] IPUIPlugin:80 - create IPUIPlugin
2026-01-11 13:28:19,816 [INFO] IPUIPlugin:80 - create IPUIPlugin
2026-01-11 13:28:19,816 [INFO] IPUIPlugin:80 - create IPUIPlugin
2026-01-11 13:28:19,816 [INFO] IPUIPlugin:80 - create IPUIPlugin
2026-01-11 13:28:19,816 [INFO] IPUIPlugin:80 - create IPUIPlugin
2026-01-11 13:28:19,817 [INFO] IPUIPlugin:80 - create IPUIPlugin
2026-01-11 13:28:19,817 [INFO] IPUIPlugin:80 - create IPUIPlugin
2026-01-11 13:28:19,817 [INFO] IPUIPlugin:80 - create IPUIPlugin
2026-01-11 13:28:19,817 [INFO] IPUIPlugin:80 - create IPUIPlugin
2026-01-11 13:28:19,817 [INFO] IPUIPlugin:80 - create IPUIPlugin
2026-01-11 13:28:19,817 [INFO] IPUIPlugin:80 - create IPUIPlugin
2026-01-11 13:28:19,817 [INFO] IPUIPlugin:80 - create IPUIPlugin
2026-01-11 13:28:19,818 [INFO] IPUIPlugin:80 - create IPUIPlugin
2026-01-11 13:28:19,818 [INFO] IPUIPlugin:80 - create IPUIPlugin
2026-01-11 13:28:19,818 [INFO] IPUIPlugin:80 - create IPUIPlugin
2026-01-11 13:28:19,819 [INFO] IPUIPlugin:80 - create IPUIPlugin
2026-01-11 13:28:19,819 [INFO] IPUIPlugin:80 - create IPUIPlugin
2026-01-11 13:28:19,819 [INFO] IPUIPlugin:80 - create IPUIPlugin
2026-01-11 13:28:19,819 [INFO] IPUIPlugin:80 - create IPUIPlugin
2026-01-11 13:28:19,819 [INFO] IPUIPlugin:80 - create IPUIPlugin
2026-01-11 13:28:19,819 [INFO] IPUIPlugin:80 - create IPUIPlugin
2026-01-11 13:28:19,819 [INFO] IPUIPlugin:80 - create IPUIPlugin
2026-01-11 13:28:19,820 [INFO] IPUIPlugin:80 - create IPUIPlugin
2026-01-11 13:28:19,820 [INFO] IPUIPlugin:80 - create IPUIPlugin
2026-01-11 13:28:19,820 [INFO] IPUIPlugin:80 - create IPUIPlugin
2026-01-11 13:28:19,820 [INFO] IPUIPlugin:80 - create IPUIPlugin
2026-01-11 13:28:19,820 [INFO] IPUIPlugin:80 - create IPUIPlugin
2026-01-11 13:28:19,821 [INFO] IPUIPlugin:80 - create IPUIPlugin
2026-01-11 13:28:19,821 [INFO] IPUIPlugin:80 - create IPUIPlugin
2026-01-11 13:28:19,821 [INFO] IPUIPlugin:80 - create IPUIPlugin
2026-01-11 13:28:19,821 [INFO] IPUIPlugin:80 - create IPUIPlugin
2026-01-11 13:28:19,821 [INFO] IPUIPlugin:80 - create IPUIPlugin
2026-01-11 13:28:19,821 [INFO] IPUIPlugin:80 - create IPUIPlugin
2026-01-11 13:28:19,821 [INFO] IPUIPlugin:80 - create IPUIPlugin
2026-01-11 13:28:19,822 [INFO] IPUIPlugin:80 - create IPUIPlugin
2026-01-11 13:28:19,822 [INFO] IPUIPlugin:80 - create IPUIPlugin
2026-01-11 13:28:19,822 [INFO] IPUIPlugin:80 - create IPUIPlugin
2026-01-11 13:28:19,822 [INFO] IPUIPlugin:80 - create IPUIPlugin
2026-01-11 13:28:19,822 [INFO] IPUIPlugin:80 - create IPUIPlugin
2026-01-11 13:28:19,822 [INFO] IPUIPlugin:80 - create IPUIPlugin
2026-01-11 13:28:19,822 [INFO] IPUIPlugin:80 - create IPUIPlugin
2026-01-11 13:28:19,822 [INFO] IPUIPlugin:80 - create IPUIPlugin
2026-01-11 13:28:19,824 [INFO] IPUIPlugin:80 - create IPUIPlugin
2026-01-11 13:28:19,824 [INFO] IPUIPlugin:80 - create IPUIPlugin
2026-01-11 13:28:19,824 [INFO] IPUIPlugin:80 - create IPUIPlugin
2026-01-11 13:28:19,824 [INFO] IPUIPlugin:80 - create IPUIPlugin
2026-01-11 13:28:19,824 [INFO] IPUIPlugin:80 - create IPUIPlugin
2026-01-11 13:28:19,825 [INFO] IPUIPlugin:80 - create IPUIPlugin
2026-01-11 13:28:19,825 [INFO] IPUIPlugin:80 - create IPUIPlugin
2026-01-11 13:28:19,825 [INFO] IPUIPlugin:80 - create IPUIPlugin
2026-01-11 13:28:19,826 [INFO] IPUIPlugin:80 - create IPUIPlugin
2026-01-11 13:28:19,826 [INFO] IPUIPlugin:80 - create IPUIPlugin
2026-01-11 13:28:19,942 [INFO] ApiDbMcu:532 - Load IP Config File for PDM2PCM
2026-01-11 13:28:20,083 [INFO] CADModel:165 - CPN selected for project levelSTM32F446RET6
2026-01-11 13:28:20,084 [INFO] CADModel:114 - Register for checkConnection events
2026-01-11 13:28:20,124 [INFO] OpenFileManager:386 - Restore cursor
2026-01-11 13:28:20,710 [ERROR] LogOutputStream:75 - [STDERR_REDIRECT] [Fatal Error] :1:1: Premature end of file.
2026-01-11 13:28:20,710 [ERROR] LogOutputStream:75 - [STDERR_REDIRECT] 
2026-01-11 13:28:20,915 [INFO] UtilMem:75 - End SaveConfig() Used Memory: 592244704 Bytes (916455424)
2026-01-11 13:28:20,965 [INFO] UtilMem:75 - End SaveConfig() Used Memory: 615290992 Bytes (916455424)
2026-01-11 13:28:21,257 [INFO] BlockDiagram:2775 - set Specific Code input for plugin: RCC
2026-01-11 13:28:21,257 [INFO] BlockDiagram:2775 - set Specific Code input for plugin: NVIC
2026-01-11 13:28:21,259 [INFO] CodeGenerator:892 - code generatio: config db path: C:\ST\STM32CubeIDE_1.18.1\STM32CubeIDE\plugins\com.st.stm32cube.common.mx_6.15.0.202507011659\\db\
2026-01-11 13:28:21,370 [INFO] CodeEngine:265 - oldGeneratedFile, C:\Users\elena\OneDrive\Documents\PCB\SmallFlight1\design_documents\smallFlight1Pinout\MXTmpFiles\license.tmp_save
2026-01-11 13:28:21,631 [INFO] CodeEngine:289 - Generated code: C:\Users\elena\OneDrive\Documents\PCB\SmallFlight1\design_documents\smallFlight1Pinout\MXTmpFiles\license.tmp
2026-01-11 13:28:21,653 [INFO] CodeEngine:265 - oldGeneratedFile, C:\Users\elena\OneDrive\Documents\PCB\SmallFlight1\design_documents\smallFlight1Pinout\Core\Src\stm32f4xx_it.c_save
2026-01-11 13:28:21,711 [ERROR] LogOutputStream:75 - [STDERR_REDIRECT] [Fatal Error] :1:1: Premature end of file.
2026-01-11 13:28:21,711 [ERROR] LogOutputStream:75 - [STDERR_REDIRECT] 
2026-01-11 13:28:21,769 [INFO] CodeEngine:289 - Generated code: C:\Users\elena\OneDrive\Documents\PCB\SmallFlight1\design_documents\smallFlight1Pinout\Core\Src\stm32f4xx_it.c
2026-01-11 13:28:21,775 [INFO] CodeEngine:265 - oldGeneratedFile, C:\Users\elena\OneDrive\Documents\PCB\SmallFlight1\design_documents\smallFlight1Pinout\Core\Inc\stm32f4xx_it.h_save
2026-01-11 13:28:21,840 [INFO] CodeEngine:289 - Generated code: C:\Users\elena\OneDrive\Documents\PCB\SmallFlight1\design_documents\smallFlight1Pinout\Core\Inc\stm32f4xx_it.h
2026-01-11 13:28:21,898 [INFO] CodeEngine:265 - oldGeneratedFile, C:\Users\elena\OneDrive\Documents\PCB\SmallFlight1\design_documents\smallFlight1Pinout\Core\Src\stm32f4xx_hal_msp.c_save
2026-01-11 13:28:22,003 [INFO] CodeEngine:289 - Generated code: C:\Users\elena\OneDrive\Documents\PCB\SmallFlight1\design_documents\smallFlight1Pinout\Core\Src\stm32f4xx_hal_msp.c
2026-01-11 13:28:22,009 [INFO] CodeEngine:265 - oldGeneratedFile, C:\Users\elena\OneDrive\Documents\PCB\SmallFlight1\design_documents\smallFlight1Pinout\MXTmpFiles\system.tmp_save
2026-01-11 13:28:22,061 [INFO] CodeEngine:289 - Generated code: C:\Users\elena\OneDrive\Documents\PCB\SmallFlight1\design_documents\smallFlight1Pinout\MXTmpFiles\system.tmp
2026-01-11 13:28:22,075 [INFO] CodeEngine:321 - oldGeneratedFile, C:\Users\elena\OneDrive\Documents\PCB\SmallFlight1\design_documents\smallFlight1Pinout\Core\Inc\stm32f4xx_hal_conf.h_save
2026-01-11 13:28:22,132 [INFO] CodeEngine:345 - Generated code: C:\Users\elena\OneDrive\Documents\PCB\SmallFlight1\design_documents\smallFlight1Pinout\Core\Inc\stm32f4xx_hal_conf.h
2026-01-11 13:28:22,160 [WARN] IPConfigManager:3238 - Warning: the RefConfig PLL2P_FOR_MCO is not available in your config.xml file
2026-01-11 13:28:22,167 [INFO] ApiDbMcu:532 - Load IP Config File for RCC
2026-01-11 13:28:22,178 [INFO] CodeEngine:265 - oldGeneratedFile, C:\Users\elena\OneDrive\Documents\PCB\SmallFlight1\design_documents\smallFlight1Pinout\Core\Inc\main.h_save
2026-01-11 13:28:22,244 [INFO] CodeEngine:289 - Generated code: C:\Users\elena\OneDrive\Documents\PCB\SmallFlight1\design_documents\smallFlight1Pinout\Core\Inc\main.h
2026-01-11 13:28:22,250 [INFO] CodeEngine:265 - oldGeneratedFile, C:\Users\elena\OneDrive\Documents\PCB\SmallFlight1\design_documents\smallFlight1Pinout\Core\Src\main.c_save
2026-01-11 13:28:22,399 [INFO] CodeEngine:289 - Generated code: C:\Users\elena\OneDrive\Documents\PCB\SmallFlight1\design_documents\smallFlight1Pinout\Core\Src\main.c
2026-01-11 13:28:22,709 [ERROR] LogOutputStream:75 - [STDERR_REDIRECT] [Fatal Error] :1:1: Premature end of file.
2026-01-11 13:28:22,709 [ERROR] LogOutputStream:75 - [STDERR_REDIRECT] 
2026-01-11 13:28:22,713 [INFO] ProjectBuilder:3606 - Time for Copy HAL[1] : 156mS.
2026-01-11 13:28:22,720 [INFO] ProjectBuilder:5216 - Project Generator version: 4.7.0-B52
2026-01-11 13:28:22,783 [INFO] ConfigFileManager:1595 - The Die is : DIE421
2026-01-11 13:28:22,792 [INFO] ApiDbMcu:532 - Load IP Config File for FATFS
2026-01-11 13:28:22,796 [INFO] ApiDbMcu:532 - Load IP Config File for FREERTOS
2026-01-11 13:28:22,799 [INFO] ApiDbMcu:532 - Load IP Config File for LIBJPEG
2026-01-11 13:28:22,804 [INFO] ApiDbMcu:532 - Load IP Config File for MBEDTLS
2026-01-11 13:28:22,809 [INFO] ApiDbMcu:532 - Load IP Config File for USB_DEVICE
2026-01-11 13:28:22,813 [INFO] ApiDbMcu:532 - Load IP Config File for USB_HOST
2026-01-11 13:28:23,055 [INFO] LogOutputStream:77 - [STDOUT_REDIRECT] 
2026-01-11 13:28:23,724 [ERROR] LogOutputStream:75 - [STDERR_REDIRECT] [Fatal Error] :1:1: Premature end of file.
2026-01-11 13:28:23,725 [ERROR] LogOutputStream:75 - [STDERR_REDIRECT] 
2026-01-11 13:28:24,713 [ERROR] LogOutputStream:75 - [STDERR_REDIRECT] [Fatal Error] :1:1: Premature end of file.
2026-01-11 13:28:24,713 [ERROR] LogOutputStream:75 - [STDERR_REDIRECT] 
2026-01-11 13:28:25,306 [INFO] ProjectBuilder:5496 - Time for Generating toolchain IDE Files: 2586mS.
2026-01-11 13:28:25,307 [INFO] ProjectBuilder:3463 - Time for Copy CMSIS : 0mS.
2026-01-11 13:28:25,310 [INFO] ProjectBuilder:3463 - Time for Copy CMSIS : 0mS.
2026-01-11 13:28:25,798 [INFO] McuFinderGlobals:76 - Set McuFinderConnectedMode to true
2026-01-11 13:28:25,803 [INFO] ApiDb:448 - Save user favorites file C:\Users\elena/.stm32cubeide/favorites.mcus.txt: 0 item(s)
2026-01-11 13:28:25,803 [INFO] ApiDb:452 - User favorites MCUs=[]
2026-01-11 13:28:25,806 [INFO] ApiDb:448 - Save user favorites file C:\Users\elena/.stm32cubeide/favorites.boards.txt: 0 item(s)
2026-01-11 13:28:25,806 [INFO] ApiDb:452 - User favorites Boards=[]
2026-01-11 13:28:25,916 [ERROR] LogOutputStream:75 - [STDERR_REDIRECT] [Fatal Error] :1:1: Premature end of file.
2026-01-11 13:28:25,917 [ERROR] LogOutputStream:75 - [STDERR_REDIRECT] 
2026-01-11 13:28:26,715 [ERROR] LogOutputStream:75 - [STDERR_REDIRECT] [Fatal Error] :1:1: Premature end of file.
2026-01-11 13:28:26,715 [ERROR] LogOutputStream:75 - [STDERR_REDIRECT] 
2026-01-11 13:28:27,711 [ERROR] LogOutputStream:75 - [STDERR_REDIRECT] [Fatal Error] :1:1: Premature end of file.
2026-01-11 13:28:27,711 [ERROR] LogOutputStream:75 - [STDERR_REDIRECT] 
2026-01-11 13:28:28,713 [ERROR] LogOutputStream:75 - [STDERR_REDIRECT] [Fatal Error] :1:1: Premature end of file.
2026-01-11 13:28:28,713 [ERROR] LogOutputStream:75 - [STDERR_REDIRECT] 
2026-01-11 13:28:29,719 [ERROR] LogOutputStream:75 - [STDERR_REDIRECT] [Fatal Error] :1:1: Premature end of file.
2026-01-11 13:28:29,719 [ERROR] LogOutputStream:75 - [STDERR_REDIRECT] 
2026-01-11 13:28:30,702 [ERROR] LogOutputStream:75 - [STDERR_REDIRECT] [Fatal Error] :1:1: Premature end of file.
2026-01-11 13:28:30,702 [ERROR] LogOutputStream:75 - [STDERR_REDIRECT] 
2026-01-11 13:28:31,702 [ERROR] LogOutputStream:75 - [STDERR_REDIRECT] [Fatal Error] :1:1: Premature end of file.
2026-01-11 13:28:31,702 [ERROR] LogOutputStream:75 - [STDERR_REDIRECT] 
2026-01-11 13:28:32,702 [ERROR] LogOutputStream:75 - [STDERR_REDIRECT] [Fatal Error] :1:1: Premature end of file.
2026-01-11 13:28:32,703 [ERROR] LogOutputStream:75 - [STDERR_REDIRECT] 
2026-01-11 13:28:33,702 [ERROR] LogOutputStream:75 - [STDERR_REDIRECT] [Fatal Error] :1:1: Premature end of file.
2026-01-11 13:28:33,702 [ERROR] LogOutputStream:75 - [STDERR_REDIRECT] 
2026-01-11 13:28:34,704 [ERROR] LogOutputStream:75 - [STDERR_REDIRECT] [Fatal Error] :1:1: Premature end of file.
2026-01-11 13:28:34,704 [ERROR] LogOutputStream:75 - [STDERR_REDIRECT] 
2026-01-11 13:28:35,702 [ERROR] LogOutputStream:75 - [STDERR_REDIRECT] [Fatal Error] :1:1: Premature end of file.
2026-01-11 13:28:35,702 [ERROR] LogOutputStream:75 - [STDERR_REDIRECT] 
2026-01-11 13:28:36,704 [ERROR] LogOutputStream:75 - [STDERR_REDIRECT] [Fatal Error] :1:1: Premature end of file.
2026-01-11 13:28:36,705 [ERROR] LogOutputStream:75 - [STDERR_REDIRECT] 
2026-01-11 13:28:37,702 [ERROR] LogOutputStream:75 - [STDERR_REDIRECT] [Fatal Error] :1:1: Premature end of file.
2026-01-11 13:28:37,702 [ERROR] LogOutputStream:75 - [STDERR_REDIRECT] 
2026-01-11 13:28:38,704 [ERROR] LogOutputStream:75 - [STDERR_REDIRECT] [Fatal Error] :1:1: Premature end of file.
2026-01-11 13:28:38,704 [ERROR] LogOutputStream:75 - [STDERR_REDIRECT] 
2026-01-11 13:28:39,706 [ERROR] LogOutputStream:75 - [STDERR_REDIRECT] [Fatal Error] :1:1: Premature end of file.
2026-01-11 13:28:39,706 [ERROR] LogOutputStream:75 - [STDERR_REDIRECT] 
2026-01-11 13:28:40,702 [ERROR] LogOutputStream:75 - [STDERR_REDIRECT] [Fatal Error] :1:1: Premature end of file.
2026-01-11 13:28:40,703 [ERROR] LogOutputStream:75 - [STDERR_REDIRECT] 
2026-01-11 13:28:40,731 [INFO] UtilMem:75 - End SaveConfig() Used Memory: 894840000 Bytes (993001472)
2026-01-11 13:28:41,706 [ERROR] LogOutputStream:75 - [STDERR_REDIRECT] [Fatal Error] :1:1: Premature end of file.
2026-01-11 13:28:41,706 [ERROR] LogOutputStream:75 - [STDERR_REDIRECT] 
2026-01-11 13:28:41,881 [INFO] UtilMem:75 - End SaveConfig() Used Memory: 952511680 Bytes (993001472)
2026-01-11 13:28:42,712 [ERROR] LogOutputStream:75 - [STDERR_REDIRECT] [Fatal Error] :1:1: Premature end of file.
2026-01-11 13:28:42,712 [ERROR] LogOutputStream:75 - [STDERR_REDIRECT] 
2026-01-11 13:28:43,692 [INFO] UtilMem:75 - End SaveConfig() Used Memory: 632729448 Bytes (993001472)
2026-01-11 13:28:43,718 [ERROR] LogOutputStream:75 - [STDERR_REDIRECT] [Fatal Error] :1:1: Premature end of file.
2026-01-11 13:28:43,719 [ERROR] LogOutputStream:75 - [STDERR_REDIRECT] 
2026-01-11 13:28:43,843 [INFO] BlockDiagram:2775 - set Specific Code input for plugin: SYS
2026-01-11 13:28:43,843 [INFO] BlockDiagram:2775 - set Specific Code input for plugin: RCC
2026-01-11 13:28:43,843 [INFO] BlockDiagram:2775 - set Specific Code input for plugin: NVIC
2026-01-11 13:28:43,843 [INFO] BlockDiagram:2775 - set Specific Code input for plugin: GPIO
2026-01-11 13:28:43,845 [INFO] CodeGenerator:892 - code generatio: config db path: C:\ST\STM32CubeIDE_1.18.1\STM32CubeIDE\plugins\com.st.stm32cube.common.mx_6.15.0.202507011659\\db\
2026-01-11 13:28:43,904 [INFO] CodeEngine:265 - oldGeneratedFile, C:\Users\elena\OneDrive\Documents\PCB\SmallFlight1\design_documents\smallFlight1Pinout\MXTmpFiles\license.tmp_save
2026-01-11 13:28:43,956 [INFO] CodeEngine:289 - Generated code: C:\Users\elena\OneDrive\Documents\PCB\SmallFlight1\design_documents\smallFlight1Pinout\MXTmpFiles\license.tmp
2026-01-11 13:28:43,974 [INFO] CodeEngine:265 - oldGeneratedFile, C:\Users\elena\OneDrive\Documents\PCB\SmallFlight1\design_documents\smallFlight1Pinout\MXTmpFiles\gpio.tmp_save
2026-01-11 13:28:44,027 [INFO] CodeEngine:289 - Generated code: C:\Users\elena\OneDrive\Documents\PCB\SmallFlight1\design_documents\smallFlight1Pinout\MXTmpFiles\gpio.tmp
2026-01-11 13:28:44,044 [INFO] CodeEngine:265 - oldGeneratedFile, C:\Users\elena\OneDrive\Documents\PCB\SmallFlight1\design_documents\smallFlight1Pinout\Core\Src\stm32f4xx_it.c_save
2026-01-11 13:28:44,096 [INFO] CodeEngine:289 - Generated code: C:\Users\elena\OneDrive\Documents\PCB\SmallFlight1\design_documents\smallFlight1Pinout\Core\Src\stm32f4xx_it.c
2026-01-11 13:28:44,103 [INFO] CodeEngine:265 - oldGeneratedFile, C:\Users\elena\OneDrive\Documents\PCB\SmallFlight1\design_documents\smallFlight1Pinout\Core\Inc\stm32f4xx_it.h_save
2026-01-11 13:28:44,148 [INFO] CodeEngine:289 - Generated code: C:\Users\elena\OneDrive\Documents\PCB\SmallFlight1\design_documents\smallFlight1Pinout\Core\Inc\stm32f4xx_it.h
2026-01-11 13:28:44,162 [INFO] CodeEngine:265 - oldGeneratedFile, C:\Users\elena\OneDrive\Documents\PCB\SmallFlight1\design_documents\smallFlight1Pinout\Core\Src\stm32f4xx_hal_msp.c_save
2026-01-11 13:28:44,225 [INFO] CodeEngine:289 - Generated code: C:\Users\elena\OneDrive\Documents\PCB\SmallFlight1\design_documents\smallFlight1Pinout\Core\Src\stm32f4xx_hal_msp.c
2026-01-11 13:28:44,229 [INFO] CodeEngine:265 - oldGeneratedFile, C:\Users\elena\OneDrive\Documents\PCB\SmallFlight1\design_documents\smallFlight1Pinout\MXTmpFiles\system.tmp_save
2026-01-11 13:28:44,270 [INFO] CodeEngine:289 - Generated code: C:\Users\elena\OneDrive\Documents\PCB\SmallFlight1\design_documents\smallFlight1Pinout\MXTmpFiles\system.tmp
2026-01-11 13:28:44,282 [INFO] CodeEngine:321 - oldGeneratedFile, C:\Users\elena\OneDrive\Documents\PCB\SmallFlight1\design_documents\smallFlight1Pinout\Core\Inc\stm32f4xx_hal_conf.h_save
2026-01-11 13:28:44,331 [INFO] CodeEngine:345 - Generated code: C:\Users\elena\OneDrive\Documents\PCB\SmallFlight1\design_documents\smallFlight1Pinout\Core\Inc\stm32f4xx_hal_conf.h
2026-01-11 13:28:44,345 [WARN] IPConfigManager:3238 - Warning: the RefConfig PLL2P_FOR_MCO is not available in your config.xml file
2026-01-11 13:28:44,357 [INFO] CodeEngine:265 - oldGeneratedFile, C:\Users\elena\OneDrive\Documents\PCB\SmallFlight1\design_documents\smallFlight1Pinout\Core\Inc\main.h_save
2026-01-11 13:28:44,408 [INFO] CodeEngine:289 - Generated code: C:\Users\elena\OneDrive\Documents\PCB\SmallFlight1\design_documents\smallFlight1Pinout\Core\Inc\main.h
2026-01-11 13:28:44,415 [INFO] CodeEngine:265 - oldGeneratedFile, C:\Users\elena\OneDrive\Documents\PCB\SmallFlight1\design_documents\smallFlight1Pinout\Core\Src\main.c_save
2026-01-11 13:28:44,485 [INFO] CodeEngine:289 - Generated code: C:\Users\elena\OneDrive\Documents\PCB\SmallFlight1\design_documents\smallFlight1Pinout\Core\Src\main.c
2026-01-11 13:28:44,692 [INFO] ProjectBuilder:3606 - Time for Copy HAL[1] : 116mS.
2026-01-11 13:28:44,696 [INFO] ProjectBuilder:5216 - Project Generator version: 4.7.0-B52
2026-01-11 13:28:44,706 [ERROR] LogOutputStream:75 - [STDERR_REDIRECT] [Fatal Error] :1:1: Premature end of file.
2026-01-11 13:28:44,706 [ERROR] LogOutputStream:75 - [STDERR_REDIRECT] 
2026-01-11 13:28:44,744 [INFO] ConfigFileManager:1595 - The Die is : DIE421
2026-01-11 13:28:45,426 [INFO] ProjectBuilder:5496 - Time for Generating toolchain IDE Files: 730mS.
2026-01-11 13:28:45,427 [INFO] ProjectBuilder:3463 - Time for Copy CMSIS : 1mS.
2026-01-11 13:28:45,429 [INFO] ProjectBuilder:3463 - Time for Copy CMSIS : 0mS.
2026-01-11 13:28:45,711 [ERROR] LogOutputStream:75 - [STDERR_REDIRECT] [Fatal Error] :1:1: Premature end of file.
2026-01-11 13:28:45,711 [ERROR] LogOutputStream:75 - [STDERR_REDIRECT] 
2026-01-11 13:28:46,720 [ERROR] LogOutputStream:75 - [STDERR_REDIRECT] [Fatal Error] :1:1: Premature end of file.
2026-01-11 13:28:46,720 [ERROR] LogOutputStream:75 - [STDERR_REDIRECT] 
2026-01-11 13:28:47,720 [ERROR] LogOutputStream:75 - [STDERR_REDIRECT] [Fatal Error] :1:1: Premature end of file.
2026-01-11 13:28:47,720 [ERROR] LogOutputStream:75 - [STDERR_REDIRECT] 
2026-01-11 13:28:48,711 [ERROR] LogOutputStream:75 - [STDERR_REDIRECT] [Fatal Error] :1:1: Premature end of file.
2026-01-11 13:28:48,711 [ERROR] LogOutputStream:75 - [STDERR_REDIRECT] 
2026-01-11 13:28:49,703 [ERROR] LogOutputStream:75 - [STDERR_REDIRECT] [Fatal Error] :1:1: Premature end of file.
2026-01-11 13:28:49,703 [ERROR] LogOutputStream:75 - [STDERR_REDIRECT] 
2026-01-11 13:28:50,709 [ERROR] LogOutputStream:75 - [STDERR_REDIRECT] [Fatal Error] :1:1: Premature end of file.
2026-01-11 13:28:50,709 [ERROR] LogOutputStream:75 - [STDERR_REDIRECT] 
2026-01-11 13:28:51,709 [ERROR] LogOutputStream:75 - [STDERR_REDIRECT] [Fatal Error] :1:1: Premature end of file.
2026-01-11 13:28:51,709 [ERROR] LogOutputStream:75 - [STDERR_REDIRECT] 
2026-01-11 13:28:52,707 [ERROR] LogOutputStream:75 - [STDERR_REDIRECT] [Fatal Error] :1:1: Premature end of file.
2026-01-11 13:28:52,708 [ERROR] LogOutputStream:75 - [STDERR_REDIRECT] 
2026-01-11 13:28:53,706 [ERROR] LogOutputStream:75 - [STDERR_REDIRECT] [Fatal Error] :1:1: Premature end of file.
2026-01-11 13:28:53,706 [ERROR] LogOutputStream:75 - [STDERR_REDIRECT] 
2026-01-11 13:28:54,704 [ERROR] LogOutputStream:75 - [STDERR_REDIRECT] [Fatal Error] :1:1: Premature end of file.
2026-01-11 13:28:54,704 [ERROR] LogOutputStream:75 - [STDERR_REDIRECT] 
2026-01-11 13:28:55,709 [ERROR] LogOutputStream:75 - [STDERR_REDIRECT] [Fatal Error] :1:1: Premature end of file.
2026-01-11 13:28:55,709 [ERROR] LogOutputStream:75 - [STDERR_REDIRECT] 
2026-01-11 13:28:56,022 [INFO] Gpio:278 - dependency for GPIO [SYS]
2026-01-11 13:28:56,705 [ERROR] LogOutputStream:75 - [STDERR_REDIRECT] [Fatal Error] :1:1: Premature end of file.
2026-01-11 13:28:56,705 [ERROR] LogOutputStream:75 - [STDERR_REDIRECT] 
2026-01-11 13:28:57,708 [ERROR] LogOutputStream:75 - [STDERR_REDIRECT] [Fatal Error] :1:1: Premature end of file.
2026-01-11 13:28:57,709 [ERROR] LogOutputStream:75 - [STDERR_REDIRECT] 
2026-01-11 13:28:58,706 [ERROR] LogOutputStream:75 - [STDERR_REDIRECT] [Fatal Error] :1:1: Premature end of file.
2026-01-11 13:28:58,706 [ERROR] LogOutputStream:75 - [STDERR_REDIRECT] 
2026-01-11 13:28:59,704 [ERROR] LogOutputStream:75 - [STDERR_REDIRECT] [Fatal Error] :1:1: Premature end of file.
2026-01-11 13:28:59,705 [ERROR] LogOutputStream:75 - [STDERR_REDIRECT] 
2026-01-11 13:29:00,716 [ERROR] LogOutputStream:75 - [STDERR_REDIRECT] [Fatal Error] :1:1: Premature end of file.
2026-01-11 13:29:00,716 [ERROR] LogOutputStream:75 - [STDERR_REDIRECT] 
2026-01-11 13:29:01,705 [ERROR] LogOutputStream:75 - [STDERR_REDIRECT] [Fatal Error] :1:1: Premature end of file.
2026-01-11 13:29:01,706 [ERROR] LogOutputStream:75 - [STDERR_REDIRECT] 
2026-01-11 13:29:02,714 [ERROR] LogOutputStream:75 - [STDERR_REDIRECT] [Fatal Error] :1:1: Premature end of file.
2026-01-11 13:29:02,715 [ERROR] LogOutputStream:75 - [STDERR_REDIRECT] 
2026-01-11 13:29:03,702 [ERROR] LogOutputStream:75 - [STDERR_REDIRECT] [Fatal Error] :1:1: Premature end of file.
2026-01-11 13:29:03,702 [ERROR] LogOutputStream:75 - [STDERR_REDIRECT] 
2026-01-11 13:29:04,715 [ERROR] LogOutputStream:75 - [STDERR_REDIRECT] [Fatal Error] :1:1: Premature end of file.
2026-01-11 13:29:04,716 [ERROR] LogOutputStream:75 - [STDERR_REDIRECT] 
2026-01-11 13:29:05,705 [ERROR] LogOutputStream:75 - [STDERR_REDIRECT] [Fatal Error] :1:1: Premature end of file.
2026-01-11 13:29:05,706 [ERROR] LogOutputStream:75 - [STDERR_REDIRECT] 
2026-01-11 13:29:06,709 [ERROR] LogOutputStream:75 - [STDERR_REDIRECT] [Fatal Error] :1:1: Premature end of file.
2026-01-11 13:29:06,710 [ERROR] LogOutputStream:75 - [STDERR_REDIRECT] 
2026-01-11 13:29:07,721 [ERROR] LogOutputStream:75 - [STDERR_REDIRECT] [Fatal Error] :1:1: Premature end of file.
2026-01-11 13:29:07,721 [ERROR] LogOutputStream:75 - [STDERR_REDIRECT] 
2026-01-11 13:29:08,702 [ERROR] LogOutputStream:75 - [STDERR_REDIRECT] [Fatal Error] :1:1: Premature end of file.
2026-01-11 13:29:08,702 [ERROR] LogOutputStream:75 - [STDERR_REDIRECT] 
2026-01-11 13:29:09,715 [ERROR] LogOutputStream:75 - [STDERR_REDIRECT] [Fatal Error] :1:1: Premature end of file.
2026-01-11 13:29:09,715 [ERROR] LogOutputStream:75 - [STDERR_REDIRECT] 
2026-01-11 13:29:10,712 [ERROR] LogOutputStream:75 - [STDERR_REDIRECT] [Fatal Error] :1:1: Premature end of file.
2026-01-11 13:29:10,713 [ERROR] LogOutputStream:75 - [STDERR_REDIRECT] 
2026-01-11 13:29:11,714 [ERROR] LogOutputStream:75 - [STDERR_REDIRECT] [Fatal Error] :1:1: Premature end of file.
2026-01-11 13:29:11,714 [ERROR] LogOutputStream:75 - [STDERR_REDIRECT] 
2026-01-11 13:29:12,707 [ERROR] LogOutputStream:75 - [STDERR_REDIRECT] [Fatal Error] :1:1: Premature end of file.
2026-01-11 13:29:12,707 [ERROR] LogOutputStream:75 - [STDERR_REDIRECT] 
2026-01-11 13:29:13,712 [ERROR] LogOutputStream:75 - [STDERR_REDIRECT] [Fatal Error] :1:1: Premature end of file.
2026-01-11 13:29:13,712 [ERROR] LogOutputStream:75 - [STDERR_REDIRECT] 
2026-01-11 13:29:14,706 [ERROR] LogOutputStream:75 - [STDERR_REDIRECT] [Fatal Error] :1:1: Premature end of file.
2026-01-11 13:29:14,706 [ERROR] LogOutputStream:75 - [STDERR_REDIRECT] 
2026-01-11 13:29:15,707 [ERROR] LogOutputStream:75 - [STDERR_REDIRECT] [Fatal Error] :1:1: Premature end of file.
2026-01-11 13:29:15,707 [ERROR] LogOutputStream:75 - [STDERR_REDIRECT] 
2026-01-11 13:29:16,710 [ERROR] LogOutputStream:75 - [STDERR_REDIRECT] [Fatal Error] :1:1: Premature end of file.
2026-01-11 13:29:16,711 [ERROR] LogOutputStream:75 - [STDERR_REDIRECT] 
2026-01-11 13:29:17,709 [ERROR] LogOutputStream:75 - [STDERR_REDIRECT] [Fatal Error] :1:1: Premature end of file.
2026-01-11 13:29:17,709 [ERROR] LogOutputStream:75 - [STDERR_REDIRECT] 
2026-01-11 13:29:18,716 [ERROR] LogOutputStream:75 - [STDERR_REDIRECT] [Fatal Error] :1:1: Premature end of file.
2026-01-11 13:29:18,717 [ERROR] LogOutputStream:75 - [STDERR_REDIRECT] 
2026-01-11 13:29:19,723 [ERROR] LogOutputStream:75 - [STDERR_REDIRECT] [Fatal Error] :1:1: Premature end of file.
2026-01-11 13:29:19,723 [ERROR] LogOutputStream:75 - [STDERR_REDIRECT] 
2026-01-11 13:29:20,711 [ERROR] LogOutputStream:75 - [STDERR_REDIRECT] [Fatal Error] :1:1: Premature end of file.
2026-01-11 13:29:20,711 [ERROR] LogOutputStream:75 - [STDERR_REDIRECT] 
2026-01-11 13:29:21,710 [ERROR] LogOutputStream:75 - [STDERR_REDIRECT] [Fatal Error] :1:1: Premature end of file.
2026-01-11 13:29:21,710 [ERROR] LogOutputStream:75 - [STDERR_REDIRECT] 
2026-01-11 13:29:22,712 [ERROR] LogOutputStream:75 - [STDERR_REDIRECT] [Fatal Error] :1:1: Premature end of file.
2026-01-11 13:29:22,712 [ERROR] LogOutputStream:75 - [STDERR_REDIRECT] 
2026-01-11 13:29:23,708 [ERROR] LogOutputStream:75 - [STDERR_REDIRECT] [Fatal Error] :1:1: Premature end of file.
2026-01-11 13:29:23,708 [ERROR] LogOutputStream:75 - [STDERR_REDIRECT] 
2026-01-11 13:29:24,709 [ERROR] LogOutputStream:75 - [STDERR_REDIRECT] [Fatal Error] :1:1: Premature end of file.
2026-01-11 13:29:24,709 [ERROR] LogOutputStream:75 - [STDERR_REDIRECT] 
2026-01-11 13:29:25,707 [ERROR] LogOutputStream:75 - [STDERR_REDIRECT] [Fatal Error] :1:1: Premature end of file.
2026-01-11 13:29:25,707 [ERROR] LogOutputStream:75 - [STDERR_REDIRECT] 
2026-01-11 13:29:26,707 [ERROR] LogOutputStream:75 - [STDERR_REDIRECT] [Fatal Error] :1:1: Premature end of file.
2026-01-11 13:29:26,708 [ERROR] LogOutputStream:75 - [STDERR_REDIRECT] 
2026-01-11 13:29:27,711 [ERROR] LogOutputStream:75 - [STDERR_REDIRECT] [Fatal Error] :1:1: Premature end of file.
2026-01-11 13:29:27,711 [ERROR] LogOutputStream:75 - [STDERR_REDIRECT] 
2026-01-11 13:29:28,706 [ERROR] LogOutputStream:75 - [STDERR_REDIRECT] [Fatal Error] :1:1: Premature end of file.
2026-01-11 13:29:28,706 [ERROR] LogOutputStream:75 - [STDERR_REDIRECT] 
2026-01-11 13:29:29,707 [ERROR] LogOutputStream:75 - [STDERR_REDIRECT] [Fatal Error] :1:1: Premature end of file.
2026-01-11 13:29:29,707 [ERROR] LogOutputStream:75 - [STDERR_REDIRECT] 
2026-01-11 13:29:30,714 [ERROR] LogOutputStream:75 - [STDERR_REDIRECT] [Fatal Error] :1:1: Premature end of file.
2026-01-11 13:29:30,714 [ERROR] LogOutputStream:75 - [STDERR_REDIRECT] 
2026-01-11 13:29:31,715 [ERROR] LogOutputStream:75 - [STDERR_REDIRECT] [Fatal Error] :1:1: Premature end of file.
2026-01-11 13:29:31,715 [ERROR] LogOutputStream:75 - [STDERR_REDIRECT] 
2026-01-11 13:29:32,707 [ERROR] LogOutputStream:75 - [STDERR_REDIRECT] [Fatal Error] :1:1: Premature end of file.
2026-01-11 13:29:32,707 [ERROR] LogOutputStream:75 - [STDERR_REDIRECT] 
2026-01-11 13:29:33,705 [ERROR] LogOutputStream:75 - [STDERR_REDIRECT] [Fatal Error] :1:1: Premature end of file.
2026-01-11 13:29:33,705 [ERROR] LogOutputStream:75 - [STDERR_REDIRECT] 
2026-01-11 13:29:34,489 [INFO] Gpio:278 - dependency for GPIO [SYS]
2026-01-11 13:29:34,702 [ERROR] LogOutputStream:75 - [STDERR_REDIRECT] [Fatal Error] :1:1: Premature end of file.
2026-01-11 13:29:34,703 [ERROR] LogOutputStream:75 - [STDERR_REDIRECT] 
2026-01-11 13:29:35,705 [ERROR] LogOutputStream:75 - [STDERR_REDIRECT] [Fatal Error] :1:1: Premature end of file.
2026-01-11 13:29:35,705 [ERROR] LogOutputStream:75 - [STDERR_REDIRECT] 
2026-01-11 13:29:36,715 [ERROR] LogOutputStream:75 - [STDERR_REDIRECT] [Fatal Error] :1:1: Premature end of file.
2026-01-11 13:29:36,715 [ERROR] LogOutputStream:75 - [STDERR_REDIRECT] 
2026-01-11 13:29:37,716 [ERROR] LogOutputStream:75 - [STDERR_REDIRECT] [Fatal Error] :1:1: Premature end of file.
2026-01-11 13:29:37,716 [ERROR] LogOutputStream:75 - [STDERR_REDIRECT] 
2026-01-11 13:29:38,709 [ERROR] LogOutputStream:75 - [STDERR_REDIRECT] [Fatal Error] :1:1: Premature end of file.
2026-01-11 13:29:38,709 [ERROR] LogOutputStream:75 - [STDERR_REDIRECT] 
2026-01-11 13:29:39,708 [ERROR] LogOutputStream:75 - [STDERR_REDIRECT] [Fatal Error] :1:1: Premature end of file.
2026-01-11 13:29:39,708 [ERROR] LogOutputStream:75 - [STDERR_REDIRECT] 
2026-01-11 13:29:40,706 [ERROR] LogOutputStream:75 - [STDERR_REDIRECT] [Fatal Error] :1:1: Premature end of file.
2026-01-11 13:29:40,706 [ERROR] LogOutputStream:75 - [STDERR_REDIRECT] 
2026-01-11 13:29:41,704 [ERROR] LogOutputStream:75 - [STDERR_REDIRECT] [Fatal Error] :1:1: Premature end of file.
2026-01-11 13:29:41,704 [ERROR] LogOutputStream:75 - [STDERR_REDIRECT] 
2026-01-11 13:29:42,678 [WARN] IP:2250 - I2C_Coeff_DF not found: check if there is a RefParameter without a condition.
2026-01-11 13:29:42,678 [WARN] IP:2250 - Analog_Filter not found: check if there is a RefParameter without a condition.
2026-01-11 13:29:42,706 [ERROR] LogOutputStream:75 - [STDERR_REDIRECT] [Fatal Error] :1:1: Premature end of file.
2026-01-11 13:29:42,706 [ERROR] LogOutputStream:75 - [STDERR_REDIRECT] 
2026-01-11 13:29:42,709 [WARN] IP:2250 - I2C_Coeff_DF not found: check if there is a RefParameter without a condition.
2026-01-11 13:29:42,709 [WARN] IP:2250 - Analog_Filter not found: check if there is a RefParameter without a condition.
2026-01-11 13:29:42,709 [WARN] IP:2250 - I2C_Coeff_DF not found: check if there is a RefParameter without a condition.
2026-01-11 13:29:42,709 [WARN] IP:2250 - Analog_Filter not found: check if there is a RefParameter without a condition.
2026-01-11 13:29:42,763 [WARN] IP:2250 - I2C_Coeff_DF not found: check if there is a RefParameter without a condition.
2026-01-11 13:29:42,763 [WARN] IP:2250 - Analog_Filter not found: check if there is a RefParameter without a condition.
2026-01-11 13:29:42,764 [WARN] IP:2250 - I2C_Coeff_DF not found: check if there is a RefParameter without a condition.
2026-01-11 13:29:42,764 [WARN] IP:2250 - Analog_Filter not found: check if there is a RefParameter without a condition.
2026-01-11 13:29:43,724 [ERROR] LogOutputStream:75 - [STDERR_REDIRECT] [Fatal Error] :1:1: Premature end of file.
2026-01-11 13:29:43,724 [ERROR] LogOutputStream:75 - [STDERR_REDIRECT] 
2026-01-11 13:29:44,717 [ERROR] LogOutputStream:75 - [STDERR_REDIRECT] [Fatal Error] :1:1: Premature end of file.
2026-01-11 13:29:44,717 [ERROR] LogOutputStream:75 - [STDERR_REDIRECT] 
2026-01-11 13:29:45,724 [ERROR] LogOutputStream:75 - [STDERR_REDIRECT] [Fatal Error] :1:1: Premature end of file.
2026-01-11 13:29:45,725 [ERROR] LogOutputStream:75 - [STDERR_REDIRECT] 
2026-01-11 13:29:46,710 [ERROR] LogOutputStream:75 - [STDERR_REDIRECT] [Fatal Error] :1:1: Premature end of file.
2026-01-11 13:29:46,710 [ERROR] LogOutputStream:75 - [STDERR_REDIRECT] 
2026-01-11 13:29:47,713 [ERROR] LogOutputStream:75 - [STDERR_REDIRECT] [Fatal Error] :1:1: Premature end of file.
2026-01-11 13:29:47,713 [ERROR] LogOutputStream:75 - [STDERR_REDIRECT] 
2026-01-11 13:29:48,703 [ERROR] LogOutputStream:75 - [STDERR_REDIRECT] [Fatal Error] :1:1: Premature end of file.
2026-01-11 13:29:48,703 [ERROR] LogOutputStream:75 - [STDERR_REDIRECT] 
2026-01-11 13:29:49,704 [ERROR] LogOutputStream:75 - [STDERR_REDIRECT] [Fatal Error] :1:1: Premature end of file.
2026-01-11 13:29:49,705 [ERROR] LogOutputStream:75 - [STDERR_REDIRECT] 
2026-01-11 13:29:50,714 [ERROR] LogOutputStream:75 - [STDERR_REDIRECT] [Fatal Error] :1:1: Premature end of file.
2026-01-11 13:29:50,714 [ERROR] LogOutputStream:75 - [STDERR_REDIRECT] 
2026-01-11 13:29:51,719 [ERROR] LogOutputStream:75 - [STDERR_REDIRECT] [Fatal Error] :1:1: Premature end of file.
2026-01-11 13:29:51,719 [ERROR] LogOutputStream:75 - [STDERR_REDIRECT] 
2026-01-11 13:29:52,703 [ERROR] LogOutputStream:75 - [STDERR_REDIRECT] [Fatal Error] :1:1: Premature end of file.
2026-01-11 13:29:52,703 [ERROR] LogOutputStream:75 - [STDERR_REDIRECT] 
2026-01-11 13:29:53,702 [ERROR] LogOutputStream:75 - [STDERR_REDIRECT] [Fatal Error] :1:1: Premature end of file.
2026-01-11 13:29:53,702 [ERROR] LogOutputStream:75 - [STDERR_REDIRECT] 
2026-01-11 13:29:54,715 [ERROR] LogOutputStream:75 - [STDERR_REDIRECT] [Fatal Error] :1:1: Premature end of file.
2026-01-11 13:29:54,715 [ERROR] LogOutputStream:75 - [STDERR_REDIRECT] 
2026-01-11 13:29:55,711 [ERROR] LogOutputStream:75 - [STDERR_REDIRECT] [Fatal Error] :1:1: Premature end of file.
2026-01-11 13:29:55,711 [ERROR] LogOutputStream:75 - [STDERR_REDIRECT] 
2026-01-11 13:29:56,704 [ERROR] LogOutputStream:75 - [STDERR_REDIRECT] [Fatal Error] :1:1: Premature end of file.
2026-01-11 13:29:56,705 [ERROR] LogOutputStream:75 - [STDERR_REDIRECT] 
2026-01-11 13:29:56,814 [WARN] IP:2250 - I2C_Coeff_DF not found: check if there is a RefParameter without a condition.
2026-01-11 13:29:56,814 [WARN] IP:2250 - Analog_Filter not found: check if there is a RefParameter without a condition.
2026-01-11 13:29:56,815 [WARN] IP:2250 - I2C_Coeff_DF not found: check if there is a RefParameter without a condition.
2026-01-11 13:29:56,815 [WARN] IP:2250 - Analog_Filter not found: check if there is a RefParameter without a condition.
2026-01-11 13:29:56,825 [WARN] IP:2250 - I2C_Coeff_DF not found: check if there is a RefParameter without a condition.
2026-01-11 13:29:56,825 [WARN] IP:2250 - Analog_Filter not found: check if there is a RefParameter without a condition.
2026-01-11 13:29:56,870 [WARN] IP:2250 - I2C_Coeff_DF not found: check if there is a RefParameter without a condition.
2026-01-11 13:29:56,870 [WARN] IP:2250 - Analog_Filter not found: check if there is a RefParameter without a condition.
2026-01-11 13:29:56,870 [WARN] IP:2250 - I2C_Coeff_DF not found: check if there is a RefParameter without a condition.
2026-01-11 13:29:56,870 [WARN] IP:2250 - Analog_Filter not found: check if there is a RefParameter without a condition.
2026-01-11 13:29:57,713 [ERROR] LogOutputStream:75 - [STDERR_REDIRECT] [Fatal Error] :1:1: Premature end of file.
2026-01-11 13:29:57,713 [ERROR] LogOutputStream:75 - [STDERR_REDIRECT] 
2026-01-11 13:29:58,704 [ERROR] LogOutputStream:75 - [STDERR_REDIRECT] [Fatal Error] :1:1: Premature end of file.
2026-01-11 13:29:58,704 [ERROR] LogOutputStream:75 - [STDERR_REDIRECT] 
2026-01-11 13:29:59,370 [WARN] IP:2250 - I2C_Coeff_DF not found: check if there is a RefParameter without a condition.
2026-01-11 13:29:59,370 [WARN] IP:2250 - Analog_Filter not found: check if there is a RefParameter without a condition.
2026-01-11 13:29:59,706 [ERROR] LogOutputStream:75 - [STDERR_REDIRECT] [Fatal Error] :1:1: Premature end of file.
2026-01-11 13:29:59,707 [ERROR] LogOutputStream:75 - [STDERR_REDIRECT] 
2026-01-11 13:30:00,708 [ERROR] LogOutputStream:75 - [STDERR_REDIRECT] [Fatal Error] :1:1: Premature end of file.
2026-01-11 13:30:00,708 [ERROR] LogOutputStream:75 - [STDERR_REDIRECT] 
2026-01-11 13:30:01,705 [ERROR] LogOutputStream:75 - [STDERR_REDIRECT] [Fatal Error] :1:1: Premature end of file.
2026-01-11 13:30:01,705 [ERROR] LogOutputStream:75 - [STDERR_REDIRECT] 
2026-01-11 13:30:02,705 [ERROR] LogOutputStream:75 - [STDERR_REDIRECT] [Fatal Error] :1:1: Premature end of file.
2026-01-11 13:30:02,705 [ERROR] LogOutputStream:75 - [STDERR_REDIRECT] 
2026-01-11 13:30:03,718 [ERROR] LogOutputStream:75 - [STDERR_REDIRECT] [Fatal Error] :1:1: Premature end of file.
2026-01-11 13:30:03,718 [ERROR] LogOutputStream:75 - [STDERR_REDIRECT] 
2026-01-11 13:30:04,705 [ERROR] LogOutputStream:75 - [STDERR_REDIRECT] [Fatal Error] :1:1: Premature end of file.
2026-01-11 13:30:04,705 [ERROR] LogOutputStream:75 - [STDERR_REDIRECT] 
2026-01-11 13:30:04,753 [WARN] IP:2250 - I2C_Coeff_DF not found: check if there is a RefParameter without a condition.
2026-01-11 13:30:04,753 [WARN] IP:2250 - Analog_Filter not found: check if there is a RefParameter without a condition.
2026-01-11 13:30:04,785 [WARN] IP:2250 - I2C_Coeff_DF not found: check if there is a RefParameter without a condition.
2026-01-11 13:30:04,785 [WARN] IP:2250 - Analog_Filter not found: check if there is a RefParameter without a condition.
2026-01-11 13:30:04,785 [WARN] IP:2250 - I2C_Coeff_DF not found: check if there is a RefParameter without a condition.
2026-01-11 13:30:04,785 [WARN] IP:2250 - Analog_Filter not found: check if there is a RefParameter without a condition.
2026-01-11 13:30:04,824 [WARN] IP:2250 - I2C_Coeff_DF not found: check if there is a RefParameter without a condition.
2026-01-11 13:30:04,824 [WARN] IP:2250 - Analog_Filter not found: check if there is a RefParameter without a condition.
2026-01-11 13:30:04,825 [WARN] IP:2250 - I2C_Coeff_DF not found: check if there is a RefParameter without a condition.
2026-01-11 13:30:04,825 [WARN] IP:2250 - Analog_Filter not found: check if there is a RefParameter without a condition.
2026-01-11 13:30:05,705 [ERROR] LogOutputStream:75 - [STDERR_REDIRECT] [Fatal Error] :1:1: Premature end of file.
2026-01-11 13:30:05,705 [ERROR] LogOutputStream:75 - [STDERR_REDIRECT] 
2026-01-11 13:30:06,708 [ERROR] LogOutputStream:75 - [STDERR_REDIRECT] [Fatal Error] :1:1: Premature end of file.
2026-01-11 13:30:06,708 [ERROR] LogOutputStream:75 - [STDERR_REDIRECT] 
2026-01-11 13:30:07,717 [ERROR] LogOutputStream:75 - [STDERR_REDIRECT] [Fatal Error] :1:1: Premature end of file.
2026-01-11 13:30:07,718 [ERROR] LogOutputStream:75 - [STDERR_REDIRECT] 
2026-01-11 13:30:08,705 [ERROR] LogOutputStream:75 - [STDERR_REDIRECT] [Fatal Error] :1:1: Premature end of file.
2026-01-11 13:30:08,705 [ERROR] LogOutputStream:75 - [STDERR_REDIRECT] 
2026-01-11 13:30:09,724 [ERROR] LogOutputStream:75 - [STDERR_REDIRECT] [Fatal Error] :1:1: Premature end of file.
2026-01-11 13:30:09,724 [ERROR] LogOutputStream:75 - [STDERR_REDIRECT] 
2026-01-11 13:30:10,708 [ERROR] LogOutputStream:75 - [STDERR_REDIRECT] [Fatal Error] :1:1: Premature end of file.
2026-01-11 13:30:10,709 [ERROR] LogOutputStream:75 - [STDERR_REDIRECT] 
2026-01-11 13:30:11,715 [ERROR] LogOutputStream:75 - [STDERR_REDIRECT] [Fatal Error] :1:1: Premature end of file.
2026-01-11 13:30:11,716 [ERROR] LogOutputStream:75 - [STDERR_REDIRECT] 
2026-01-11 13:30:12,703 [ERROR] LogOutputStream:75 - [STDERR_REDIRECT] [Fatal Error] :1:1: Premature end of file.
2026-01-11 13:30:12,703 [ERROR] LogOutputStream:75 - [STDERR_REDIRECT] 
2026-01-11 13:30:13,716 [ERROR] LogOutputStream:75 - [STDERR_REDIRECT] [Fatal Error] :1:1: Premature end of file.
2026-01-11 13:30:13,716 [ERROR] LogOutputStream:75 - [STDERR_REDIRECT] 
2026-01-11 13:30:14,714 [ERROR] LogOutputStream:75 - [STDERR_REDIRECT] [Fatal Error] :1:1: Premature end of file.
2026-01-11 13:30:14,714 [ERROR] LogOutputStream:75 - [STDERR_REDIRECT] 
2026-01-11 13:30:15,727 [ERROR] LogOutputStream:75 - [STDERR_REDIRECT] [Fatal Error] :1:1: Premature end of file.
2026-01-11 13:30:15,727 [ERROR] LogOutputStream:75 - [STDERR_REDIRECT] 
2026-01-11 13:30:16,732 [ERROR] LogOutputStream:75 - [STDERR_REDIRECT] [Fatal Error] :1:1: Premature end of file.
2026-01-11 13:30:16,732 [ERROR] LogOutputStream:75 - [STDERR_REDIRECT] 
2026-01-11 13:30:17,560 [WARN] IP:2250 - I2C_Coeff_DF not found: check if there is a RefParameter without a condition.
2026-01-11 13:30:17,560 [WARN] IP:2250 - Analog_Filter not found: check if there is a RefParameter without a condition.
2026-01-11 13:30:17,594 [WARN] IP:2250 - I2C_Coeff_DF not found: check if there is a RefParameter without a condition.
2026-01-11 13:30:17,594 [WARN] IP:2250 - Analog_Filter not found: check if there is a RefParameter without a condition.
2026-01-11 13:30:17,594 [WARN] IP:2250 - I2C_Coeff_DF not found: check if there is a RefParameter without a condition.
2026-01-11 13:30:17,594 [WARN] IP:2250 - Analog_Filter not found: check if there is a RefParameter without a condition.
2026-01-11 13:30:17,628 [WARN] IP:2250 - I2C_Coeff_DF not found: check if there is a RefParameter without a condition.
2026-01-11 13:30:17,628 [WARN] IP:2250 - Analog_Filter not found: check if there is a RefParameter without a condition.
2026-01-11 13:30:17,629 [WARN] IP:2250 - I2C_Coeff_DF not found: check if there is a RefParameter without a condition.
2026-01-11 13:30:17,629 [WARN] IP:2250 - Analog_Filter not found: check if there is a RefParameter without a condition.
2026-01-11 13:30:17,709 [ERROR] LogOutputStream:75 - [STDERR_REDIRECT] [Fatal Error] :1:1: Premature end of file.
2026-01-11 13:30:17,709 [ERROR] LogOutputStream:75 - [STDERR_REDIRECT] 
2026-01-11 13:30:18,711 [ERROR] LogOutputStream:75 - [STDERR_REDIRECT] [Fatal Error] :1:1: Premature end of file.
2026-01-11 13:30:18,711 [ERROR] LogOutputStream:75 - [STDERR_REDIRECT] 
2026-01-11 13:30:19,725 [ERROR] LogOutputStream:75 - [STDERR_REDIRECT] [Fatal Error] :1:1: Premature end of file.
2026-01-11 13:30:19,725 [ERROR] LogOutputStream:75 - [STDERR_REDIRECT] 
2026-01-11 13:30:20,710 [ERROR] LogOutputStream:75 - [STDERR_REDIRECT] [Fatal Error] :1:1: Premature end of file.
2026-01-11 13:30:20,711 [ERROR] LogOutputStream:75 - [STDERR_REDIRECT] 
2026-01-11 13:30:21,721 [ERROR] LogOutputStream:75 - [STDERR_REDIRECT] [Fatal Error] :1:1: Premature end of file.
2026-01-11 13:30:21,721 [ERROR] LogOutputStream:75 - [STDERR_REDIRECT] 
2026-01-11 13:30:22,704 [ERROR] LogOutputStream:75 - [STDERR_REDIRECT] [Fatal Error] :1:1: Premature end of file.
2026-01-11 13:30:22,705 [ERROR] LogOutputStream:75 - [STDERR_REDIRECT] 
2026-01-11 13:30:23,713 [ERROR] LogOutputStream:75 - [STDERR_REDIRECT] [Fatal Error] :1:1: Premature end of file.
2026-01-11 13:30:23,713 [ERROR] LogOutputStream:75 - [STDERR_REDIRECT] 
2026-01-11 13:30:24,707 [ERROR] LogOutputStream:75 - [STDERR_REDIRECT] [Fatal Error] :1:1: Premature end of file.
2026-01-11 13:30:24,708 [ERROR] LogOutputStream:75 - [STDERR_REDIRECT] 
2026-01-11 13:30:25,718 [ERROR] LogOutputStream:75 - [STDERR_REDIRECT] [Fatal Error] :1:1: Premature end of file.
2026-01-11 13:30:25,718 [ERROR] LogOutputStream:75 - [STDERR_REDIRECT] 
2026-01-11 13:30:26,068 [WARN] IP:2250 - I2C_Coeff_DF not found: check if there is a RefParameter without a condition.
2026-01-11 13:30:26,068 [WARN] IP:2250 - Analog_Filter not found: check if there is a RefParameter without a condition.
2026-01-11 13:30:26,069 [WARN] IP:2250 - I2C_Coeff_DF not found: check if there is a RefParameter without a condition.
2026-01-11 13:30:26,069 [WARN] IP:2250 - Analog_Filter not found: check if there is a RefParameter without a condition.
2026-01-11 13:30:26,107 [WARN] IP:2250 - I2C_Coeff_DF not found: check if there is a RefParameter without a condition.
2026-01-11 13:30:26,107 [WARN] IP:2250 - Analog_Filter not found: check if there is a RefParameter without a condition.
2026-01-11 13:30:26,715 [ERROR] LogOutputStream:75 - [STDERR_REDIRECT] [Fatal Error] :1:1: Premature end of file.
2026-01-11 13:30:26,715 [ERROR] LogOutputStream:75 - [STDERR_REDIRECT] 
2026-01-11 13:30:27,707 [ERROR] LogOutputStream:75 - [STDERR_REDIRECT] [Fatal Error] :1:1: Premature end of file.
2026-01-11 13:30:27,707 [ERROR] LogOutputStream:75 - [STDERR_REDIRECT] 
2026-01-11 13:30:28,458 [INFO] UtilMem:75 - End SaveConfig() Used Memory: 856015600 Bytes (1073741824)
2026-01-11 13:30:28,711 [ERROR] LogOutputStream:75 - [STDERR_REDIRECT] [Fatal Error] :1:1: Premature end of file.
2026-01-11 13:30:28,711 [ERROR] LogOutputStream:75 - [STDERR_REDIRECT] 
2026-01-11 13:30:29,627 [INFO] UtilMem:75 - End SaveConfig() Used Memory: 922209408 Bytes (1073741824)
2026-01-11 13:30:29,705 [ERROR] LogOutputStream:75 - [STDERR_REDIRECT] [Fatal Error] :1:1: Premature end of file.
2026-01-11 13:30:29,705 [ERROR] LogOutputStream:75 - [STDERR_REDIRECT] 
2026-01-11 13:30:30,704 [ERROR] LogOutputStream:75 - [STDERR_REDIRECT] [Fatal Error] :1:1: Premature end of file.
2026-01-11 13:30:30,704 [ERROR] LogOutputStream:75 - [STDERR_REDIRECT] 
2026-01-11 13:30:30,919 [INFO] UtilMem:75 - End SaveConfig() Used Memory: 962403104 Bytes (1073741824)
2026-01-11 13:30:31,048 [INFO] BlockDiagram:2775 - set Specific Code input for plugin: SYS
2026-01-11 13:30:31,048 [INFO] BlockDiagram:2775 - set Specific Code input for plugin: RCC
2026-01-11 13:30:31,048 [INFO] BlockDiagram:2775 - set Specific Code input for plugin: I2C
2026-01-11 13:30:31,048 [INFO] BlockDiagram:2775 - set Specific Code input for plugin: NVIC
2026-01-11 13:30:31,048 [INFO] BlockDiagram:2775 - set Specific Code input for plugin: GPIO
2026-01-11 13:30:31,049 [INFO] CodeGenerator:892 - code generatio: config db path: C:\ST\STM32CubeIDE_1.18.1\STM32CubeIDE\plugins\com.st.stm32cube.common.mx_6.15.0.202507011659\\db\
2026-01-11 13:30:31,050 [WARN] IP:2250 - I2C_Coeff_DF not found: check if there is a RefParameter without a condition.
2026-01-11 13:30:31,050 [WARN] IP:2250 - Analog_Filter not found: check if there is a RefParameter without a condition.
2026-01-11 13:30:31,124 [INFO] CodeEngine:265 - oldGeneratedFile, C:\Users\elena\OneDrive\Documents\PCB\SmallFlight1\design_documents\smallFlight1Pinout\MXTmpFiles\license.tmp_save
2026-01-11 13:30:31,174 [INFO] CodeEngine:289 - Generated code: C:\Users\elena\OneDrive\Documents\PCB\SmallFlight1\design_documents\smallFlight1Pinout\MXTmpFiles\license.tmp
2026-01-11 13:30:31,203 [INFO] CodeEngine:265 - oldGeneratedFile, C:\Users\elena\OneDrive\Documents\PCB\SmallFlight1\design_documents\smallFlight1Pinout\MXTmpFiles\gpio.tmp_save
2026-01-11 13:30:31,250 [INFO] CodeEngine:289 - Generated code: C:\Users\elena\OneDrive\Documents\PCB\SmallFlight1\design_documents\smallFlight1Pinout\MXTmpFiles\gpio.tmp
2026-01-11 13:30:31,311 [INFO] CodeEngine:265 - oldGeneratedFile, C:\Users\elena\OneDrive\Documents\PCB\SmallFlight1\design_documents\smallFlight1Pinout\Core\Src\stm32f4xx_it.c_save
2026-01-11 13:30:31,369 [INFO] CodeEngine:289 - Generated code: C:\Users\elena\OneDrive\Documents\PCB\SmallFlight1\design_documents\smallFlight1Pinout\Core\Src\stm32f4xx_it.c
2026-01-11 13:30:31,378 [INFO] CodeEngine:265 - oldGeneratedFile, C:\Users\elena\OneDrive\Documents\PCB\SmallFlight1\design_documents\smallFlight1Pinout\Core\Inc\stm32f4xx_it.h_save
2026-01-11 13:30:31,438 [INFO] CodeEngine:289 - Generated code: C:\Users\elena\OneDrive\Documents\PCB\SmallFlight1\design_documents\smallFlight1Pinout\Core\Inc\stm32f4xx_it.h
2026-01-11 13:30:31,450 [INFO] CodeEngine:265 - oldGeneratedFile, C:\Users\elena\OneDrive\Documents\PCB\SmallFlight1\design_documents\smallFlight1Pinout\Core\Src\stm32f4xx_hal_msp.c_save
2026-01-11 13:30:31,521 [INFO] CodeEngine:289 - Generated code: C:\Users\elena\OneDrive\Documents\PCB\SmallFlight1\design_documents\smallFlight1Pinout\Core\Src\stm32f4xx_hal_msp.c
2026-01-11 13:30:31,527 [INFO] CodeEngine:265 - oldGeneratedFile, C:\Users\elena\OneDrive\Documents\PCB\SmallFlight1\design_documents\smallFlight1Pinout\MXTmpFiles\system.tmp_save
2026-01-11 13:30:31,566 [INFO] CodeEngine:289 - Generated code: C:\Users\elena\OneDrive\Documents\PCB\SmallFlight1\design_documents\smallFlight1Pinout\MXTmpFiles\system.tmp
2026-01-11 13:30:31,578 [INFO] CodeEngine:321 - oldGeneratedFile, C:\Users\elena\OneDrive\Documents\PCB\SmallFlight1\design_documents\smallFlight1Pinout\Core\Inc\stm32f4xx_hal_conf.h_save
2026-01-11 13:30:31,635 [INFO] CodeEngine:345 - Generated code: C:\Users\elena\OneDrive\Documents\PCB\SmallFlight1\design_documents\smallFlight1Pinout\Core\Inc\stm32f4xx_hal_conf.h
2026-01-11 13:30:31,648 [WARN] IPConfigManager:3238 - Warning: the RefConfig PLL2P_FOR_MCO is not available in your config.xml file
2026-01-11 13:30:31,652 [INFO] ApiDbMcu:532 - Load IP Config File for I2C1
2026-01-11 13:30:31,662 [INFO] CodeEngine:265 - oldGeneratedFile, C:\Users\elena\OneDrive\Documents\PCB\SmallFlight1\design_documents\smallFlight1Pinout\Core\Inc\main.h_save
2026-01-11 13:30:31,706 [ERROR] LogOutputStream:75 - [STDERR_REDIRECT] [Fatal Error] :1:1: Premature end of file.
2026-01-11 13:30:31,706 [ERROR] LogOutputStream:75 - [STDERR_REDIRECT] 
2026-01-11 13:30:31,712 [INFO] CodeEngine:289 - Generated code: C:\Users\elena\OneDrive\Documents\PCB\SmallFlight1\design_documents\smallFlight1Pinout\Core\Inc\main.h
2026-01-11 13:30:31,719 [INFO] CodeEngine:265 - oldGeneratedFile, C:\Users\elena\OneDrive\Documents\PCB\SmallFlight1\design_documents\smallFlight1Pinout\Core\Src\main.c_save
2026-01-11 13:30:31,788 [INFO] CodeEngine:289 - Generated code: C:\Users\elena\OneDrive\Documents\PCB\SmallFlight1\design_documents\smallFlight1Pinout\Core\Src\main.c
2026-01-11 13:30:32,013 [INFO] ProjectBuilder:3606 - Time for Copy HAL[1] : 134mS.
2026-01-11 13:30:32,016 [INFO] ProjectBuilder:5216 - Project Generator version: 4.7.0-B52
2026-01-11 13:30:32,061 [INFO] ConfigFileManager:1595 - The Die is : DIE421
2026-01-11 13:30:32,710 [ERROR] LogOutputStream:75 - [STDERR_REDIRECT] [Fatal Error] :1:1: Premature end of file.
2026-01-11 13:30:32,710 [ERROR] LogOutputStream:75 - [STDERR_REDIRECT] 
2026-01-11 13:30:32,773 [INFO] ProjectBuilder:5496 - Time for Generating toolchain IDE Files: 758mS.
2026-01-11 13:30:32,774 [INFO] ProjectBuilder:3463 - Time for Copy CMSIS : 0mS.
2026-01-11 13:30:32,777 [INFO] ProjectBuilder:3463 - Time for Copy CMSIS : 0mS.
2026-01-11 13:30:33,704 [ERROR] LogOutputStream:75 - [STDERR_REDIRECT] [Fatal Error] :1:1: Premature end of file.
2026-01-11 13:30:33,704 [ERROR] LogOutputStream:75 - [STDERR_REDIRECT] 
2026-01-11 13:30:34,709 [ERROR] LogOutputStream:75 - [STDERR_REDIRECT] [Fatal Error] :1:1: Premature end of file.
2026-01-11 13:30:34,709 [ERROR] LogOutputStream:75 - [STDERR_REDIRECT] 
2026-01-11 13:30:35,709 [ERROR] LogOutputStream:75 - [STDERR_REDIRECT] [Fatal Error] :1:1: Premature end of file.
2026-01-11 13:30:35,709 [ERROR] LogOutputStream:75 - [STDERR_REDIRECT] 
2026-01-11 13:30:36,715 [ERROR] LogOutputStream:75 - [STDERR_REDIRECT] [Fatal Error] :1:1: Premature end of file.
2026-01-11 13:30:36,715 [ERROR] LogOutputStream:75 - [STDERR_REDIRECT] 
2026-01-11 13:30:37,711 [ERROR] LogOutputStream:75 - [STDERR_REDIRECT] [Fatal Error] :1:1: Premature end of file.
2026-01-11 13:30:37,711 [ERROR] LogOutputStream:75 - [STDERR_REDIRECT] 
2026-01-11 13:30:38,708 [ERROR] LogOutputStream:75 - [STDERR_REDIRECT] [Fatal Error] :1:1: Premature end of file.
2026-01-11 13:30:38,708 [ERROR] LogOutputStream:75 - [STDERR_REDIRECT] 
2026-01-11 13:30:39,705 [ERROR] LogOutputStream:75 - [STDERR_REDIRECT] [Fatal Error] :1:1: Premature end of file.
2026-01-11 13:30:39,705 [ERROR] LogOutputStream:75 - [STDERR_REDIRECT] 
2026-01-11 13:30:40,705 [ERROR] LogOutputStream:75 - [STDERR_REDIRECT] [Fatal Error] :1:1: Premature end of file.
2026-01-11 13:30:40,705 [ERROR] LogOutputStream:75 - [STDERR_REDIRECT] 
2026-01-11 13:30:41,706 [ERROR] LogOutputStream:75 - [STDERR_REDIRECT] [Fatal Error] :1:1: Premature end of file.
2026-01-11 13:30:41,707 [ERROR] LogOutputStream:75 - [STDERR_REDIRECT] 
2026-01-11 13:30:42,705 [ERROR] LogOutputStream:75 - [STDERR_REDIRECT] [Fatal Error] :1:1: Premature end of file.
2026-01-11 13:30:42,705 [ERROR] LogOutputStream:75 - [STDERR_REDIRECT] 
2026-01-11 13:30:43,702 [ERROR] LogOutputStream:75 - [STDERR_REDIRECT] [Fatal Error] :1:1: Premature end of file.
2026-01-11 13:30:43,703 [ERROR] LogOutputStream:75 - [STDERR_REDIRECT] 
2026-01-11 13:30:44,715 [ERROR] LogOutputStream:75 - [STDERR_REDIRECT] [Fatal Error] :1:1: Premature end of file.
2026-01-11 13:30:44,715 [ERROR] LogOutputStream:75 - [STDERR_REDIRECT] 
2026-01-11 13:30:45,713 [ERROR] LogOutputStream:75 - [STDERR_REDIRECT] [Fatal Error] :1:1: Premature end of file.
2026-01-11 13:30:45,713 [ERROR] LogOutputStream:75 - [STDERR_REDIRECT] 
2026-01-11 13:30:46,706 [ERROR] LogOutputStream:75 - [STDERR_REDIRECT] [Fatal Error] :1:1: Premature end of file.
2026-01-11 13:30:46,706 [ERROR] LogOutputStream:75 - [STDERR_REDIRECT] 
2026-01-11 13:30:47,710 [ERROR] LogOutputStream:75 - [STDERR_REDIRECT] [Fatal Error] :1:1: Premature end of file.
2026-01-11 13:30:47,710 [ERROR] LogOutputStream:75 - [STDERR_REDIRECT] 
2026-01-11 13:30:48,715 [ERROR] LogOutputStream:75 - [STDERR_REDIRECT] [Fatal Error] :1:1: Premature end of file.
2026-01-11 13:30:48,716 [ERROR] LogOutputStream:75 - [STDERR_REDIRECT] 
2026-01-11 13:30:49,704 [ERROR] LogOutputStream:75 - [STDERR_REDIRECT] [Fatal Error] :1:1: Premature end of file.
2026-01-11 13:30:49,705 [ERROR] LogOutputStream:75 - [STDERR_REDIRECT] 
2026-01-11 13:30:50,703 [ERROR] LogOutputStream:75 - [STDERR_REDIRECT] [Fatal Error] :1:1: Premature end of file.
2026-01-11 13:30:50,703 [ERROR] LogOutputStream:75 - [STDERR_REDIRECT] 
2026-01-11 13:30:51,705 [ERROR] LogOutputStream:75 - [STDERR_REDIRECT] [Fatal Error] :1:1: Premature end of file.
2026-01-11 13:30:51,705 [ERROR] LogOutputStream:75 - [STDERR_REDIRECT] 
2026-01-11 13:30:52,705 [ERROR] LogOutputStream:75 - [STDERR_REDIRECT] [Fatal Error] :1:1: Premature end of file.
2026-01-11 13:30:52,706 [ERROR] LogOutputStream:75 - [STDERR_REDIRECT] 
2026-01-11 13:30:53,722 [ERROR] LogOutputStream:75 - [STDERR_REDIRECT] [Fatal Error] :1:1: Premature end of file.
2026-01-11 13:30:53,722 [ERROR] LogOutputStream:75 - [STDERR_REDIRECT] 
2026-01-11 13:30:54,719 [ERROR] LogOutputStream:75 - [STDERR_REDIRECT] [Fatal Error] :1:1: Premature end of file.
2026-01-11 13:30:54,720 [ERROR] LogOutputStream:75 - [STDERR_REDIRECT] 
2026-01-11 13:30:55,704 [ERROR] LogOutputStream:75 - [STDERR_REDIRECT] [Fatal Error] :1:1: Premature end of file.
2026-01-11 13:30:55,704 [ERROR] LogOutputStream:75 - [STDERR_REDIRECT] 
2026-01-11 13:30:56,709 [ERROR] LogOutputStream:75 - [STDERR_REDIRECT] [Fatal Error] :1:1: Premature end of file.
2026-01-11 13:30:56,709 [ERROR] LogOutputStream:75 - [STDERR_REDIRECT] 
2026-01-11 13:30:57,726 [ERROR] LogOutputStream:75 - [STDERR_REDIRECT] [Fatal Error] :1:1: Premature end of file.
2026-01-11 13:30:57,726 [ERROR] LogOutputStream:75 - [STDERR_REDIRECT] 
2026-01-11 13:30:58,721 [ERROR] LogOutputStream:75 - [STDERR_REDIRECT] [Fatal Error] :1:1: Premature end of file.
2026-01-11 13:30:58,721 [ERROR] LogOutputStream:75 - [STDERR_REDIRECT] 
2026-01-11 13:30:59,712 [ERROR] LogOutputStream:75 - [STDERR_REDIRECT] [Fatal Error] :1:1: Premature end of file.
2026-01-11 13:30:59,712 [ERROR] LogOutputStream:75 - [STDERR_REDIRECT] 
2026-01-11 13:31:00,712 [ERROR] LogOutputStream:75 - [STDERR_REDIRECT] [Fatal Error] :1:1: Premature end of file.
2026-01-11 13:31:00,712 [ERROR] LogOutputStream:75 - [STDERR_REDIRECT] 
2026-01-11 13:31:01,708 [ERROR] LogOutputStream:75 - [STDERR_REDIRECT] [Fatal Error] :1:1: Premature end of file.
2026-01-11 13:31:01,709 [ERROR] LogOutputStream:75 - [STDERR_REDIRECT] 
2026-01-11 13:31:02,712 [ERROR] LogOutputStream:75 - [STDERR_REDIRECT] [Fatal Error] :1:1: Premature end of file.
2026-01-11 13:31:02,712 [ERROR] LogOutputStream:75 - [STDERR_REDIRECT] 
2026-01-11 13:31:03,709 [ERROR] LogOutputStream:75 - [STDERR_REDIRECT] [Fatal Error] :1:1: Premature end of file.
2026-01-11 13:31:03,709 [ERROR] LogOutputStream:75 - [STDERR_REDIRECT] 
2026-01-11 13:31:04,730 [ERROR] LogOutputStream:75 - [STDERR_REDIRECT] [Fatal Error] :1:1: Premature end of file.
2026-01-11 13:31:04,730 [ERROR] LogOutputStream:75 - [STDERR_REDIRECT] 
2026-01-11 13:31:05,715 [ERROR] LogOutputStream:75 - [STDERR_REDIRECT] [Fatal Error] :1:1: Premature end of file.
2026-01-11 13:31:05,715 [ERROR] LogOutputStream:75 - [STDERR_REDIRECT] 
2026-01-11 13:31:06,710 [ERROR] LogOutputStream:75 - [STDERR_REDIRECT] [Fatal Error] :1:1: Premature end of file.
2026-01-11 13:31:06,710 [ERROR] LogOutputStream:75 - [STDERR_REDIRECT] 
2026-01-11 13:31:07,714 [ERROR] LogOutputStream:75 - [STDERR_REDIRECT] [Fatal Error] :1:1: Premature end of file.
2026-01-11 13:31:07,714 [ERROR] LogOutputStream:75 - [STDERR_REDIRECT] 
2026-01-11 13:31:08,710 [ERROR] LogOutputStream:75 - [STDERR_REDIRECT] [Fatal Error] :1:1: Premature end of file.
2026-01-11 13:31:08,710 [ERROR] LogOutputStream:75 - [STDERR_REDIRECT] 
2026-01-11 13:31:09,721 [ERROR] LogOutputStream:75 - [STDERR_REDIRECT] [Fatal Error] :1:1: Premature end of file.
2026-01-11 13:31:09,721 [ERROR] LogOutputStream:75 - [STDERR_REDIRECT] 
2026-01-11 13:31:10,720 [ERROR] LogOutputStream:75 - [STDERR_REDIRECT] [Fatal Error] :1:1: Premature end of file.
2026-01-11 13:31:10,720 [ERROR] LogOutputStream:75 - [STDERR_REDIRECT] 
2026-01-11 13:31:11,708 [ERROR] LogOutputStream:75 - [STDERR_REDIRECT] [Fatal Error] :1:1: Premature end of file.
2026-01-11 13:31:11,709 [ERROR] LogOutputStream:75 - [STDERR_REDIRECT] 
2026-01-11 13:31:12,194 [INFO] UtilMem:75 - End SaveConfig() Used Memory: 779959008 Bytes (1073741824)
2026-01-11 13:31:12,703 [ERROR] LogOutputStream:75 - [STDERR_REDIRECT] [Fatal Error] :1:1: Premature end of file.
2026-01-11 13:31:12,703 [ERROR] LogOutputStream:75 - [STDERR_REDIRECT] 
2026-01-11 13:31:13,707 [ERROR] LogOutputStream:75 - [STDERR_REDIRECT] [Fatal Error] :1:1: Premature end of file.
2026-01-11 13:31:13,707 [ERROR] LogOutputStream:75 - [STDERR_REDIRECT] 
2026-01-11 13:31:14,707 [ERROR] LogOutputStream:75 - [STDERR_REDIRECT] [Fatal Error] :1:1: Premature end of file.
2026-01-11 13:31:14,707 [ERROR] LogOutputStream:75 - [STDERR_REDIRECT] 
2026-01-11 13:31:15,717 [ERROR] LogOutputStream:75 - [STDERR_REDIRECT] [Fatal Error] :1:1: Premature end of file.
2026-01-11 13:31:15,718 [ERROR] LogOutputStream:75 - [STDERR_REDIRECT] 
2026-01-11 13:31:15,810 [INFO] UtilMem:75 - End SaveConfig() Used Memory: 874330848 Bytes (1073741824)
2026-01-11 13:31:16,705 [ERROR] LogOutputStream:75 - [STDERR_REDIRECT] [Fatal Error] :1:1: Premature end of file.
2026-01-11 13:31:16,706 [ERROR] LogOutputStream:75 - [STDERR_REDIRECT] 
2026-01-11 13:31:16,743 [INFO] UtilMem:75 - End SaveConfig() Used Memory: 911557344 Bytes (1073741824)
2026-01-11 13:31:16,813 [INFO] ProjectBuilder:2380 - IP not ready for code generation: Clock
2026-01-11 13:31:17,702 [ERROR] LogOutputStream:75 - [STDERR_REDIRECT] [Fatal Error] :1:1: Premature end of file.
2026-01-11 13:31:17,703 [ERROR] LogOutputStream:75 - [STDERR_REDIRECT] 
2026-01-11 13:31:18,561 [INFO] BlockDiagram:2775 - set Specific Code input for plugin: SYS
2026-01-11 13:31:18,561 [INFO] BlockDiagram:2775 - set Specific Code input for plugin: RCC
2026-01-11 13:31:18,561 [INFO] BlockDiagram:2775 - set Specific Code input for plugin: I2C
2026-01-11 13:31:18,561 [INFO] BlockDiagram:2775 - set Specific Code input for plugin: USB_OTG_FS
2026-01-11 13:31:18,561 [INFO] BlockDiagram:2775 - set Specific Code input for plugin: NVIC
2026-01-11 13:31:18,561 [INFO] BlockDiagram:2775 - set Specific Code input for plugin: GPIO
2026-01-11 13:31:18,562 [INFO] CodeGenerator:892 - code generatio: config db path: C:\ST\STM32CubeIDE_1.18.1\STM32CubeIDE\plugins\com.st.stm32cube.common.mx_6.15.0.202507011659\\db\
2026-01-11 13:31:18,563 [WARN] IP:2250 - I2C_Coeff_DF not found: check if there is a RefParameter without a condition.
2026-01-11 13:31:18,563 [WARN] IP:2250 - Analog_Filter not found: check if there is a RefParameter without a condition.
2026-01-11 13:31:18,614 [INFO] CodeEngine:265 - oldGeneratedFile, C:\Users\elena\OneDrive\Documents\PCB\SmallFlight1\design_documents\smallFlight1Pinout\MXTmpFiles\license.tmp_save
2026-01-11 13:31:18,658 [INFO] CodeEngine:289 - Generated code: C:\Users\elena\OneDrive\Documents\PCB\SmallFlight1\design_documents\smallFlight1Pinout\MXTmpFiles\license.tmp
2026-01-11 13:31:18,673 [INFO] CodeEngine:265 - oldGeneratedFile, C:\Users\elena\OneDrive\Documents\PCB\SmallFlight1\design_documents\smallFlight1Pinout\MXTmpFiles\gpio.tmp_save
2026-01-11 13:31:18,705 [ERROR] LogOutputStream:75 - [STDERR_REDIRECT] [Fatal Error] :1:1: Premature end of file.
2026-01-11 13:31:18,705 [ERROR] LogOutputStream:75 - [STDERR_REDIRECT] 
2026-01-11 13:31:18,723 [INFO] CodeEngine:289 - Generated code: C:\Users\elena\OneDrive\Documents\PCB\SmallFlight1\design_documents\smallFlight1Pinout\MXTmpFiles\gpio.tmp
2026-01-11 13:31:18,756 [WARN] IPConfigManager:3238 - Warning: the RefConfig PWREx_EnableUSBVoltageDetector is not available in your config.xml file
2026-01-11 13:31:18,771 [INFO] CodeEngine:265 - oldGeneratedFile, C:\Users\elena\OneDrive\Documents\PCB\SmallFlight1\design_documents\smallFlight1Pinout\Core\Src\stm32f4xx_it.c_save
2026-01-11 13:31:18,819 [INFO] CodeEngine:289 - Generated code: C:\Users\elena\OneDrive\Documents\PCB\SmallFlight1\design_documents\smallFlight1Pinout\Core\Src\stm32f4xx_it.c
2026-01-11 13:31:18,825 [INFO] CodeEngine:265 - oldGeneratedFile, C:\Users\elena\OneDrive\Documents\PCB\SmallFlight1\design_documents\smallFlight1Pinout\Core\Inc\stm32f4xx_it.h_save
2026-01-11 13:31:18,872 [INFO] CodeEngine:289 - Generated code: C:\Users\elena\OneDrive\Documents\PCB\SmallFlight1\design_documents\smallFlight1Pinout\Core\Inc\stm32f4xx_it.h
2026-01-11 13:31:18,884 [INFO] CodeEngine:265 - oldGeneratedFile, C:\Users\elena\OneDrive\Documents\PCB\SmallFlight1\design_documents\smallFlight1Pinout\Core\Src\stm32f4xx_hal_msp.c_save
2026-01-11 13:31:18,959 [INFO] CodeEngine:289 - Generated code: C:\Users\elena\OneDrive\Documents\PCB\SmallFlight1\design_documents\smallFlight1Pinout\Core\Src\stm32f4xx_hal_msp.c
2026-01-11 13:31:18,965 [INFO] CodeEngine:265 - oldGeneratedFile, C:\Users\elena\OneDrive\Documents\PCB\SmallFlight1\design_documents\smallFlight1Pinout\MXTmpFiles\system.tmp_save
2026-01-11 13:31:19,005 [INFO] CodeEngine:289 - Generated code: C:\Users\elena\OneDrive\Documents\PCB\SmallFlight1\design_documents\smallFlight1Pinout\MXTmpFiles\system.tmp
2026-01-11 13:31:19,015 [INFO] CodeEngine:321 - oldGeneratedFile, C:\Users\elena\OneDrive\Documents\PCB\SmallFlight1\design_documents\smallFlight1Pinout\Core\Inc\stm32f4xx_hal_conf.h_save
2026-01-11 13:31:19,063 [INFO] CodeEngine:345 - Generated code: C:\Users\elena\OneDrive\Documents\PCB\SmallFlight1\design_documents\smallFlight1Pinout\Core\Inc\stm32f4xx_hal_conf.h
2026-01-11 13:31:19,076 [WARN] IPConfigManager:3238 - Warning: the RefConfig PLL2P_FOR_MCO is not available in your config.xml file
2026-01-11 13:31:19,078 [INFO] ApiDbMcu:532 - Load IP Config File for USB_OTG_FS
2026-01-11 13:31:19,079 [WARN] IPConfigManager:3811 - IP not found : USB_OTG
2026-01-11 13:31:19,080 [WARN] CodeGenerator:4259 - IP not found : null
2026-01-11 13:31:19,088 [INFO] CodeEngine:265 - oldGeneratedFile, C:\Users\elena\OneDrive\Documents\PCB\SmallFlight1\design_documents\smallFlight1Pinout\Core\Inc\main.h_save
2026-01-11 13:31:19,140 [INFO] CodeEngine:289 - Generated code: C:\Users\elena\OneDrive\Documents\PCB\SmallFlight1\design_documents\smallFlight1Pinout\Core\Inc\main.h
2026-01-11 13:31:19,159 [INFO] CodeEngine:265 - oldGeneratedFile, C:\Users\elena\OneDrive\Documents\PCB\SmallFlight1\design_documents\smallFlight1Pinout\Core\Src\main.c_save
2026-01-11 13:31:19,226 [INFO] CodeEngine:289 - Generated code: C:\Users\elena\OneDrive\Documents\PCB\SmallFlight1\design_documents\smallFlight1Pinout\Core\Src\main.c
2026-01-11 13:31:19,449 [INFO] ProjectBuilder:3606 - Time for Copy HAL[1] : 134mS.
2026-01-11 13:31:19,453 [INFO] ProjectBuilder:5216 - Project Generator version: 4.7.0-B52
2026-01-11 13:31:19,497 [INFO] ConfigFileManager:1595 - The Die is : DIE421
2026-01-11 13:31:19,713 [ERROR] LogOutputStream:75 - [STDERR_REDIRECT] [Fatal Error] :1:1: Premature end of file.
2026-01-11 13:31:19,713 [ERROR] LogOutputStream:75 - [STDERR_REDIRECT] 
2026-01-11 13:31:20,154 [INFO] ProjectBuilder:5496 - Time for Generating toolchain IDE Files: 701mS.
2026-01-11 13:31:20,156 [INFO] ProjectBuilder:3463 - Time for Copy CMSIS : 1mS.
2026-01-11 13:31:20,159 [INFO] ProjectBuilder:3463 - Time for Copy CMSIS : 0mS.
2026-01-11 13:31:20,703 [ERROR] LogOutputStream:75 - [STDERR_REDIRECT] [Fatal Error] :1:1: Premature end of file.
2026-01-11 13:31:20,703 [ERROR] LogOutputStream:75 - [STDERR_REDIRECT] 
2026-01-11 13:31:21,712 [ERROR] LogOutputStream:75 - [STDERR_REDIRECT] [Fatal Error] :1:1: Premature end of file.
2026-01-11 13:31:21,712 [ERROR] LogOutputStream:75 - [STDERR_REDIRECT] 
2026-01-11 13:31:22,713 [ERROR] LogOutputStream:75 - [STDERR_REDIRECT] [Fatal Error] :1:1: Premature end of file.
2026-01-11 13:31:22,714 [ERROR] LogOutputStream:75 - [STDERR_REDIRECT] 
2026-01-11 13:31:23,359 [INFO] NvicIntPanel:101 - NVIC parent = com.st.microxplorer.plugins.ip.nvic.MultiNvicIntPanel[,0,0,643x432,layout=javax.swing.BoxLayout,alignmentX=0.0,alignmentY=0.0,border=,flags=9,maximumSize=,minimumSize=,preferredSize=]
2026-01-11 13:31:23,713 [ERROR] LogOutputStream:75 - [STDERR_REDIRECT] [Fatal Error] :1:1: Premature end of file.
2026-01-11 13:31:23,713 [ERROR] LogOutputStream:75 - [STDERR_REDIRECT] 
2026-01-11 13:31:24,709 [ERROR] LogOutputStream:75 - [STDERR_REDIRECT] [Fatal Error] :1:1: Premature end of file.
2026-01-11 13:31:24,710 [ERROR] LogOutputStream:75 - [STDERR_REDIRECT] 
2026-01-11 13:31:25,704 [ERROR] LogOutputStream:75 - [STDERR_REDIRECT] [Fatal Error] :1:1: Premature end of file.
2026-01-11 13:31:25,704 [ERROR] LogOutputStream:75 - [STDERR_REDIRECT] 
2026-01-11 13:31:26,705 [ERROR] LogOutputStream:75 - [STDERR_REDIRECT] [Fatal Error] :1:1: Premature end of file.
2026-01-11 13:31:26,705 [ERROR] LogOutputStream:75 - [STDERR_REDIRECT] 
2026-01-11 13:31:27,709 [ERROR] LogOutputStream:75 - [STDERR_REDIRECT] [Fatal Error] :1:1: Premature end of file.
2026-01-11 13:31:27,709 [ERROR] LogOutputStream:75 - [STDERR_REDIRECT] 
2026-01-11 13:31:28,703 [ERROR] LogOutputStream:75 - [STDERR_REDIRECT] [Fatal Error] :1:1: Premature end of file.
2026-01-11 13:31:28,703 [ERROR] LogOutputStream:75 - [STDERR_REDIRECT] 
2026-01-11 13:31:29,704 [ERROR] LogOutputStream:75 - [STDERR_REDIRECT] [Fatal Error] :1:1: Premature end of file.
2026-01-11 13:31:29,704 [ERROR] LogOutputStream:75 - [STDERR_REDIRECT] 
2026-01-11 13:31:30,705 [ERROR] LogOutputStream:75 - [STDERR_REDIRECT] [Fatal Error] :1:1: Premature end of file.
2026-01-11 13:31:30,705 [ERROR] LogOutputStream:75 - [STDERR_REDIRECT] 
2026-01-11 13:31:31,703 [ERROR] LogOutputStream:75 - [STDERR_REDIRECT] [Fatal Error] :1:1: Premature end of file.
2026-01-11 13:31:31,703 [ERROR] LogOutputStream:75 - [STDERR_REDIRECT] 
2026-01-11 13:31:32,707 [ERROR] LogOutputStream:75 - [STDERR_REDIRECT] [Fatal Error] :1:1: Premature end of file.
2026-01-11 13:31:32,707 [ERROR] LogOutputStream:75 - [STDERR_REDIRECT] 
2026-01-11 13:31:33,705 [ERROR] LogOutputStream:75 - [STDERR_REDIRECT] [Fatal Error] :1:1: Premature end of file.
2026-01-11 13:31:33,705 [ERROR] LogOutputStream:75 - [STDERR_REDIRECT] 
2026-01-11 13:31:34,706 [ERROR] LogOutputStream:75 - [STDERR_REDIRECT] [Fatal Error] :1:1: Premature end of file.
2026-01-11 13:31:34,706 [ERROR] LogOutputStream:75 - [STDERR_REDIRECT] 
2026-01-11 13:31:35,714 [ERROR] LogOutputStream:75 - [STDERR_REDIRECT] [Fatal Error] :1:1: Premature end of file.
2026-01-11 13:31:35,714 [ERROR] LogOutputStream:75 - [STDERR_REDIRECT] 
2026-01-11 13:31:36,705 [ERROR] LogOutputStream:75 - [STDERR_REDIRECT] [Fatal Error] :1:1: Premature end of file.
2026-01-11 13:31:36,705 [ERROR] LogOutputStream:75 - [STDERR_REDIRECT] 
2026-01-11 13:31:37,709 [ERROR] LogOutputStream:75 - [STDERR_REDIRECT] [Fatal Error] :1:1: Premature end of file.
2026-01-11 13:31:37,709 [ERROR] LogOutputStream:75 - [STDERR_REDIRECT] 
2026-01-11 13:31:38,711 [ERROR] LogOutputStream:75 - [STDERR_REDIRECT] [Fatal Error] :1:1: Premature end of file.
2026-01-11 13:31:38,711 [ERROR] LogOutputStream:75 - [STDERR_REDIRECT] 
2026-01-11 13:31:39,729 [ERROR] LogOutputStream:75 - [STDERR_REDIRECT] [Fatal Error] :1:1: Premature end of file.
2026-01-11 13:31:39,729 [ERROR] LogOutputStream:75 - [STDERR_REDIRECT] 
2026-01-11 13:31:40,713 [ERROR] LogOutputStream:75 - [STDERR_REDIRECT] [Fatal Error] :1:1: Premature end of file.
2026-01-11 13:31:40,713 [ERROR] LogOutputStream:75 - [STDERR_REDIRECT] 
2026-01-11 13:31:41,720 [ERROR] LogOutputStream:75 - [STDERR_REDIRECT] [Fatal Error] :1:1: Premature end of file.
2026-01-11 13:31:41,720 [ERROR] LogOutputStream:75 - [STDERR_REDIRECT] 
2026-01-11 13:31:42,722 [ERROR] LogOutputStream:75 - [STDERR_REDIRECT] [Fatal Error] :1:1: Premature end of file.
2026-01-11 13:31:42,722 [ERROR] LogOutputStream:75 - [STDERR_REDIRECT] 
2026-01-11 13:31:43,709 [ERROR] LogOutputStream:75 - [STDERR_REDIRECT] [Fatal Error] :1:1: Premature end of file.
2026-01-11 13:31:43,709 [ERROR] LogOutputStream:75 - [STDERR_REDIRECT] 
2026-01-11 13:31:44,717 [ERROR] LogOutputStream:75 - [STDERR_REDIRECT] [Fatal Error] :1:1: Premature end of file.
2026-01-11 13:31:44,717 [ERROR] LogOutputStream:75 - [STDERR_REDIRECT] 
2026-01-11 13:31:45,716 [ERROR] LogOutputStream:75 - [STDERR_REDIRECT] [Fatal Error] :1:1: Premature end of file.
2026-01-11 13:31:45,716 [ERROR] LogOutputStream:75 - [STDERR_REDIRECT] 
2026-01-11 13:31:46,704 [ERROR] LogOutputStream:75 - [STDERR_REDIRECT] [Fatal Error] :1:1: Premature end of file.
2026-01-11 13:31:46,704 [ERROR] LogOutputStream:75 - [STDERR_REDIRECT] 
2026-01-11 13:31:47,713 [ERROR] LogOutputStream:75 - [STDERR_REDIRECT] [Fatal Error] :1:1: Premature end of file.
2026-01-11 13:31:47,714 [ERROR] LogOutputStream:75 - [STDERR_REDIRECT] 
2026-01-11 13:31:48,707 [ERROR] LogOutputStream:75 - [STDERR_REDIRECT] [Fatal Error] :1:1: Premature end of file.
2026-01-11 13:31:48,707 [ERROR] LogOutputStream:75 - [STDERR_REDIRECT] 
2026-01-11 13:31:49,714 [ERROR] LogOutputStream:75 - [STDERR_REDIRECT] [Fatal Error] :1:1: Premature end of file.
2026-01-11 13:31:49,715 [ERROR] LogOutputStream:75 - [STDERR_REDIRECT] 
2026-01-11 13:31:50,710 [ERROR] LogOutputStream:75 - [STDERR_REDIRECT] [Fatal Error] :1:1: Premature end of file.
2026-01-11 13:31:50,710 [ERROR] LogOutputStream:75 - [STDERR_REDIRECT] 
2026-01-11 13:31:51,708 [ERROR] LogOutputStream:75 - [STDERR_REDIRECT] [Fatal Error] :1:1: Premature end of file.
2026-01-11 13:31:51,708 [ERROR] LogOutputStream:75 - [STDERR_REDIRECT] 
2026-01-11 13:31:52,706 [ERROR] LogOutputStream:75 - [STDERR_REDIRECT] [Fatal Error] :1:1: Premature end of file.
2026-01-11 13:31:52,706 [ERROR] LogOutputStream:75 - [STDERR_REDIRECT] 
2026-01-11 13:31:53,705 [ERROR] LogOutputStream:75 - [STDERR_REDIRECT] [Fatal Error] :1:1: Premature end of file.
2026-01-11 13:31:53,705 [ERROR] LogOutputStream:75 - [STDERR_REDIRECT] 
2026-01-11 13:31:54,710 [ERROR] LogOutputStream:75 - [STDERR_REDIRECT] [Fatal Error] :1:1: Premature end of file.
2026-01-11 13:31:54,710 [ERROR] LogOutputStream:75 - [STDERR_REDIRECT] 
2026-01-11 13:31:55,708 [ERROR] LogOutputStream:75 - [STDERR_REDIRECT] [Fatal Error] :1:1: Premature end of file.
2026-01-11 13:31:55,708 [ERROR] LogOutputStream:75 - [STDERR_REDIRECT] 
2026-01-11 13:31:56,706 [ERROR] LogOutputStream:75 - [STDERR_REDIRECT] [Fatal Error] :1:1: Premature end of file.
2026-01-11 13:31:56,706 [ERROR] LogOutputStream:75 - [STDERR_REDIRECT] 
2026-01-11 13:31:57,705 [ERROR] LogOutputStream:75 - [STDERR_REDIRECT] [Fatal Error] :1:1: Premature end of file.
2026-01-11 13:31:57,705 [ERROR] LogOutputStream:75 - [STDERR_REDIRECT] 
2026-01-11 13:31:58,717 [ERROR] LogOutputStream:75 - [STDERR_REDIRECT] [Fatal Error] :1:1: Premature end of file.
2026-01-11 13:31:58,718 [ERROR] LogOutputStream:75 - [STDERR_REDIRECT] 
2026-01-11 13:31:59,712 [ERROR] LogOutputStream:75 - [STDERR_REDIRECT] [Fatal Error] :1:1: Premature end of file.
2026-01-11 13:31:59,712 [ERROR] LogOutputStream:75 - [STDERR_REDIRECT] 
2026-01-11 13:32:00,718 [ERROR] LogOutputStream:75 - [STDERR_REDIRECT] [Fatal Error] :1:1: Premature end of file.
2026-01-11 13:32:00,718 [ERROR] LogOutputStream:75 - [STDERR_REDIRECT] 
2026-01-11 13:32:01,714 [ERROR] LogOutputStream:75 - [STDERR_REDIRECT] [Fatal Error] :1:1: Premature end of file.
2026-01-11 13:32:01,714 [ERROR] LogOutputStream:75 - [STDERR_REDIRECT] 
2026-01-11 13:32:02,712 [ERROR] LogOutputStream:75 - [STDERR_REDIRECT] [Fatal Error] :1:1: Premature end of file.
2026-01-11 13:32:02,712 [ERROR] LogOutputStream:75 - [STDERR_REDIRECT] 
2026-01-11 13:32:03,714 [ERROR] LogOutputStream:75 - [STDERR_REDIRECT] [Fatal Error] :1:1: Premature end of file.
2026-01-11 13:32:03,714 [ERROR] LogOutputStream:75 - [STDERR_REDIRECT] 
2026-01-11 13:32:04,711 [ERROR] LogOutputStream:75 - [STDERR_REDIRECT] [Fatal Error] :1:1: Premature end of file.
2026-01-11 13:32:04,711 [ERROR] LogOutputStream:75 - [STDERR_REDIRECT] 
2026-01-11 13:32:05,727 [ERROR] LogOutputStream:75 - [STDERR_REDIRECT] [Fatal Error] :1:1: Premature end of file.
2026-01-11 13:32:05,728 [ERROR] LogOutputStream:75 - [STDERR_REDIRECT] 
2026-01-11 13:32:06,724 [ERROR] LogOutputStream:75 - [STDERR_REDIRECT] [Fatal Error] :1:1: Premature end of file.
2026-01-11 13:32:06,724 [ERROR] LogOutputStream:75 - [STDERR_REDIRECT] 
2026-01-11 13:32:07,718 [ERROR] LogOutputStream:75 - [STDERR_REDIRECT] [Fatal Error] :1:1: Premature end of file.
2026-01-11 13:32:07,718 [ERROR] LogOutputStream:75 - [STDERR_REDIRECT] 
2026-01-11 13:32:08,713 [ERROR] LogOutputStream:75 - [STDERR_REDIRECT] [Fatal Error] :1:1: Premature end of file.
2026-01-11 13:32:08,713 [ERROR] LogOutputStream:75 - [STDERR_REDIRECT] 
2026-01-11 13:32:09,713 [ERROR] LogOutputStream:75 - [STDERR_REDIRECT] [Fatal Error] :1:1: Premature end of file.
2026-01-11 13:32:09,713 [ERROR] LogOutputStream:75 - [STDERR_REDIRECT] 
2026-01-11 13:32:10,717 [ERROR] LogOutputStream:75 - [STDERR_REDIRECT] [Fatal Error] :1:1: Premature end of file.
2026-01-11 13:32:10,717 [ERROR] LogOutputStream:75 - [STDERR_REDIRECT] 
2026-01-11 13:32:11,133 [WARN] IP:2250 - I2C_Coeff_DF not found: check if there is a RefParameter without a condition.
2026-01-11 13:32:11,133 [WARN] IP:2250 - Analog_Filter not found: check if there is a RefParameter without a condition.
2026-01-11 13:32:11,133 [WARN] IP:2250 - I2C_Coeff_DF not found: check if there is a RefParameter without a condition.
2026-01-11 13:32:11,133 [WARN] IP:2250 - Analog_Filter not found: check if there is a RefParameter without a condition.
2026-01-11 13:32:11,729 [ERROR] LogOutputStream:75 - [STDERR_REDIRECT] [Fatal Error] :1:1: Premature end of file.
2026-01-11 13:32:11,729 [ERROR] LogOutputStream:75 - [STDERR_REDIRECT] 
2026-01-11 13:32:12,717 [ERROR] LogOutputStream:75 - [STDERR_REDIRECT] [Fatal Error] :1:1: Premature end of file.
2026-01-11 13:32:12,717 [ERROR] LogOutputStream:75 - [STDERR_REDIRECT] 
2026-01-11 13:32:13,715 [ERROR] LogOutputStream:75 - [STDERR_REDIRECT] [Fatal Error] :1:1: Premature end of file.
2026-01-11 13:32:13,715 [ERROR] LogOutputStream:75 - [STDERR_REDIRECT] 
2026-01-11 13:32:14,092 [INFO] UtilMem:75 - End SaveConfig() Used Memory: 785255776 Bytes (1073741824)
2026-01-11 13:32:14,707 [ERROR] LogOutputStream:75 - [STDERR_REDIRECT] [Fatal Error] :1:1: Premature end of file.
2026-01-11 13:32:14,707 [ERROR] LogOutputStream:75 - [STDERR_REDIRECT] 
2026-01-11 13:32:15,676 [INFO] UtilMem:75 - End SaveConfig() Used Memory: 828245344 Bytes (1073741824)
2026-01-11 13:32:15,708 [ERROR] LogOutputStream:75 - [STDERR_REDIRECT] [Fatal Error] :1:1: Premature end of file.
2026-01-11 13:32:15,710 [ERROR] LogOutputStream:75 - [STDERR_REDIRECT] 
2026-01-11 13:32:16,706 [ERROR] LogOutputStream:75 - [STDERR_REDIRECT] [Fatal Error] :1:1: Premature end of file.
2026-01-11 13:32:16,706 [ERROR] LogOutputStream:75 - [STDERR_REDIRECT] 
2026-01-11 13:32:17,079 [INFO] UtilMem:75 - End SaveConfig() Used Memory: 869689648 Bytes (1073741824)
2026-01-11 13:32:17,149 [INFO] ProjectBuilder:2380 - IP not ready for code generation: Clock
2026-01-11 13:32:17,721 [ERROR] LogOutputStream:75 - [STDERR_REDIRECT] [Fatal Error] :1:1: Premature end of file.
2026-01-11 13:32:17,722 [ERROR] LogOutputStream:75 - [STDERR_REDIRECT] 
2026-01-11 13:32:18,709 [ERROR] LogOutputStream:75 - [STDERR_REDIRECT] [Fatal Error] :1:1: Premature end of file.
2026-01-11 13:32:18,709 [ERROR] LogOutputStream:75 - [STDERR_REDIRECT] 
2026-01-11 13:32:19,404 [INFO] BlockDiagram:2775 - set Specific Code input for plugin: SYS
2026-01-11 13:32:19,404 [INFO] BlockDiagram:2775 - set Specific Code input for plugin: RCC
2026-01-11 13:32:19,404 [INFO] BlockDiagram:2775 - set Specific Code input for plugin: I2C
2026-01-11 13:32:19,406 [INFO] BlockDiagram:2775 - set Specific Code input for plugin: USB_OTG_FS
2026-01-11 13:32:19,406 [INFO] BlockDiagram:2775 - set Specific Code input for plugin: NVIC
2026-01-11 13:32:19,406 [INFO] BlockDiagram:2775 - set Specific Code input for plugin: GPIO
2026-01-11 13:32:19,407 [INFO] CodeGenerator:892 - code generatio: config db path: C:\ST\STM32CubeIDE_1.18.1\STM32CubeIDE\plugins\com.st.stm32cube.common.mx_6.15.0.202507011659\\db\
2026-01-11 13:32:19,408 [WARN] IP:2250 - I2C_Coeff_DF not found: check if there is a RefParameter without a condition.
2026-01-11 13:32:19,408 [WARN] IP:2250 - Analog_Filter not found: check if there is a RefParameter without a condition.
2026-01-11 13:32:19,461 [INFO] CodeEngine:265 - oldGeneratedFile, C:\Users\elena\OneDrive\Documents\PCB\SmallFlight1\design_documents\smallFlight1Pinout\MXTmpFiles\license.tmp_save
2026-01-11 13:32:19,503 [INFO] CodeEngine:289 - Generated code: C:\Users\elena\OneDrive\Documents\PCB\SmallFlight1\design_documents\smallFlight1Pinout\MXTmpFiles\license.tmp
2026-01-11 13:32:19,515 [INFO] CodeEngine:265 - oldGeneratedFile, C:\Users\elena\OneDrive\Documents\PCB\SmallFlight1\design_documents\smallFlight1Pinout\MXTmpFiles\gpio.tmp_save
2026-01-11 13:32:19,562 [INFO] CodeEngine:289 - Generated code: C:\Users\elena\OneDrive\Documents\PCB\SmallFlight1\design_documents\smallFlight1Pinout\MXTmpFiles\gpio.tmp
2026-01-11 13:32:19,588 [WARN] IPConfigManager:3238 - Warning: the RefConfig PWREx_EnableUSBVoltageDetector is not available in your config.xml file
2026-01-11 13:32:19,599 [INFO] CodeEngine:265 - oldGeneratedFile, C:\Users\elena\OneDrive\Documents\PCB\SmallFlight1\design_documents\smallFlight1Pinout\Core\Src\stm32f4xx_it.c_save
2026-01-11 13:32:19,647 [INFO] CodeEngine:289 - Generated code: C:\Users\elena\OneDrive\Documents\PCB\SmallFlight1\design_documents\smallFlight1Pinout\Core\Src\stm32f4xx_it.c
2026-01-11 13:32:19,653 [INFO] CodeEngine:265 - oldGeneratedFile, C:\Users\elena\OneDrive\Documents\PCB\SmallFlight1\design_documents\smallFlight1Pinout\Core\Inc\stm32f4xx_it.h_save
2026-01-11 13:32:19,697 [INFO] CodeEngine:289 - Generated code: C:\Users\elena\OneDrive\Documents\PCB\SmallFlight1\design_documents\smallFlight1Pinout\Core\Inc\stm32f4xx_it.h
2026-01-11 13:32:19,704 [ERROR] LogOutputStream:75 - [STDERR_REDIRECT] [Fatal Error] :1:1: Premature end of file.
2026-01-11 13:32:19,704 [ERROR] LogOutputStream:75 - [STDERR_REDIRECT] 
2026-01-11 13:32:19,710 [INFO] CodeEngine:265 - oldGeneratedFile, C:\Users\elena\OneDrive\Documents\PCB\SmallFlight1\design_documents\smallFlight1Pinout\Core\Src\stm32f4xx_hal_msp.c_save
2026-01-11 13:32:19,775 [INFO] CodeEngine:289 - Generated code: C:\Users\elena\OneDrive\Documents\PCB\SmallFlight1\design_documents\smallFlight1Pinout\Core\Src\stm32f4xx_hal_msp.c
2026-01-11 13:32:19,780 [INFO] CodeEngine:265 - oldGeneratedFile, C:\Users\elena\OneDrive\Documents\PCB\SmallFlight1\design_documents\smallFlight1Pinout\MXTmpFiles\system.tmp_save
2026-01-11 13:32:19,819 [INFO] CodeEngine:289 - Generated code: C:\Users\elena\OneDrive\Documents\PCB\SmallFlight1\design_documents\smallFlight1Pinout\MXTmpFiles\system.tmp
2026-01-11 13:32:19,830 [INFO] CodeEngine:321 - oldGeneratedFile, C:\Users\elena\OneDrive\Documents\PCB\SmallFlight1\design_documents\smallFlight1Pinout\Core\Inc\stm32f4xx_hal_conf.h_save
2026-01-11 13:32:19,879 [INFO] CodeEngine:345 - Generated code: C:\Users\elena\OneDrive\Documents\PCB\SmallFlight1\design_documents\smallFlight1Pinout\Core\Inc\stm32f4xx_hal_conf.h
2026-01-11 13:32:19,892 [WARN] IPConfigManager:3238 - Warning: the RefConfig PLL2P_FOR_MCO is not available in your config.xml file
2026-01-11 13:32:19,894 [WARN] IPConfigManager:3811 - IP not found : USB_OTG
2026-01-11 13:32:19,894 [WARN] CodeGenerator:4259 - IP not found : null
2026-01-11 13:32:19,902 [INFO] CodeEngine:265 - oldGeneratedFile, C:\Users\elena\OneDrive\Documents\PCB\SmallFlight1\design_documents\smallFlight1Pinout\Core\Inc\main.h_save
2026-01-11 13:32:19,947 [INFO] CodeEngine:289 - Generated code: C:\Users\elena\OneDrive\Documents\PCB\SmallFlight1\design_documents\smallFlight1Pinout\Core\Inc\main.h
2026-01-11 13:32:19,955 [INFO] CodeEngine:265 - oldGeneratedFile, C:\Users\elena\OneDrive\Documents\PCB\SmallFlight1\design_documents\smallFlight1Pinout\Core\Src\main.c_save
2026-01-11 13:32:20,014 [INFO] CodeEngine:289 - Generated code: C:\Users\elena\OneDrive\Documents\PCB\SmallFlight1\design_documents\smallFlight1Pinout\Core\Src\main.c
2026-01-11 13:32:20,244 [INFO] ProjectBuilder:3606 - Time for Copy HAL[1] : 139mS.
2026-01-11 13:32:20,248 [INFO] ProjectBuilder:5216 - Project Generator version: 4.7.0-B52
2026-01-11 13:32:20,294 [INFO] ConfigFileManager:1595 - The Die is : DIE421
2026-01-11 13:32:20,715 [ERROR] LogOutputStream:75 - [STDERR_REDIRECT] [Fatal Error] :1:1: Premature end of file.
2026-01-11 13:32:20,715 [ERROR] LogOutputStream:75 - [STDERR_REDIRECT] 
2026-01-11 13:32:20,824 [INFO] ProjectBuilder:5496 - Time for Generating toolchain IDE Files: 576mS.
2026-01-11 13:32:20,825 [INFO] ProjectBuilder:3463 - Time for Copy CMSIS : 0mS.
2026-01-11 13:32:20,829 [INFO] ProjectBuilder:3463 - Time for Copy CMSIS : 0mS.
2026-01-11 13:32:21,705 [ERROR] LogOutputStream:75 - [STDERR_REDIRECT] [Fatal Error] :1:1: Premature end of file.
2026-01-11 13:32:21,705 [ERROR] LogOutputStream:75 - [STDERR_REDIRECT] 
2026-01-11 13:32:22,716 [ERROR] LogOutputStream:75 - [STDERR_REDIRECT] [Fatal Error] :1:1: Premature end of file.
2026-01-11 13:32:22,716 [ERROR] LogOutputStream:75 - [STDERR_REDIRECT] 
2026-01-11 13:32:23,707 [ERROR] LogOutputStream:75 - [STDERR_REDIRECT] [Fatal Error] :1:1: Premature end of file.
2026-01-11 13:32:23,707 [ERROR] LogOutputStream:75 - [STDERR_REDIRECT] 
2026-01-11 13:32:24,713 [ERROR] LogOutputStream:75 - [STDERR_REDIRECT] [Fatal Error] :1:1: Premature end of file.
2026-01-11 13:32:24,713 [ERROR] LogOutputStream:75 - [STDERR_REDIRECT] 
2026-01-11 13:32:25,709 [ERROR] LogOutputStream:75 - [STDERR_REDIRECT] [Fatal Error] :1:1: Premature end of file.
2026-01-11 13:32:25,709 [ERROR] LogOutputStream:75 - [STDERR_REDIRECT] 
2026-01-11 13:32:26,703 [ERROR] LogOutputStream:75 - [STDERR_REDIRECT] [Fatal Error] :1:1: Premature end of file.
2026-01-11 13:32:26,703 [ERROR] LogOutputStream:75 - [STDERR_REDIRECT] 
2026-01-11 13:32:27,708 [ERROR] LogOutputStream:75 - [STDERR_REDIRECT] [Fatal Error] :1:1: Premature end of file.
2026-01-11 13:32:27,708 [ERROR] LogOutputStream:75 - [STDERR_REDIRECT] 
2026-01-11 13:32:28,703 [ERROR] LogOutputStream:75 - [STDERR_REDIRECT] [Fatal Error] :1:1: Premature end of file.
2026-01-11 13:32:28,705 [ERROR] LogOutputStream:75 - [STDERR_REDIRECT] 
2026-01-11 13:32:29,702 [ERROR] LogOutputStream:75 - [STDERR_REDIRECT] [Fatal Error] :1:1: Premature end of file.
2026-01-11 13:32:29,702 [ERROR] LogOutputStream:75 - [STDERR_REDIRECT] 
2026-01-11 13:32:30,711 [ERROR] LogOutputStream:75 - [STDERR_REDIRECT] [Fatal Error] :1:1: Premature end of file.
2026-01-11 13:32:30,711 [ERROR] LogOutputStream:75 - [STDERR_REDIRECT] 
2026-01-11 13:32:31,726 [ERROR] LogOutputStream:75 - [STDERR_REDIRECT] [Fatal Error] :1:1: Premature end of file.
2026-01-11 13:32:31,726 [ERROR] LogOutputStream:75 - [STDERR_REDIRECT] 
2026-01-11 13:32:32,706 [ERROR] LogOutputStream:75 - [STDERR_REDIRECT] [Fatal Error] :1:1: Premature end of file.
2026-01-11 13:32:32,706 [ERROR] LogOutputStream:75 - [STDERR_REDIRECT] 
2026-01-11 13:32:33,709 [ERROR] LogOutputStream:75 - [STDERR_REDIRECT] [Fatal Error] :1:1: Premature end of file.
2026-01-11 13:32:33,709 [ERROR] LogOutputStream:75 - [STDERR_REDIRECT] 
2026-01-11 13:32:34,708 [ERROR] LogOutputStream:75 - [STDERR_REDIRECT] [Fatal Error] :1:1: Premature end of file.
2026-01-11 13:32:34,708 [ERROR] LogOutputStream:75 - [STDERR_REDIRECT] 
2026-01-11 13:32:35,706 [ERROR] LogOutputStream:75 - [STDERR_REDIRECT] [Fatal Error] :1:1: Premature end of file.
2026-01-11 13:32:35,706 [ERROR] LogOutputStream:75 - [STDERR_REDIRECT] 
2026-01-11 13:32:36,716 [ERROR] LogOutputStream:75 - [STDERR_REDIRECT] [Fatal Error] :1:1: Premature end of file.
2026-01-11 13:32:36,716 [ERROR] LogOutputStream:75 - [STDERR_REDIRECT] 
2026-01-11 13:32:37,279 [INFO] UtilMem:75 - End SaveConfig() Used Memory: 1011243544 Bytes (1073741824)
2026-01-11 13:32:37,704 [ERROR] LogOutputStream:75 - [STDERR_REDIRECT] [Fatal Error] :1:1: Premature end of file.
2026-01-11 13:32:37,705 [ERROR] LogOutputStream:75 - [STDERR_REDIRECT] 
2026-01-11 13:32:38,073 [INFO] UtilMem:75 - End SaveConfig() Used Memory: 704997280 Bytes (1073741824)
2026-01-11 13:32:38,706 [ERROR] LogOutputStream:75 - [STDERR_REDIRECT] [Fatal Error] :1:1: Premature end of file.
2026-01-11 13:32:38,706 [ERROR] LogOutputStream:75 - [STDERR_REDIRECT] 
2026-01-11 13:32:38,828 [INFO] UtilMem:75 - End SaveConfig() Used Memory: 744843168 Bytes (1073741824)
2026-01-11 13:32:38,888 [INFO] ProjectBuilder:2380 - IP not ready for code generation: Clock
2026-01-11 13:32:39,715 [ERROR] LogOutputStream:75 - [STDERR_REDIRECT] [Fatal Error] :1:1: Premature end of file.
2026-01-11 13:32:39,715 [ERROR] LogOutputStream:75 - [STDERR_REDIRECT] 
2026-01-11 13:32:40,716 [ERROR] LogOutputStream:75 - [STDERR_REDIRECT] [Fatal Error] :1:1: Premature end of file.
2026-01-11 13:32:40,716 [ERROR] LogOutputStream:75 - [STDERR_REDIRECT] 
2026-01-11 13:32:41,001 [INFO] BlockDiagram:2775 - set Specific Code input for plugin: SYS
2026-01-11 13:32:41,001 [INFO] BlockDiagram:2775 - set Specific Code input for plugin: RCC
2026-01-11 13:32:41,001 [INFO] BlockDiagram:2775 - set Specific Code input for plugin: I2C
2026-01-11 13:32:41,001 [INFO] BlockDiagram:2775 - set Specific Code input for plugin: USB_OTG_FS
2026-01-11 13:32:41,001 [INFO] BlockDiagram:2775 - set Specific Code input for plugin: NVIC
2026-01-11 13:32:41,002 [INFO] BlockDiagram:2775 - set Specific Code input for plugin: GPIO
2026-01-11 13:32:41,003 [INFO] CodeGenerator:892 - code generatio: config db path: C:\ST\STM32CubeIDE_1.18.1\STM32CubeIDE\plugins\com.st.stm32cube.common.mx_6.15.0.202507011659\\db\
2026-01-11 13:32:41,003 [WARN] IP:2250 - I2C_Coeff_DF not found: check if there is a RefParameter without a condition.
2026-01-11 13:32:41,003 [WARN] IP:2250 - Analog_Filter not found: check if there is a RefParameter without a condition.
2026-01-11 13:32:41,051 [INFO] CodeEngine:265 - oldGeneratedFile, C:\Users\elena\OneDrive\Documents\PCB\SmallFlight1\design_documents\smallFlight1Pinout\MXTmpFiles\license.tmp_save
2026-01-11 13:32:41,093 [INFO] CodeEngine:289 - Generated code: C:\Users\elena\OneDrive\Documents\PCB\SmallFlight1\design_documents\smallFlight1Pinout\MXTmpFiles\license.tmp
2026-01-11 13:32:41,107 [INFO] CodeEngine:265 - oldGeneratedFile, C:\Users\elena\OneDrive\Documents\PCB\SmallFlight1\design_documents\smallFlight1Pinout\MXTmpFiles\gpio.tmp_save
2026-01-11 13:32:41,146 [INFO] CodeEngine:289 - Generated code: C:\Users\elena\OneDrive\Documents\PCB\SmallFlight1\design_documents\smallFlight1Pinout\MXTmpFiles\gpio.tmp
2026-01-11 13:32:41,172 [WARN] IPConfigManager:3238 - Warning: the RefConfig PWREx_EnableUSBVoltageDetector is not available in your config.xml file
2026-01-11 13:32:41,182 [INFO] CodeEngine:265 - oldGeneratedFile, C:\Users\elena\OneDrive\Documents\PCB\SmallFlight1\design_documents\smallFlight1Pinout\Core\Src\stm32f4xx_it.c_save
2026-01-11 13:32:41,230 [INFO] CodeEngine:289 - Generated code: C:\Users\elena\OneDrive\Documents\PCB\SmallFlight1\design_documents\smallFlight1Pinout\Core\Src\stm32f4xx_it.c
2026-01-11 13:32:41,237 [INFO] CodeEngine:265 - oldGeneratedFile, C:\Users\elena\OneDrive\Documents\PCB\SmallFlight1\design_documents\smallFlight1Pinout\Core\Inc\stm32f4xx_it.h_save
2026-01-11 13:32:41,280 [INFO] CodeEngine:289 - Generated code: C:\Users\elena\OneDrive\Documents\PCB\SmallFlight1\design_documents\smallFlight1Pinout\Core\Inc\stm32f4xx_it.h
2026-01-11 13:32:41,291 [INFO] CodeEngine:265 - oldGeneratedFile, C:\Users\elena\OneDrive\Documents\PCB\SmallFlight1\design_documents\smallFlight1Pinout\Core\Src\stm32f4xx_hal_msp.c_save
2026-01-11 13:32:41,356 [INFO] CodeEngine:289 - Generated code: C:\Users\elena\OneDrive\Documents\PCB\SmallFlight1\design_documents\smallFlight1Pinout\Core\Src\stm32f4xx_hal_msp.c
2026-01-11 13:32:41,360 [INFO] CodeEngine:265 - oldGeneratedFile, C:\Users\elena\OneDrive\Documents\PCB\SmallFlight1\design_documents\smallFlight1Pinout\MXTmpFiles\system.tmp_save
2026-01-11 13:32:41,398 [INFO] CodeEngine:289 - Generated code: C:\Users\elena\OneDrive\Documents\PCB\SmallFlight1\design_documents\smallFlight1Pinout\MXTmpFiles\system.tmp
2026-01-11 13:32:41,411 [INFO] CodeEngine:321 - oldGeneratedFile, C:\Users\elena\OneDrive\Documents\PCB\SmallFlight1\design_documents\smallFlight1Pinout\Core\Inc\stm32f4xx_hal_conf.h_save
2026-01-11 13:32:41,462 [INFO] CodeEngine:345 - Generated code: C:\Users\elena\OneDrive\Documents\PCB\SmallFlight1\design_documents\smallFlight1Pinout\Core\Inc\stm32f4xx_hal_conf.h
2026-01-11 13:32:41,478 [WARN] IPConfigManager:3238 - Warning: the RefConfig PLL2P_FOR_MCO is not available in your config.xml file
2026-01-11 13:32:41,481 [WARN] IPConfigManager:3811 - IP not found : USB_OTG
2026-01-11 13:32:41,481 [WARN] CodeGenerator:4259 - IP not found : null
2026-01-11 13:32:41,490 [INFO] CodeEngine:265 - oldGeneratedFile, C:\Users\elena\OneDrive\Documents\PCB\SmallFlight1\design_documents\smallFlight1Pinout\Core\Inc\main.h_save
2026-01-11 13:32:41,538 [INFO] CodeEngine:289 - Generated code: C:\Users\elena\OneDrive\Documents\PCB\SmallFlight1\design_documents\smallFlight1Pinout\Core\Inc\main.h
2026-01-11 13:32:41,544 [INFO] CodeEngine:265 - oldGeneratedFile, C:\Users\elena\OneDrive\Documents\PCB\SmallFlight1\design_documents\smallFlight1Pinout\Core\Src\main.c_save
2026-01-11 13:32:41,608 [INFO] CodeEngine:289 - Generated code: C:\Users\elena\OneDrive\Documents\PCB\SmallFlight1\design_documents\smallFlight1Pinout\Core\Src\main.c
2026-01-11 13:32:41,702 [ERROR] LogOutputStream:75 - [STDERR_REDIRECT] [Fatal Error] :1:1: Premature end of file.
2026-01-11 13:32:41,703 [ERROR] LogOutputStream:75 - [STDERR_REDIRECT] 
2026-01-11 13:32:41,833 [INFO] ProjectBuilder:3606 - Time for Copy HAL[1] : 137mS.
2026-01-11 13:32:41,837 [INFO] ProjectBuilder:5216 - Project Generator version: 4.7.0-B52
2026-01-11 13:32:41,891 [INFO] ConfigFileManager:1595 - The Die is : DIE421
2026-01-11 13:32:42,348 [INFO] ProjectBuilder:5496 - Time for Generating toolchain IDE Files: 511mS.
2026-01-11 13:32:42,349 [INFO] ProjectBuilder:3463 - Time for Copy CMSIS : 1mS.
2026-01-11 13:32:42,353 [INFO] ProjectBuilder:3463 - Time for Copy CMSIS : 0mS.
2026-01-11 13:32:42,704 [ERROR] LogOutputStream:75 - [STDERR_REDIRECT] [Fatal Error] :1:1: Premature end of file.
2026-01-11 13:32:42,705 [ERROR] LogOutputStream:75 - [STDERR_REDIRECT] 
2026-01-11 13:32:43,703 [ERROR] LogOutputStream:75 - [STDERR_REDIRECT] [Fatal Error] :1:1: Premature end of file.
2026-01-11 13:32:43,703 [ERROR] LogOutputStream:75 - [STDERR_REDIRECT] 
2026-01-11 13:32:44,706 [ERROR] LogOutputStream:75 - [STDERR_REDIRECT] [Fatal Error] :1:1: Premature end of file.
2026-01-11 13:32:44,706 [ERROR] LogOutputStream:75 - [STDERR_REDIRECT] 
2026-01-11 13:32:45,728 [ERROR] LogOutputStream:75 - [STDERR_REDIRECT] [Fatal Error] :1:1: Premature end of file.
2026-01-11 13:32:45,728 [ERROR] LogOutputStream:75 - [STDERR_REDIRECT] 
2026-01-11 13:32:46,707 [ERROR] LogOutputStream:75 - [STDERR_REDIRECT] [Fatal Error] :1:1: Premature end of file.
2026-01-11 13:32:46,708 [ERROR] LogOutputStream:75 - [STDERR_REDIRECT] 
2026-01-11 13:32:47,703 [ERROR] LogOutputStream:75 - [STDERR_REDIRECT] [Fatal Error] :1:1: Premature end of file.
2026-01-11 13:32:47,703 [ERROR] LogOutputStream:75 - [STDERR_REDIRECT] 
2026-01-11 13:32:48,708 [ERROR] LogOutputStream:75 - [STDERR_REDIRECT] [Fatal Error] :1:1: Premature end of file.
2026-01-11 13:32:48,708 [ERROR] LogOutputStream:75 - [STDERR_REDIRECT] 
2026-01-11 13:32:49,707 [ERROR] LogOutputStream:75 - [STDERR_REDIRECT] [Fatal Error] :1:1: Premature end of file.
2026-01-11 13:32:49,707 [ERROR] LogOutputStream:75 - [STDERR_REDIRECT] 
2026-01-11 13:32:50,707 [ERROR] LogOutputStream:75 - [STDERR_REDIRECT] [Fatal Error] :1:1: Premature end of file.
2026-01-11 13:32:50,707 [ERROR] LogOutputStream:75 - [STDERR_REDIRECT] 
2026-01-11 13:32:51,713 [ERROR] LogOutputStream:75 - [STDERR_REDIRECT] [Fatal Error] :1:1: Premature end of file.
2026-01-11 13:32:51,713 [ERROR] LogOutputStream:75 - [STDERR_REDIRECT] 
2026-01-11 13:32:52,710 [ERROR] LogOutputStream:75 - [STDERR_REDIRECT] [Fatal Error] :1:1: Premature end of file.
2026-01-11 13:32:52,710 [ERROR] LogOutputStream:75 - [STDERR_REDIRECT] 
2026-01-11 13:32:53,036 [WARN] IP:2250 - I2C_Coeff_DF not found: check if there is a RefParameter without a condition.
2026-01-11 13:32:53,036 [WARN] IP:2250 - Analog_Filter not found: check if there is a RefParameter without a condition.
2026-01-11 13:32:53,704 [ERROR] LogOutputStream:75 - [STDERR_REDIRECT] [Fatal Error] :1:1: Premature end of file.
2026-01-11 13:32:53,704 [ERROR] LogOutputStream:75 - [STDERR_REDIRECT] 
2026-01-11 13:32:54,709 [ERROR] LogOutputStream:75 - [STDERR_REDIRECT] [Fatal Error] :1:1: Premature end of file.
2026-01-11 13:32:54,709 [ERROR] LogOutputStream:75 - [STDERR_REDIRECT] 
2026-01-11 13:32:54,936 [INFO] NvicIntPanel:101 - NVIC parent = com.st.microxplorer.plugins.ip.nvic.MultiNvicIntPanel[,0,0,516x413,layout=javax.swing.BoxLayout,alignmentX=0.0,alignmentY=0.0,border=,flags=9,maximumSize=,minimumSize=,preferredSize=]
2026-01-11 13:32:55,422 [WARN] IP:2250 - I2C_Coeff_DF not found: check if there is a RefParameter without a condition.
2026-01-11 13:32:55,422 [WARN] IP:2250 - Analog_Filter not found: check if there is a RefParameter without a condition.
2026-01-11 13:32:55,713 [ERROR] LogOutputStream:75 - [STDERR_REDIRECT] [Fatal Error] :1:1: Premature end of file.
2026-01-11 13:32:55,713 [ERROR] LogOutputStream:75 - [STDERR_REDIRECT] 
2026-01-11 13:32:56,726 [ERROR] LogOutputStream:75 - [STDERR_REDIRECT] [Fatal Error] :1:1: Premature end of file.
2026-01-11 13:32:56,726 [ERROR] LogOutputStream:75 - [STDERR_REDIRECT] 
2026-01-11 13:32:57,702 [ERROR] LogOutputStream:75 - [STDERR_REDIRECT] [Fatal Error] :1:1: Premature end of file.
2026-01-11 13:32:57,702 [ERROR] LogOutputStream:75 - [STDERR_REDIRECT] 
2026-01-11 13:32:58,706 [ERROR] LogOutputStream:75 - [STDERR_REDIRECT] [Fatal Error] :1:1: Premature end of file.
2026-01-11 13:32:58,706 [ERROR] LogOutputStream:75 - [STDERR_REDIRECT] 
2026-01-11 13:32:59,703 [ERROR] LogOutputStream:75 - [STDERR_REDIRECT] [Fatal Error] :1:1: Premature end of file.
2026-01-11 13:32:59,703 [ERROR] LogOutputStream:75 - [STDERR_REDIRECT] 
2026-01-11 13:33:00,705 [ERROR] LogOutputStream:75 - [STDERR_REDIRECT] [Fatal Error] :1:1: Premature end of file.
2026-01-11 13:33:00,705 [ERROR] LogOutputStream:75 - [STDERR_REDIRECT] 
2026-01-11 13:33:01,705 [ERROR] LogOutputStream:75 - [STDERR_REDIRECT] [Fatal Error] :1:1: Premature end of file.
2026-01-11 13:33:01,705 [ERROR] LogOutputStream:75 - [STDERR_REDIRECT] 
2026-01-11 13:33:02,715 [ERROR] LogOutputStream:75 - [STDERR_REDIRECT] [Fatal Error] :1:1: Premature end of file.
2026-01-11 13:33:02,716 [ERROR] LogOutputStream:75 - [STDERR_REDIRECT] 
2026-01-11 13:33:03,708 [ERROR] LogOutputStream:75 - [STDERR_REDIRECT] [Fatal Error] :1:1: Premature end of file.
2026-01-11 13:33:03,708 [ERROR] LogOutputStream:75 - [STDERR_REDIRECT] 
2026-01-11 13:33:04,722 [ERROR] LogOutputStream:75 - [STDERR_REDIRECT] [Fatal Error] :1:1: Premature end of file.
2026-01-11 13:33:04,722 [ERROR] LogOutputStream:75 - [STDERR_REDIRECT] 
2026-01-11 13:33:05,380 [INFO] NvicIntPanel:101 - NVIC parent = com.st.microxplorer.plugins.ip.nvic.MultiNvicIntPanel[,0,0,516x413,layout=javax.swing.BoxLayout,alignmentX=0.0,alignmentY=0.0,border=,flags=9,maximumSize=,minimumSize=,preferredSize=]
2026-01-11 13:33:05,715 [ERROR] LogOutputStream:75 - [STDERR_REDIRECT] [Fatal Error] :1:1: Premature end of file.
2026-01-11 13:33:05,715 [ERROR] LogOutputStream:75 - [STDERR_REDIRECT] 
2026-01-11 13:33:06,705 [ERROR] LogOutputStream:75 - [STDERR_REDIRECT] [Fatal Error] :1:1: Premature end of file.
2026-01-11 13:33:06,705 [ERROR] LogOutputStream:75 - [STDERR_REDIRECT] 
2026-01-11 13:33:07,693 [WARN] IP:2250 - I2C_Coeff_DF not found: check if there is a RefParameter without a condition.
2026-01-11 13:33:07,693 [WARN] IP:2250 - Analog_Filter not found: check if there is a RefParameter without a condition.
2026-01-11 13:33:07,704 [ERROR] LogOutputStream:75 - [STDERR_REDIRECT] [Fatal Error] :1:1: Premature end of file.
2026-01-11 13:33:07,704 [ERROR] LogOutputStream:75 - [STDERR_REDIRECT] 
2026-01-11 13:33:08,708 [ERROR] LogOutputStream:75 - [STDERR_REDIRECT] [Fatal Error] :1:1: Premature end of file.
2026-01-11 13:33:08,709 [ERROR] LogOutputStream:75 - [STDERR_REDIRECT] 
2026-01-11 13:33:09,118 [INFO] NvicIntPanel:101 - NVIC parent = com.st.microxplorer.plugins.ip.nvic.MultiNvicIntPanel[,0,0,516x413,layout=javax.swing.BoxLayout,alignmentX=0.0,alignmentY=0.0,border=,flags=9,maximumSize=,minimumSize=,preferredSize=]
2026-01-11 13:33:09,580 [WARN] IP:2250 - I2C_Coeff_DF not found: check if there is a RefParameter without a condition.
2026-01-11 13:33:09,580 [WARN] IP:2250 - Analog_Filter not found: check if there is a RefParameter without a condition.
2026-01-11 13:33:09,702 [ERROR] LogOutputStream:75 - [STDERR_REDIRECT] [Fatal Error] :1:1: Premature end of file.
2026-01-11 13:33:09,702 [ERROR] LogOutputStream:75 - [STDERR_REDIRECT] 
2026-01-11 13:33:10,706 [ERROR] LogOutputStream:75 - [STDERR_REDIRECT] [Fatal Error] :1:1: Premature end of file.
2026-01-11 13:33:10,706 [ERROR] LogOutputStream:75 - [STDERR_REDIRECT] 
2026-01-11 13:33:11,706 [ERROR] LogOutputStream:75 - [STDERR_REDIRECT] [Fatal Error] :1:1: Premature end of file.
2026-01-11 13:33:11,706 [ERROR] LogOutputStream:75 - [STDERR_REDIRECT] 
2026-01-11 13:33:12,714 [ERROR] LogOutputStream:75 - [STDERR_REDIRECT] [Fatal Error] :1:1: Premature end of file.
2026-01-11 13:33:12,714 [ERROR] LogOutputStream:75 - [STDERR_REDIRECT] 
2026-01-11 13:33:13,708 [ERROR] LogOutputStream:75 - [STDERR_REDIRECT] [Fatal Error] :1:1: Premature end of file.
2026-01-11 13:33:13,708 [ERROR] LogOutputStream:75 - [STDERR_REDIRECT] 
2026-01-11 13:33:14,667 [INFO] Gpio:278 - dependency for GPIO [I2C1, RCC, SYS, USB_OTG_FS]
2026-01-11 13:33:14,703 [ERROR] LogOutputStream:75 - [STDERR_REDIRECT] [Fatal Error] :1:1: Premature end of file.
2026-01-11 13:33:14,703 [ERROR] LogOutputStream:75 - [STDERR_REDIRECT] 
2026-01-11 13:33:15,711 [ERROR] LogOutputStream:75 - [STDERR_REDIRECT] [Fatal Error] :1:1: Premature end of file.
2026-01-11 13:33:15,711 [ERROR] LogOutputStream:75 - [STDERR_REDIRECT] 
2026-01-11 13:33:16,708 [ERROR] LogOutputStream:75 - [STDERR_REDIRECT] [Fatal Error] :1:1: Premature end of file.
2026-01-11 13:33:16,708 [ERROR] LogOutputStream:75 - [STDERR_REDIRECT] 
2026-01-11 13:33:17,706 [ERROR] LogOutputStream:75 - [STDERR_REDIRECT] [Fatal Error] :1:1: Premature end of file.
2026-01-11 13:33:17,706 [ERROR] LogOutputStream:75 - [STDERR_REDIRECT] 
2026-01-11 13:33:18,712 [ERROR] LogOutputStream:75 - [STDERR_REDIRECT] [Fatal Error] :1:1: Premature end of file.
2026-01-11 13:33:18,712 [ERROR] LogOutputStream:75 - [STDERR_REDIRECT] 
2026-01-11 13:33:19,716 [ERROR] LogOutputStream:75 - [STDERR_REDIRECT] [Fatal Error] :1:1: Premature end of file.
2026-01-11 13:33:19,716 [ERROR] LogOutputStream:75 - [STDERR_REDIRECT] 
2026-01-11 13:33:20,715 [ERROR] LogOutputStream:75 - [STDERR_REDIRECT] [Fatal Error] :1:1: Premature end of file.
2026-01-11 13:33:20,716 [ERROR] LogOutputStream:75 - [STDERR_REDIRECT] 
2026-01-11 13:33:21,707 [ERROR] LogOutputStream:75 - [STDERR_REDIRECT] [Fatal Error] :1:1: Premature end of file.
2026-01-11 13:33:21,707 [ERROR] LogOutputStream:75 - [STDERR_REDIRECT] 
2026-01-11 13:33:22,704 [ERROR] LogOutputStream:75 - [STDERR_REDIRECT] [Fatal Error] :1:1: Premature end of file.
2026-01-11 13:33:22,704 [ERROR] LogOutputStream:75 - [STDERR_REDIRECT] 
2026-01-11 13:33:23,716 [ERROR] LogOutputStream:75 - [STDERR_REDIRECT] [Fatal Error] :1:1: Premature end of file.
2026-01-11 13:33:23,717 [ERROR] LogOutputStream:75 - [STDERR_REDIRECT] 
2026-01-11 13:33:24,704 [ERROR] LogOutputStream:75 - [STDERR_REDIRECT] [Fatal Error] :1:1: Premature end of file.
2026-01-11 13:33:24,704 [ERROR] LogOutputStream:75 - [STDERR_REDIRECT] 
2026-01-11 13:33:25,707 [ERROR] LogOutputStream:75 - [STDERR_REDIRECT] [Fatal Error] :1:1: Premature end of file.
2026-01-11 13:33:25,708 [ERROR] LogOutputStream:75 - [STDERR_REDIRECT] 
2026-01-11 13:33:26,707 [ERROR] LogOutputStream:75 - [STDERR_REDIRECT] [Fatal Error] :1:1: Premature end of file.
2026-01-11 13:33:26,707 [ERROR] LogOutputStream:75 - [STDERR_REDIRECT] 
2026-01-11 13:33:27,709 [ERROR] LogOutputStream:75 - [STDERR_REDIRECT] [Fatal Error] :1:1: Premature end of file.
2026-01-11 13:33:27,709 [ERROR] LogOutputStream:75 - [STDERR_REDIRECT] 
2026-01-11 13:33:28,718 [ERROR] LogOutputStream:75 - [STDERR_REDIRECT] [Fatal Error] :1:1: Premature end of file.
2026-01-11 13:33:28,718 [ERROR] LogOutputStream:75 - [STDERR_REDIRECT] 
2026-01-11 13:33:29,703 [ERROR] LogOutputStream:75 - [STDERR_REDIRECT] [Fatal Error] :1:1: Premature end of file.
2026-01-11 13:33:29,703 [ERROR] LogOutputStream:75 - [STDERR_REDIRECT] 
2026-01-11 13:33:30,707 [ERROR] LogOutputStream:75 - [STDERR_REDIRECT] [Fatal Error] :1:1: Premature end of file.
2026-01-11 13:33:30,707 [ERROR] LogOutputStream:75 - [STDERR_REDIRECT] 
2026-01-11 13:33:31,005 [INFO] UtilMem:75 - End SaveConfig() Used Memory: 783262760 Bytes (1073741824)
2026-01-11 13:33:31,705 [ERROR] LogOutputStream:75 - [STDERR_REDIRECT] [Fatal Error] :1:1: Premature end of file.
2026-01-11 13:33:31,705 [ERROR] LogOutputStream:75 - [STDERR_REDIRECT] 
2026-01-11 13:33:31,782 [INFO] UtilMem:75 - End SaveConfig() Used Memory: 823634984 Bytes (1073741824)
2026-01-11 13:33:32,652 [INFO] UtilMem:75 - End SaveConfig() Used Memory: 862438384 Bytes (1073741824)
2026-01-11 13:33:32,708 [ERROR] LogOutputStream:75 - [STDERR_REDIRECT] [Fatal Error] :1:1: Premature end of file.
2026-01-11 13:33:32,709 [ERROR] LogOutputStream:75 - [STDERR_REDIRECT] 
2026-01-11 13:33:32,716 [INFO] ProjectBuilder:2380 - IP not ready for code generation: Clock
2026-01-11 13:33:33,704 [ERROR] LogOutputStream:75 - [STDERR_REDIRECT] [Fatal Error] :1:1: Premature end of file.
2026-01-11 13:33:33,704 [ERROR] LogOutputStream:75 - [STDERR_REDIRECT] 
2026-01-11 13:33:34,716 [ERROR] LogOutputStream:75 - [STDERR_REDIRECT] [Fatal Error] :1:1: Premature end of file.
2026-01-11 13:33:34,716 [ERROR] LogOutputStream:75 - [STDERR_REDIRECT] 
2026-01-11 13:33:35,715 [ERROR] LogOutputStream:75 - [STDERR_REDIRECT] [Fatal Error] :1:1: Premature end of file.
2026-01-11 13:33:35,715 [ERROR] LogOutputStream:75 - [STDERR_REDIRECT] 
2026-01-11 13:33:36,161 [INFO] BlockDiagram:2775 - set Specific Code input for plugin: SYS
2026-01-11 13:33:36,161 [INFO] BlockDiagram:2775 - set Specific Code input for plugin: RCC
2026-01-11 13:33:36,161 [INFO] BlockDiagram:2775 - set Specific Code input for plugin: I2C
2026-01-11 13:33:36,161 [INFO] BlockDiagram:2775 - set Specific Code input for plugin: USB_OTG_FS
2026-01-11 13:33:36,161 [INFO] BlockDiagram:2775 - set Specific Code input for plugin: NVIC
2026-01-11 13:33:36,161 [INFO] BlockDiagram:2775 - set Specific Code input for plugin: GPIO
2026-01-11 13:33:36,162 [INFO] CodeGenerator:892 - code generatio: config db path: C:\ST\STM32CubeIDE_1.18.1\STM32CubeIDE\plugins\com.st.stm32cube.common.mx_6.15.0.202507011659\\db\
2026-01-11 13:33:36,163 [WARN] IP:2250 - I2C_Coeff_DF not found: check if there is a RefParameter without a condition.
2026-01-11 13:33:36,163 [WARN] IP:2250 - Analog_Filter not found: check if there is a RefParameter without a condition.
2026-01-11 13:33:36,209 [INFO] CodeEngine:265 - oldGeneratedFile, C:\Users\elena\OneDrive\Documents\PCB\SmallFlight1\design_documents\smallFlight1Pinout\MXTmpFiles\license.tmp_save
2026-01-11 13:33:36,250 [INFO] CodeEngine:289 - Generated code: C:\Users\elena\OneDrive\Documents\PCB\SmallFlight1\design_documents\smallFlight1Pinout\MXTmpFiles\license.tmp
2026-01-11 13:33:36,262 [INFO] CodeEngine:265 - oldGeneratedFile, C:\Users\elena\OneDrive\Documents\PCB\SmallFlight1\design_documents\smallFlight1Pinout\MXTmpFiles\gpio.tmp_save
2026-01-11 13:33:36,305 [INFO] CodeEngine:289 - Generated code: C:\Users\elena\OneDrive\Documents\PCB\SmallFlight1\design_documents\smallFlight1Pinout\MXTmpFiles\gpio.tmp
2026-01-11 13:33:36,329 [WARN] IPConfigManager:3238 - Warning: the RefConfig PWREx_EnableUSBVoltageDetector is not available in your config.xml file
2026-01-11 13:33:36,344 [INFO] CodeEngine:265 - oldGeneratedFile, C:\Users\elena\OneDrive\Documents\PCB\SmallFlight1\design_documents\smallFlight1Pinout\Core\Src\stm32f4xx_it.c_save
2026-01-11 13:33:36,392 [INFO] CodeEngine:289 - Generated code: C:\Users\elena\OneDrive\Documents\PCB\SmallFlight1\design_documents\smallFlight1Pinout\Core\Src\stm32f4xx_it.c
2026-01-11 13:33:36,398 [INFO] CodeEngine:265 - oldGeneratedFile, C:\Users\elena\OneDrive\Documents\PCB\SmallFlight1\design_documents\smallFlight1Pinout\Core\Inc\stm32f4xx_it.h_save
2026-01-11 13:33:36,444 [INFO] CodeEngine:289 - Generated code: C:\Users\elena\OneDrive\Documents\PCB\SmallFlight1\design_documents\smallFlight1Pinout\Core\Inc\stm32f4xx_it.h
2026-01-11 13:33:36,456 [INFO] CodeEngine:265 - oldGeneratedFile, C:\Users\elena\OneDrive\Documents\PCB\SmallFlight1\design_documents\smallFlight1Pinout\Core\Src\stm32f4xx_hal_msp.c_save
2026-01-11 13:33:36,517 [INFO] CodeEngine:289 - Generated code: C:\Users\elena\OneDrive\Documents\PCB\SmallFlight1\design_documents\smallFlight1Pinout\Core\Src\stm32f4xx_hal_msp.c
2026-01-11 13:33:36,522 [INFO] CodeEngine:265 - oldGeneratedFile, C:\Users\elena\OneDrive\Documents\PCB\SmallFlight1\design_documents\smallFlight1Pinout\MXTmpFiles\system.tmp_save
2026-01-11 13:33:36,571 [INFO] CodeEngine:289 - Generated code: C:\Users\elena\OneDrive\Documents\PCB\SmallFlight1\design_documents\smallFlight1Pinout\MXTmpFiles\system.tmp
2026-01-11 13:33:36,581 [INFO] CodeEngine:321 - oldGeneratedFile, C:\Users\elena\OneDrive\Documents\PCB\SmallFlight1\design_documents\smallFlight1Pinout\Core\Inc\stm32f4xx_hal_conf.h_save
2026-01-11 13:33:36,628 [INFO] CodeEngine:345 - Generated code: C:\Users\elena\OneDrive\Documents\PCB\SmallFlight1\design_documents\smallFlight1Pinout\Core\Inc\stm32f4xx_hal_conf.h
2026-01-11 13:33:36,641 [WARN] IPConfigManager:3238 - Warning: the RefConfig PLL2P_FOR_MCO is not available in your config.xml file
2026-01-11 13:33:36,643 [WARN] IPConfigManager:3811 - IP not found : USB_OTG
2026-01-11 13:33:36,643 [WARN] CodeGenerator:4259 - IP not found : null
2026-01-11 13:33:36,651 [INFO] CodeEngine:265 - oldGeneratedFile, C:\Users\elena\OneDrive\Documents\PCB\SmallFlight1\design_documents\smallFlight1Pinout\Core\Inc\main.h_save
2026-01-11 13:33:36,698 [INFO] CodeEngine:289 - Generated code: C:\Users\elena\OneDrive\Documents\PCB\SmallFlight1\design_documents\smallFlight1Pinout\Core\Inc\main.h
2026-01-11 13:33:36,703 [ERROR] LogOutputStream:75 - [STDERR_REDIRECT] [Fatal Error] :1:1: Premature end of file.
2026-01-11 13:33:36,703 [ERROR] LogOutputStream:75 - [STDERR_REDIRECT] 
2026-01-11 13:33:36,705 [INFO] CodeEngine:265 - oldGeneratedFile, C:\Users\elena\OneDrive\Documents\PCB\SmallFlight1\design_documents\smallFlight1Pinout\Core\Src\main.c_save
2026-01-11 13:33:36,772 [INFO] CodeEngine:289 - Generated code: C:\Users\elena\OneDrive\Documents\PCB\SmallFlight1\design_documents\smallFlight1Pinout\Core\Src\main.c
2026-01-11 13:33:37,002 [INFO] ProjectBuilder:3606 - Time for Copy HAL[1] : 133mS.
2026-01-11 13:33:37,005 [INFO] ProjectBuilder:5216 - Project Generator version: 4.7.0-B52
2026-01-11 13:33:37,049 [INFO] ConfigFileManager:1595 - The Die is : DIE421
2026-01-11 13:33:37,526 [INFO] ProjectBuilder:5496 - Time for Generating toolchain IDE Files: 521mS.
2026-01-11 13:33:37,527 [INFO] ProjectBuilder:3463 - Time for Copy CMSIS : 0mS.
2026-01-11 13:33:37,530 [INFO] ProjectBuilder:3463 - Time for Copy CMSIS : 0mS.
2026-01-11 13:33:37,706 [ERROR] LogOutputStream:75 - [STDERR_REDIRECT] [Fatal Error] :1:1: Premature end of file.
2026-01-11 13:33:37,706 [ERROR] LogOutputStream:75 - [STDERR_REDIRECT] 
2026-01-11 13:33:38,705 [ERROR] LogOutputStream:75 - [STDERR_REDIRECT] [Fatal Error] :1:1: Premature end of file.
2026-01-11 13:33:38,705 [ERROR] LogOutputStream:75 - [STDERR_REDIRECT] 
2026-01-11 13:33:39,710 [ERROR] LogOutputStream:75 - [STDERR_REDIRECT] [Fatal Error] :1:1: Premature end of file.
2026-01-11 13:33:39,710 [ERROR] LogOutputStream:75 - [STDERR_REDIRECT] 
2026-01-11 13:33:40,705 [ERROR] LogOutputStream:75 - [STDERR_REDIRECT] [Fatal Error] :1:1: Premature end of file.
2026-01-11 13:33:40,706 [ERROR] LogOutputStream:75 - [STDERR_REDIRECT] 
2026-01-11 13:33:41,712 [ERROR] LogOutputStream:75 - [STDERR_REDIRECT] [Fatal Error] :1:1: Premature end of file.
2026-01-11 13:33:41,712 [ERROR] LogOutputStream:75 - [STDERR_REDIRECT] 
2026-01-11 13:33:42,704 [ERROR] LogOutputStream:75 - [STDERR_REDIRECT] [Fatal Error] :1:1: Premature end of file.
2026-01-11 13:33:42,705 [ERROR] LogOutputStream:75 - [STDERR_REDIRECT] 
2026-01-11 13:33:43,705 [ERROR] LogOutputStream:75 - [STDERR_REDIRECT] [Fatal Error] :1:1: Premature end of file.
2026-01-11 13:33:43,706 [ERROR] LogOutputStream:75 - [STDERR_REDIRECT] 
2026-01-11 13:33:44,708 [ERROR] LogOutputStream:75 - [STDERR_REDIRECT] [Fatal Error] :1:1: Premature end of file.
2026-01-11 13:33:44,708 [ERROR] LogOutputStream:75 - [STDERR_REDIRECT] 
2026-01-11 13:33:45,708 [ERROR] LogOutputStream:75 - [STDERR_REDIRECT] [Fatal Error] :1:1: Premature end of file.
2026-01-11 13:33:45,708 [ERROR] LogOutputStream:75 - [STDERR_REDIRECT] 
2026-01-11 13:33:46,713 [ERROR] LogOutputStream:75 - [STDERR_REDIRECT] [Fatal Error] :1:1: Premature end of file.
2026-01-11 13:33:46,713 [ERROR] LogOutputStream:75 - [STDERR_REDIRECT] 
2026-01-11 13:33:47,709 [ERROR] LogOutputStream:75 - [STDERR_REDIRECT] [Fatal Error] :1:1: Premature end of file.
2026-01-11 13:33:47,709 [ERROR] LogOutputStream:75 - [STDERR_REDIRECT] 
2026-01-11 13:33:48,707 [ERROR] LogOutputStream:75 - [STDERR_REDIRECT] [Fatal Error] :1:1: Premature end of file.
2026-01-11 13:33:48,707 [ERROR] LogOutputStream:75 - [STDERR_REDIRECT] 
2026-01-11 13:33:49,709 [ERROR] LogOutputStream:75 - [STDERR_REDIRECT] [Fatal Error] :1:1: Premature end of file.
2026-01-11 13:33:49,710 [ERROR] LogOutputStream:75 - [STDERR_REDIRECT] 
2026-01-11 13:33:50,709 [ERROR] LogOutputStream:75 - [STDERR_REDIRECT] [Fatal Error] :1:1: Premature end of file.
2026-01-11 13:33:50,709 [ERROR] LogOutputStream:75 - [STDERR_REDIRECT] 
2026-01-11 13:33:51,709 [ERROR] LogOutputStream:75 - [STDERR_REDIRECT] [Fatal Error] :1:1: Premature end of file.
2026-01-11 13:33:51,709 [ERROR] LogOutputStream:75 - [STDERR_REDIRECT] 
2026-01-11 13:33:52,709 [ERROR] LogOutputStream:75 - [STDERR_REDIRECT] [Fatal Error] :1:1: Premature end of file.
2026-01-11 13:33:52,709 [ERROR] LogOutputStream:75 - [STDERR_REDIRECT] 
2026-01-11 13:33:53,710 [ERROR] LogOutputStream:75 - [STDERR_REDIRECT] [Fatal Error] :1:1: Premature end of file.
2026-01-11 13:33:53,710 [ERROR] LogOutputStream:75 - [STDERR_REDIRECT] 
2026-01-11 13:33:54,707 [ERROR] LogOutputStream:75 - [STDERR_REDIRECT] [Fatal Error] :1:1: Premature end of file.
2026-01-11 13:33:54,707 [ERROR] LogOutputStream:75 - [STDERR_REDIRECT] 
2026-01-11 13:33:55,715 [ERROR] LogOutputStream:75 - [STDERR_REDIRECT] [Fatal Error] :1:1: Premature end of file.
2026-01-11 13:33:55,715 [ERROR] LogOutputStream:75 - [STDERR_REDIRECT] 
2026-01-11 13:33:56,705 [ERROR] LogOutputStream:75 - [STDERR_REDIRECT] [Fatal Error] :1:1: Premature end of file.
2026-01-11 13:33:56,705 [ERROR] LogOutputStream:75 - [STDERR_REDIRECT] 
2026-01-11 13:33:57,712 [ERROR] LogOutputStream:75 - [STDERR_REDIRECT] [Fatal Error] :1:1: Premature end of file.
2026-01-11 13:33:57,712 [ERROR] LogOutputStream:75 - [STDERR_REDIRECT] 
2026-01-11 13:33:58,726 [ERROR] LogOutputStream:75 - [STDERR_REDIRECT] [Fatal Error] :1:1: Premature end of file.
2026-01-11 13:33:58,726 [ERROR] LogOutputStream:75 - [STDERR_REDIRECT] 
2026-01-11 13:33:59,705 [ERROR] LogOutputStream:75 - [STDERR_REDIRECT] [Fatal Error] :1:1: Premature end of file.
2026-01-11 13:33:59,706 [ERROR] LogOutputStream:75 - [STDERR_REDIRECT] 
2026-01-11 13:34:00,245 [ERROR] LogOutputStream:75 - [STDERR_REDIRECT] Exception in thread "AWT-EventQueue-0" java.lang.ClassCastException: class sun.awt.windows.WEmbeddedFrame cannot be cast to class javax.swing.JFrame (sun.awt.windows.WEmbeddedFrame and javax.swing.JFrame are in module java.desktop of loader 'bootstrap')
2026-01-11 13:34:00,246 [ERROR] LogOutputStream:75 - [STDERR_REDIRECT] 	at com.st.microxplorer.plugins.clock.ClockConfigurationView.activatePlugin(ClockConfigurationView.java:424)
2026-01-11 13:34:00,246 [ERROR] LogOutputStream:75 - [STDERR_REDIRECT] 	at com.st.microxplorer.maingui.MainPanel$1.stateChanged(MainPanel.java:385)
2026-01-11 13:34:00,247 [ERROR] LogOutputStream:75 - [STDERR_REDIRECT] 	at java.desktop/javax.swing.JTabbedPane.fireStateChanged(JTabbedPane.java:446)
2026-01-11 13:34:00,247 [ERROR] LogOutputStream:75 - [STDERR_REDIRECT] 	at java.desktop/javax.swing.JTabbedPane$ModelListener.stateChanged(JTabbedPane.java:297)
2026-01-11 13:34:00,248 [ERROR] LogOutputStream:75 - [STDERR_REDIRECT] 	at java.desktop/javax.swing.DefaultSingleSelectionModel.fireStateChanged(DefaultSingleSelectionModel.java:148)
2026-01-11 13:34:00,248 [ERROR] LogOutputStream:75 - [STDERR_REDIRECT] 	at java.desktop/javax.swing.DefaultSingleSelectionModel.setSelectedIndex(DefaultSingleSelectionModel.java:79)
2026-01-11 13:34:00,248 [ERROR] LogOutputStream:75 - [STDERR_REDIRECT] 	at java.desktop/javax.swing.JTabbedPane.setSelectedIndexImpl(JTabbedPane.java:650)
2026-01-11 13:34:00,249 [ERROR] LogOutputStream:75 - [STDERR_REDIRECT] 	at java.desktop/javax.swing.JTabbedPane.setSelectedIndex(JTabbedPane.java:625)
2026-01-11 13:34:00,250 [ERROR] LogOutputStream:75 - [STDERR_REDIRECT] 	at java.desktop/javax.swing.plaf.basic.BasicTabbedPaneUI$Handler.mousePressed(BasicTabbedPaneUI.java:4140)
2026-01-11 13:34:00,250 [ERROR] LogOutputStream:75 - [STDERR_REDIRECT] 	at java.desktop/java.awt.Component.processMouseEvent(Component.java:6618)
2026-01-11 13:34:00,251 [ERROR] LogOutputStream:75 - [STDERR_REDIRECT] 	at java.desktop/javax.swing.JComponent.processMouseEvent(JComponent.java:3398)
2026-01-11 13:34:00,252 [ERROR] LogOutputStream:75 - [STDERR_REDIRECT] 	at java.desktop/java.awt.Component.processEvent(Component.java:6386)
2026-01-11 13:34:00,252 [ERROR] LogOutputStream:75 - [STDERR_REDIRECT] 	at java.desktop/java.awt.Container.processEvent(Container.java:2266)
2026-01-11 13:34:00,252 [ERROR] LogOutputStream:75 - [STDERR_REDIRECT] 	at java.desktop/java.awt.Component.dispatchEventImpl(Component.java:4996)
2026-01-11 13:34:00,253 [ERROR] LogOutputStream:75 - [STDERR_REDIRECT] 	at java.desktop/java.awt.Container.dispatchEventImpl(Container.java:2324)
2026-01-11 13:34:00,254 [ERROR] LogOutputStream:75 - [STDERR_REDIRECT] 	at java.desktop/java.awt.Component.dispatchEvent(Component.java:4828)
2026-01-11 13:34:00,254 [ERROR] LogOutputStream:75 - [STDERR_REDIRECT] 	at java.desktop/java.awt.LightweightDispatcher.retargetMouseEvent(Container.java:4948)
2026-01-11 13:34:00,255 [ERROR] LogOutputStream:75 - [STDERR_REDIRECT] 	at java.desktop/java.awt.LightweightDispatcher.processMouseEvent(Container.java:4572)
2026-01-11 13:34:00,255 [ERROR] LogOutputStream:75 - [STDERR_REDIRECT] 	at java.desktop/java.awt.LightweightDispatcher.dispatchEvent(Container.java:4516)
2026-01-11 13:34:00,256 [ERROR] LogOutputStream:75 - [STDERR_REDIRECT] 	at java.desktop/java.awt.Container.dispatchEventImpl(Container.java:2310)
2026-01-11 13:34:00,256 [ERROR] LogOutputStream:75 - [STDERR_REDIRECT] 	at java.desktop/java.awt.Component.dispatchEvent(Component.java:4828)
2026-01-11 13:34:00,257 [ERROR] LogOutputStream:75 - [STDERR_REDIRECT] 	at java.desktop/java.awt.EventQueue.dispatchEventImpl(EventQueue.java:775)
2026-01-11 13:34:00,257 [ERROR] LogOutputStream:75 - [STDERR_REDIRECT] 	at java.desktop/java.awt.EventQueue$4.run(EventQueue.java:720)
2026-01-11 13:34:00,257 [ERROR] LogOutputStream:75 - [STDERR_REDIRECT] 	at java.desktop/java.awt.EventQueue$4.run(EventQueue.java:714)
2026-01-11 13:34:00,258 [ERROR] LogOutputStream:75 - [STDERR_REDIRECT] 	at java.base/java.security.AccessController.doPrivileged(AccessController.java:400)
2026-01-11 13:34:00,259 [ERROR] LogOutputStream:75 - [STDERR_REDIRECT] 	at java.base/java.security.ProtectionDomain$JavaSecurityAccessImpl.doIntersectionPrivilege(ProtectionDomain.java:87)
2026-01-11 13:34:00,260 [ERROR] LogOutputStream:75 - [STDERR_REDIRECT] 	at java.base/java.security.ProtectionDomain$JavaSecurityAccessImpl.doIntersectionPrivilege(ProtectionDomain.java:98)
2026-01-11 13:34:00,260 [ERROR] LogOutputStream:75 - [STDERR_REDIRECT] 	at java.desktop/java.awt.EventQueue$5.run(EventQueue.java:747)
2026-01-11 13:34:00,260 [ERROR] LogOutputStream:75 - [STDERR_REDIRECT] 	at java.desktop/java.awt.EventQueue$5.run(EventQueue.java:745)
2026-01-11 13:34:00,261 [ERROR] LogOutputStream:75 - [STDERR_REDIRECT] 	at java.base/java.security.AccessController.doPrivileged(AccessController.java:400)
2026-01-11 13:34:00,262 [ERROR] LogOutputStream:75 - [STDERR_REDIRECT] 	at java.base/java.security.ProtectionDomain$JavaSecurityAccessImpl.doIntersectionPrivilege(ProtectionDomain.java:87)
2026-01-11 13:34:00,262 [ERROR] LogOutputStream:75 - [STDERR_REDIRECT] 	at java.desktop/java.awt.EventQueue.dispatchEvent(EventQueue.java:744)
2026-01-11 13:34:00,263 [ERROR] LogOutputStream:75 - [STDERR_REDIRECT] 	at java.desktop/java.awt.EventDispatchThread.pumpOneEventForFilters(EventDispatchThread.java:203)
2026-01-11 13:34:00,263 [ERROR] LogOutputStream:75 - [STDERR_REDIRECT] 	at java.desktop/java.awt.EventDispatchThread.pumpEventsForFilter(EventDispatchThread.java:124)
2026-01-11 13:34:00,264 [ERROR] LogOutputStream:75 - [STDERR_REDIRECT] 	at java.desktop/java.awt.EventDispatchThread.pumpEventsForHierarchy(EventDispatchThread.java:113)
2026-01-11 13:34:00,264 [ERROR] LogOutputStream:75 - [STDERR_REDIRECT] 	at java.desktop/java.awt.EventDispatchThread.pumpEvents(EventDispatchThread.java:109)
2026-01-11 13:34:00,265 [ERROR] LogOutputStream:75 - [STDERR_REDIRECT] 	at java.desktop/java.awt.EventDispatchThread.pumpEvents(EventDispatchThread.java:101)
2026-01-11 13:34:00,265 [ERROR] LogOutputStream:75 - [STDERR_REDIRECT] 	at java.desktop/java.awt.EventDispatchThread.run(EventDispatchThread.java:90)
2026-01-11 13:34:00,707 [ERROR] LogOutputStream:75 - [STDERR_REDIRECT] [Fatal Error] :1:1: Premature end of file.
2026-01-11 13:34:00,707 [ERROR] LogOutputStream:75 - [STDERR_REDIRECT] 
2026-01-11 13:34:01,709 [ERROR] LogOutputStream:75 - [STDERR_REDIRECT] [Fatal Error] :1:1: Premature end of file.
2026-01-11 13:34:01,709 [ERROR] LogOutputStream:75 - [STDERR_REDIRECT] 
2026-01-11 13:34:02,710 [ERROR] LogOutputStream:75 - [STDERR_REDIRECT] [Fatal Error] :1:1: Premature end of file.
2026-01-11 13:34:02,710 [ERROR] LogOutputStream:75 - [STDERR_REDIRECT] 
2026-01-11 13:34:03,708 [ERROR] LogOutputStream:75 - [STDERR_REDIRECT] [Fatal Error] :1:1: Premature end of file.
2026-01-11 13:34:03,708 [ERROR] LogOutputStream:75 - [STDERR_REDIRECT] 
2026-01-11 13:34:03,729 [WARN] IP:2250 - I2C_Coeff_DF not found: check if there is a RefParameter without a condition.
2026-01-11 13:34:03,729 [WARN] IP:2250 - Analog_Filter not found: check if there is a RefParameter without a condition.
2026-01-11 13:34:03,729 [WARN] IP:2250 - I2C_Coeff_DF not found: check if there is a RefParameter without a condition.
2026-01-11 13:34:03,729 [WARN] IP:2250 - Analog_Filter not found: check if there is a RefParameter without a condition.
2026-01-11 13:34:04,723 [ERROR] LogOutputStream:75 - [STDERR_REDIRECT] [Fatal Error] :1:1: Premature end of file.
2026-01-11 13:34:04,723 [ERROR] LogOutputStream:75 - [STDERR_REDIRECT] 
2026-01-11 13:34:04,824 [INFO] UtilMem:75 - End SaveConfig() Used Memory: 755704256 Bytes (1073741824)
2026-01-11 13:34:05,713 [ERROR] LogOutputStream:75 - [STDERR_REDIRECT] [Fatal Error] :1:1: Premature end of file.
2026-01-11 13:34:05,713 [ERROR] LogOutputStream:75 - [STDERR_REDIRECT] 
2026-01-11 13:34:05,807 [INFO] UtilMem:75 - End SaveConfig() Used Memory: 780870080 Bytes (1073741824)
2026-01-11 13:34:06,704 [ERROR] LogOutputStream:75 - [STDERR_REDIRECT] [Fatal Error] :1:1: Premature end of file.
2026-01-11 13:34:06,704 [ERROR] LogOutputStream:75 - [STDERR_REDIRECT] 
2026-01-11 13:34:06,820 [INFO] UtilMem:75 - End SaveConfig() Used Memory: 819159888 Bytes (1073741824)
2026-01-11 13:34:06,907 [INFO] BlockDiagram:2775 - set Specific Code input for plugin: SYS
2026-01-11 13:34:06,907 [INFO] BlockDiagram:2775 - set Specific Code input for plugin: RCC
2026-01-11 13:34:06,907 [INFO] BlockDiagram:2775 - set Specific Code input for plugin: I2C
2026-01-11 13:34:06,907 [INFO] BlockDiagram:2775 - set Specific Code input for plugin: USB_OTG_FS
2026-01-11 13:34:06,907 [INFO] BlockDiagram:2775 - set Specific Code input for plugin: NVIC
2026-01-11 13:34:06,907 [INFO] BlockDiagram:2775 - set Specific Code input for plugin: GPIO
2026-01-11 13:34:06,909 [INFO] CodeGenerator:892 - code generatio: config db path: C:\ST\STM32CubeIDE_1.18.1\STM32CubeIDE\plugins\com.st.stm32cube.common.mx_6.15.0.202507011659\\db\
2026-01-11 13:34:06,909 [WARN] IP:2250 - I2C_Coeff_DF not found: check if there is a RefParameter without a condition.
2026-01-11 13:34:06,909 [WARN] IP:2250 - Analog_Filter not found: check if there is a RefParameter without a condition.
2026-01-11 13:34:06,956 [INFO] CodeEngine:265 - oldGeneratedFile, C:\Users\elena\OneDrive\Documents\PCB\SmallFlight1\design_documents\smallFlight1Pinout\MXTmpFiles\license.tmp_save
2026-01-11 13:34:06,997 [INFO] CodeEngine:289 - Generated code: C:\Users\elena\OneDrive\Documents\PCB\SmallFlight1\design_documents\smallFlight1Pinout\MXTmpFiles\license.tmp
2026-01-11 13:34:07,009 [INFO] CodeEngine:265 - oldGeneratedFile, C:\Users\elena\OneDrive\Documents\PCB\SmallFlight1\design_documents\smallFlight1Pinout\MXTmpFiles\gpio.tmp_save
2026-01-11 13:34:07,051 [INFO] CodeEngine:289 - Generated code: C:\Users\elena\OneDrive\Documents\PCB\SmallFlight1\design_documents\smallFlight1Pinout\MXTmpFiles\gpio.tmp
2026-01-11 13:34:07,076 [WARN] IPConfigManager:3238 - Warning: the RefConfig PWREx_EnableUSBVoltageDetector is not available in your config.xml file
2026-01-11 13:34:07,089 [INFO] CodeEngine:265 - oldGeneratedFile, C:\Users\elena\OneDrive\Documents\PCB\SmallFlight1\design_documents\smallFlight1Pinout\Core\Src\stm32f4xx_it.c_save
2026-01-11 13:34:07,137 [INFO] CodeEngine:289 - Generated code: C:\Users\elena\OneDrive\Documents\PCB\SmallFlight1\design_documents\smallFlight1Pinout\Core\Src\stm32f4xx_it.c
2026-01-11 13:34:07,143 [INFO] CodeEngine:265 - oldGeneratedFile, C:\Users\elena\OneDrive\Documents\PCB\SmallFlight1\design_documents\smallFlight1Pinout\Core\Inc\stm32f4xx_it.h_save
2026-01-11 13:34:07,187 [INFO] CodeEngine:289 - Generated code: C:\Users\elena\OneDrive\Documents\PCB\SmallFlight1\design_documents\smallFlight1Pinout\Core\Inc\stm32f4xx_it.h
2026-01-11 13:34:07,198 [INFO] CodeEngine:265 - oldGeneratedFile, C:\Users\elena\OneDrive\Documents\PCB\SmallFlight1\design_documents\smallFlight1Pinout\Core\Src\stm32f4xx_hal_msp.c_save
2026-01-11 13:34:07,259 [INFO] CodeEngine:289 - Generated code: C:\Users\elena\OneDrive\Documents\PCB\SmallFlight1\design_documents\smallFlight1Pinout\Core\Src\stm32f4xx_hal_msp.c
2026-01-11 13:34:07,264 [INFO] CodeEngine:265 - oldGeneratedFile, C:\Users\elena\OneDrive\Documents\PCB\SmallFlight1\design_documents\smallFlight1Pinout\MXTmpFiles\system.tmp_save
2026-01-11 13:34:07,308 [INFO] CodeEngine:289 - Generated code: C:\Users\elena\OneDrive\Documents\PCB\SmallFlight1\design_documents\smallFlight1Pinout\MXTmpFiles\system.tmp
2026-01-11 13:34:07,319 [INFO] CodeEngine:321 - oldGeneratedFile, C:\Users\elena\OneDrive\Documents\PCB\SmallFlight1\design_documents\smallFlight1Pinout\Core\Inc\stm32f4xx_hal_conf.h_save
2026-01-11 13:34:07,366 [INFO] CodeEngine:345 - Generated code: C:\Users\elena\OneDrive\Documents\PCB\SmallFlight1\design_documents\smallFlight1Pinout\Core\Inc\stm32f4xx_hal_conf.h
2026-01-11 13:34:07,378 [WARN] IPConfigManager:3238 - Warning: the RefConfig PLL2P_FOR_MCO is not available in your config.xml file
2026-01-11 13:34:07,379 [WARN] IPConfigManager:3811 - IP not found : USB_OTG
2026-01-11 13:34:07,380 [WARN] CodeGenerator:4259 - IP not found : null
2026-01-11 13:34:07,388 [INFO] CodeEngine:265 - oldGeneratedFile, C:\Users\elena\OneDrive\Documents\PCB\SmallFlight1\design_documents\smallFlight1Pinout\Core\Inc\main.h_save
2026-01-11 13:34:07,439 [INFO] CodeEngine:289 - Generated code: C:\Users\elena\OneDrive\Documents\PCB\SmallFlight1\design_documents\smallFlight1Pinout\Core\Inc\main.h
2026-01-11 13:34:07,445 [INFO] CodeEngine:265 - oldGeneratedFile, C:\Users\elena\OneDrive\Documents\PCB\SmallFlight1\design_documents\smallFlight1Pinout\Core\Src\main.c_save
2026-01-11 13:34:07,519 [INFO] CodeEngine:289 - Generated code: C:\Users\elena\OneDrive\Documents\PCB\SmallFlight1\design_documents\smallFlight1Pinout\Core\Src\main.c
2026-01-11 13:34:07,705 [ERROR] LogOutputStream:75 - [STDERR_REDIRECT] [Fatal Error] :1:1: Premature end of file.
2026-01-11 13:34:07,705 [ERROR] LogOutputStream:75 - [STDERR_REDIRECT] 
2026-01-11 13:34:07,753 [INFO] ProjectBuilder:3606 - Time for Copy HAL[1] : 139mS.
2026-01-11 13:34:07,756 [INFO] ProjectBuilder:5216 - Project Generator version: 4.7.0-B52
2026-01-11 13:34:07,803 [INFO] ConfigFileManager:1595 - The Die is : DIE421
2026-01-11 13:34:08,281 [INFO] ProjectBuilder:5496 - Time for Generating toolchain IDE Files: 525mS.
2026-01-11 13:34:08,282 [INFO] ProjectBuilder:3463 - Time for Copy CMSIS : 0mS.
2026-01-11 13:34:08,287 [INFO] ProjectBuilder:3463 - Time for Copy CMSIS : 0mS.
2026-01-11 13:34:08,708 [ERROR] LogOutputStream:75 - [STDERR_REDIRECT] [Fatal Error] :1:1: Premature end of file.
2026-01-11 13:34:08,708 [ERROR] LogOutputStream:75 - [STDERR_REDIRECT] 
2026-01-11 13:34:09,703 [ERROR] LogOutputStream:75 - [STDERR_REDIRECT] [Fatal Error] :1:1: Premature end of file.
2026-01-11 13:34:09,704 [ERROR] LogOutputStream:75 - [STDERR_REDIRECT] 
2026-01-11 13:34:10,706 [ERROR] LogOutputStream:75 - [STDERR_REDIRECT] [Fatal Error] :1:1: Premature end of file.
2026-01-11 13:34:10,706 [ERROR] LogOutputStream:75 - [STDERR_REDIRECT] 
2026-01-11 13:34:11,711 [ERROR] LogOutputStream:75 - [STDERR_REDIRECT] [Fatal Error] :1:1: Premature end of file.
2026-01-11 13:34:11,711 [ERROR] LogOutputStream:75 - [STDERR_REDIRECT] 
2026-01-11 13:34:12,708 [ERROR] LogOutputStream:75 - [STDERR_REDIRECT] [Fatal Error] :1:1: Premature end of file.
2026-01-11 13:34:12,708 [ERROR] LogOutputStream:75 - [STDERR_REDIRECT] 
2026-01-11 13:34:13,704 [ERROR] LogOutputStream:75 - [STDERR_REDIRECT] [Fatal Error] :1:1: Premature end of file.
2026-01-11 13:34:13,704 [ERROR] LogOutputStream:75 - [STDERR_REDIRECT] 
2026-01-11 13:34:14,566 [WARN] IP:2250 - I2C_Coeff_DF not found: check if there is a RefParameter without a condition.
2026-01-11 13:34:14,566 [WARN] IP:2250 - Analog_Filter not found: check if there is a RefParameter without a condition.
2026-01-11 13:34:14,566 [WARN] IP:2250 - I2C_Coeff_DF not found: check if there is a RefParameter without a condition.
2026-01-11 13:34:14,566 [WARN] IP:2250 - Analog_Filter not found: check if there is a RefParameter without a condition.
2026-01-11 13:34:14,703 [ERROR] LogOutputStream:75 - [STDERR_REDIRECT] [Fatal Error] :1:1: Premature end of file.
2026-01-11 13:34:14,703 [ERROR] LogOutputStream:75 - [STDERR_REDIRECT] 
2026-01-11 13:34:15,703 [ERROR] LogOutputStream:75 - [STDERR_REDIRECT] [Fatal Error] :1:1: Premature end of file.
2026-01-11 13:34:15,703 [ERROR] LogOutputStream:75 - [STDERR_REDIRECT] 
2026-01-11 13:34:16,705 [ERROR] LogOutputStream:75 - [STDERR_REDIRECT] [Fatal Error] :1:1: Premature end of file.
2026-01-11 13:34:16,705 [ERROR] LogOutputStream:75 - [STDERR_REDIRECT] 
2026-01-11 13:34:17,719 [ERROR] LogOutputStream:75 - [STDERR_REDIRECT] [Fatal Error] :1:1: Premature end of file.
2026-01-11 13:34:17,719 [ERROR] LogOutputStream:75 - [STDERR_REDIRECT] 
2026-01-11 13:34:18,715 [ERROR] LogOutputStream:75 - [STDERR_REDIRECT] [Fatal Error] :1:1: Premature end of file.
2026-01-11 13:34:18,715 [ERROR] LogOutputStream:75 - [STDERR_REDIRECT] 
2026-01-11 13:34:19,715 [ERROR] LogOutputStream:75 - [STDERR_REDIRECT] [Fatal Error] :1:1: Premature end of file.
2026-01-11 13:34:19,715 [ERROR] LogOutputStream:75 - [STDERR_REDIRECT] 
2026-01-11 13:34:20,704 [ERROR] LogOutputStream:75 - [STDERR_REDIRECT] [Fatal Error] :1:1: Premature end of file.
2026-01-11 13:34:20,705 [ERROR] LogOutputStream:75 - [STDERR_REDIRECT] 
2026-01-11 13:34:20,920 [INFO] UtilMem:75 - End SaveConfig() Used Memory: 777154320 Bytes (1073741824)
2026-01-11 13:34:21,646 [INFO] UtilMem:75 - End SaveConfig() Used Memory: 817000208 Bytes (1073741824)
2026-01-11 13:34:21,705 [ERROR] LogOutputStream:75 - [STDERR_REDIRECT] [Fatal Error] :1:1: Premature end of file.
2026-01-11 13:34:21,705 [ERROR] LogOutputStream:75 - [STDERR_REDIRECT] 
2026-01-11 13:34:22,714 [ERROR] LogOutputStream:75 - [STDERR_REDIRECT] [Fatal Error] :1:1: Premature end of file.
2026-01-11 13:34:22,714 [ERROR] LogOutputStream:75 - [STDERR_REDIRECT] 
2026-01-11 13:34:22,946 [INFO] UtilMem:75 - End SaveConfig() Used Memory: 856855536 Bytes (1073741824)
2026-01-11 13:34:23,013 [INFO] ProjectBuilder:2380 - IP not ready for code generation: Clock
2026-01-11 13:34:23,711 [ERROR] LogOutputStream:75 - [STDERR_REDIRECT] [Fatal Error] :1:1: Premature end of file.
2026-01-11 13:34:23,711 [ERROR] LogOutputStream:75 - [STDERR_REDIRECT] 
2026-01-11 13:34:24,190 [INFO] BlockDiagram:2775 - set Specific Code input for plugin: SYS
2026-01-11 13:34:24,190 [INFO] BlockDiagram:2775 - set Specific Code input for plugin: RCC
2026-01-11 13:34:24,190 [INFO] BlockDiagram:2775 - set Specific Code input for plugin: I2C
2026-01-11 13:34:24,190 [INFO] BlockDiagram:2775 - set Specific Code input for plugin: USB_OTG_FS
2026-01-11 13:34:24,190 [INFO] BlockDiagram:2775 - set Specific Code input for plugin: NVIC
2026-01-11 13:34:24,191 [INFO] BlockDiagram:2775 - set Specific Code input for plugin: GPIO
2026-01-11 13:34:24,192 [INFO] CodeGenerator:892 - code generatio: config db path: C:\ST\STM32CubeIDE_1.18.1\STM32CubeIDE\plugins\com.st.stm32cube.common.mx_6.15.0.202507011659\\db\
2026-01-11 13:34:24,192 [WARN] IP:2250 - I2C_Coeff_DF not found: check if there is a RefParameter without a condition.
2026-01-11 13:34:24,193 [WARN] IP:2250 - Analog_Filter not found: check if there is a RefParameter without a condition.
2026-01-11 13:34:24,242 [INFO] CodeEngine:265 - oldGeneratedFile, C:\Users\elena\OneDrive\Documents\PCB\SmallFlight1\design_documents\smallFlight1Pinout\MXTmpFiles\license.tmp_save
2026-01-11 13:34:24,279 [INFO] CodeEngine:289 - Generated code: C:\Users\elena\OneDrive\Documents\PCB\SmallFlight1\design_documents\smallFlight1Pinout\MXTmpFiles\license.tmp
2026-01-11 13:34:24,294 [INFO] CodeEngine:265 - oldGeneratedFile, C:\Users\elena\OneDrive\Documents\PCB\SmallFlight1\design_documents\smallFlight1Pinout\MXTmpFiles\gpio.tmp_save
2026-01-11 13:34:24,336 [INFO] CodeEngine:289 - Generated code: C:\Users\elena\OneDrive\Documents\PCB\SmallFlight1\design_documents\smallFlight1Pinout\MXTmpFiles\gpio.tmp
2026-01-11 13:34:24,358 [WARN] IPConfigManager:3238 - Warning: the RefConfig PWREx_EnableUSBVoltageDetector is not available in your config.xml file
2026-01-11 13:34:24,369 [INFO] CodeEngine:265 - oldGeneratedFile, C:\Users\elena\OneDrive\Documents\PCB\SmallFlight1\design_documents\smallFlight1Pinout\Core\Src\stm32f4xx_it.c_save
2026-01-11 13:34:24,416 [INFO] CodeEngine:289 - Generated code: C:\Users\elena\OneDrive\Documents\PCB\SmallFlight1\design_documents\smallFlight1Pinout\Core\Src\stm32f4xx_it.c
2026-01-11 13:34:24,423 [INFO] CodeEngine:265 - oldGeneratedFile, C:\Users\elena\OneDrive\Documents\PCB\SmallFlight1\design_documents\smallFlight1Pinout\Core\Inc\stm32f4xx_it.h_save
2026-01-11 13:34:24,465 [INFO] CodeEngine:289 - Generated code: C:\Users\elena\OneDrive\Documents\PCB\SmallFlight1\design_documents\smallFlight1Pinout\Core\Inc\stm32f4xx_it.h
2026-01-11 13:34:24,479 [INFO] CodeEngine:265 - oldGeneratedFile, C:\Users\elena\OneDrive\Documents\PCB\SmallFlight1\design_documents\smallFlight1Pinout\Core\Src\stm32f4xx_hal_msp.c_save
2026-01-11 13:34:24,541 [INFO] CodeEngine:289 - Generated code: C:\Users\elena\OneDrive\Documents\PCB\SmallFlight1\design_documents\smallFlight1Pinout\Core\Src\stm32f4xx_hal_msp.c
2026-01-11 13:34:24,561 [INFO] CodeEngine:265 - oldGeneratedFile, C:\Users\elena\OneDrive\Documents\PCB\SmallFlight1\design_documents\smallFlight1Pinout\MXTmpFiles\system.tmp_save
2026-01-11 13:34:24,599 [INFO] CodeEngine:289 - Generated code: C:\Users\elena\OneDrive\Documents\PCB\SmallFlight1\design_documents\smallFlight1Pinout\MXTmpFiles\system.tmp
2026-01-11 13:34:24,610 [INFO] CodeEngine:321 - oldGeneratedFile, C:\Users\elena\OneDrive\Documents\PCB\SmallFlight1\design_documents\smallFlight1Pinout\Core\Inc\stm32f4xx_hal_conf.h_save
2026-01-11 13:34:24,659 [INFO] CodeEngine:345 - Generated code: C:\Users\elena\OneDrive\Documents\PCB\SmallFlight1\design_documents\smallFlight1Pinout\Core\Inc\stm32f4xx_hal_conf.h
2026-01-11 13:34:24,675 [WARN] IPConfigManager:3238 - Warning: the RefConfig PLL2P_FOR_MCO is not available in your config.xml file
2026-01-11 13:34:24,676 [WARN] IPConfigManager:3811 - IP not found : USB_OTG
2026-01-11 13:34:24,677 [WARN] CodeGenerator:4259 - IP not found : null
2026-01-11 13:34:24,683 [INFO] CodeEngine:265 - oldGeneratedFile, C:\Users\elena\OneDrive\Documents\PCB\SmallFlight1\design_documents\smallFlight1Pinout\Core\Inc\main.h_save
2026-01-11 13:34:24,704 [ERROR] LogOutputStream:75 - [STDERR_REDIRECT] [Fatal Error] :1:1: Premature end of file.
2026-01-11 13:34:24,704 [ERROR] LogOutputStream:75 - [STDERR_REDIRECT] 
2026-01-11 13:34:24,733 [INFO] CodeEngine:289 - Generated code: C:\Users\elena\OneDrive\Documents\PCB\SmallFlight1\design_documents\smallFlight1Pinout\Core\Inc\main.h
2026-01-11 13:34:24,741 [INFO] CodeEngine:265 - oldGeneratedFile, C:\Users\elena\OneDrive\Documents\PCB\SmallFlight1\design_documents\smallFlight1Pinout\Core\Src\main.c_save
2026-01-11 13:34:24,805 [INFO] CodeEngine:289 - Generated code: C:\Users\elena\OneDrive\Documents\PCB\SmallFlight1\design_documents\smallFlight1Pinout\Core\Src\main.c
2026-01-11 13:34:25,041 [INFO] ProjectBuilder:3606 - Time for Copy HAL[1] : 144mS.
2026-01-11 13:34:25,044 [INFO] ProjectBuilder:5216 - Project Generator version: 4.7.0-B52
2026-01-11 13:34:25,090 [INFO] ConfigFileManager:1595 - The Die is : DIE421
2026-01-11 13:34:25,546 [INFO] ProjectBuilder:5496 - Time for Generating toolchain IDE Files: 502mS.
2026-01-11 13:34:25,547 [INFO] ProjectBuilder:3463 - Time for Copy CMSIS : 0mS.
2026-01-11 13:34:25,549 [INFO] ProjectBuilder:3463 - Time for Copy CMSIS : 0mS.
2026-01-11 13:34:25,712 [ERROR] LogOutputStream:75 - [STDERR_REDIRECT] [Fatal Error] :1:1: Premature end of file.
2026-01-11 13:34:25,712 [ERROR] LogOutputStream:75 - [STDERR_REDIRECT] 
2026-01-11 13:34:26,707 [ERROR] LogOutputStream:75 - [STDERR_REDIRECT] [Fatal Error] :1:1: Premature end of file.
2026-01-11 13:34:26,707 [ERROR] LogOutputStream:75 - [STDERR_REDIRECT] 
2026-01-11 13:34:27,722 [ERROR] LogOutputStream:75 - [STDERR_REDIRECT] [Fatal Error] :1:1: Premature end of file.
2026-01-11 13:34:27,722 [ERROR] LogOutputStream:75 - [STDERR_REDIRECT] 
2026-01-11 13:34:28,715 [ERROR] LogOutputStream:75 - [STDERR_REDIRECT] [Fatal Error] :1:1: Premature end of file.
2026-01-11 13:34:28,715 [ERROR] LogOutputStream:75 - [STDERR_REDIRECT] 
2026-01-11 13:34:29,394 [ERROR] LogOutputStream:75 - [STDERR_REDIRECT] Exception in thread "AWT-EventQueue-0" java.lang.ClassCastException: class sun.awt.windows.WEmbeddedFrame cannot be cast to class javax.swing.JFrame (sun.awt.windows.WEmbeddedFrame and javax.swing.JFrame are in module java.desktop of loader 'bootstrap')
2026-01-11 13:34:29,395 [ERROR] LogOutputStream:75 - [STDERR_REDIRECT] 	at com.st.microxplorer.plugins.clock.ClockConfigurationView.activatePlugin(ClockConfigurationView.java:424)
2026-01-11 13:34:29,396 [ERROR] LogOutputStream:75 - [STDERR_REDIRECT] 	at com.st.microxplorer.maingui.MainPanel$1.stateChanged(MainPanel.java:385)
2026-01-11 13:34:29,396 [ERROR] LogOutputStream:75 - [STDERR_REDIRECT] 	at java.desktop/javax.swing.JTabbedPane.fireStateChanged(JTabbedPane.java:446)
2026-01-11 13:34:29,397 [ERROR] LogOutputStream:75 - [STDERR_REDIRECT] 	at java.desktop/javax.swing.JTabbedPane$ModelListener.stateChanged(JTabbedPane.java:297)
2026-01-11 13:34:29,397 [ERROR] LogOutputStream:75 - [STDERR_REDIRECT] 	at java.desktop/javax.swing.DefaultSingleSelectionModel.fireStateChanged(DefaultSingleSelectionModel.java:148)
2026-01-11 13:34:29,397 [ERROR] LogOutputStream:75 - [STDERR_REDIRECT] 	at java.desktop/javax.swing.DefaultSingleSelectionModel.setSelectedIndex(DefaultSingleSelectionModel.java:79)
2026-01-11 13:34:29,399 [ERROR] LogOutputStream:75 - [STDERR_REDIRECT] 	at java.desktop/javax.swing.JTabbedPane.setSelectedIndexImpl(JTabbedPane.java:650)
2026-01-11 13:34:29,399 [ERROR] LogOutputStream:75 - [STDERR_REDIRECT] 	at java.desktop/javax.swing.JTabbedPane.setSelectedIndex(JTabbedPane.java:625)
2026-01-11 13:34:29,400 [ERROR] LogOutputStream:75 - [STDERR_REDIRECT] 	at java.desktop/javax.swing.plaf.basic.BasicTabbedPaneUI$Handler.mousePressed(BasicTabbedPaneUI.java:4140)
2026-01-11 13:34:29,402 [ERROR] LogOutputStream:75 - [STDERR_REDIRECT] 	at java.desktop/java.awt.Component.processMouseEvent(Component.java:6618)
2026-01-11 13:34:29,402 [ERROR] LogOutputStream:75 - [STDERR_REDIRECT] 	at java.desktop/javax.swing.JComponent.processMouseEvent(JComponent.java:3398)
2026-01-11 13:34:29,403 [ERROR] LogOutputStream:75 - [STDERR_REDIRECT] 	at java.desktop/java.awt.Component.processEvent(Component.java:6386)
2026-01-11 13:34:29,403 [ERROR] LogOutputStream:75 - [STDERR_REDIRECT] 	at java.desktop/java.awt.Container.processEvent(Container.java:2266)
2026-01-11 13:34:29,404 [ERROR] LogOutputStream:75 - [STDERR_REDIRECT] 	at java.desktop/java.awt.Component.dispatchEventImpl(Component.java:4996)
2026-01-11 13:34:29,404 [ERROR] LogOutputStream:75 - [STDERR_REDIRECT] 	at java.desktop/java.awt.Container.dispatchEventImpl(Container.java:2324)
2026-01-11 13:34:29,405 [ERROR] LogOutputStream:75 - [STDERR_REDIRECT] 	at java.desktop/java.awt.Component.dispatchEvent(Component.java:4828)
2026-01-11 13:34:29,405 [ERROR] LogOutputStream:75 - [STDERR_REDIRECT] 	at java.desktop/java.awt.LightweightDispatcher.retargetMouseEvent(Container.java:4948)
2026-01-11 13:34:29,406 [ERROR] LogOutputStream:75 - [STDERR_REDIRECT] 	at java.desktop/java.awt.LightweightDispatcher.processMouseEvent(Container.java:4572)
2026-01-11 13:34:29,406 [ERROR] LogOutputStream:75 - [STDERR_REDIRECT] 	at java.desktop/java.awt.LightweightDispatcher.dispatchEvent(Container.java:4516)
2026-01-11 13:34:29,406 [ERROR] LogOutputStream:75 - [STDERR_REDIRECT] 	at java.desktop/java.awt.Container.dispatchEventImpl(Container.java:2310)
2026-01-11 13:34:29,407 [ERROR] LogOutputStream:75 - [STDERR_REDIRECT] 	at java.desktop/java.awt.Component.dispatchEvent(Component.java:4828)
2026-01-11 13:34:29,407 [ERROR] LogOutputStream:75 - [STDERR_REDIRECT] 	at java.desktop/java.awt.EventQueue.dispatchEventImpl(EventQueue.java:775)
2026-01-11 13:34:29,407 [ERROR] LogOutputStream:75 - [STDERR_REDIRECT] 	at java.desktop/java.awt.EventQueue$4.run(EventQueue.java:720)
2026-01-11 13:34:29,408 [ERROR] LogOutputStream:75 - [STDERR_REDIRECT] 	at java.desktop/java.awt.EventQueue$4.run(EventQueue.java:714)
2026-01-11 13:34:29,408 [ERROR] LogOutputStream:75 - [STDERR_REDIRECT] 	at java.base/java.security.AccessController.doPrivileged(AccessController.java:400)
2026-01-11 13:34:29,408 [ERROR] LogOutputStream:75 - [STDERR_REDIRECT] 	at java.base/java.security.ProtectionDomain$JavaSecurityAccessImpl.doIntersectionPrivilege(ProtectionDomain.java:87)
2026-01-11 13:34:29,409 [ERROR] LogOutputStream:75 - [STDERR_REDIRECT] 	at java.base/java.security.ProtectionDomain$JavaSecurityAccessImpl.doIntersectionPrivilege(ProtectionDomain.java:98)
2026-01-11 13:34:29,409 [ERROR] LogOutputStream:75 - [STDERR_REDIRECT] 	at java.desktop/java.awt.EventQueue$5.run(EventQueue.java:747)
2026-01-11 13:34:29,410 [ERROR] LogOutputStream:75 - [STDERR_REDIRECT] 	at java.desktop/java.awt.EventQueue$5.run(EventQueue.java:745)
2026-01-11 13:34:29,410 [ERROR] LogOutputStream:75 - [STDERR_REDIRECT] 	at java.base/java.security.AccessController.doPrivileged(AccessController.java:400)
2026-01-11 13:34:29,411 [ERROR] LogOutputStream:75 - [STDERR_REDIRECT] 	at java.base/java.security.ProtectionDomain$JavaSecurityAccessImpl.doIntersectionPrivilege(ProtectionDomain.java:87)
2026-01-11 13:34:29,411 [ERROR] LogOutputStream:75 - [STDERR_REDIRECT] 	at java.desktop/java.awt.EventQueue.dispatchEvent(EventQueue.java:744)
2026-01-11 13:34:29,412 [ERROR] LogOutputStream:75 - [STDERR_REDIRECT] 	at java.desktop/java.awt.EventDispatchThread.pumpOneEventForFilters(EventDispatchThread.java:203)
2026-01-11 13:34:29,412 [ERROR] LogOutputStream:75 - [STDERR_REDIRECT] 	at java.desktop/java.awt.EventDispatchThread.pumpEventsForFilter(EventDispatchThread.java:124)
2026-01-11 13:34:29,413 [ERROR] LogOutputStream:75 - [STDERR_REDIRECT] 	at java.desktop/java.awt.EventDispatchThread.pumpEventsForHierarchy(EventDispatchThread.java:113)
2026-01-11 13:34:29,413 [ERROR] LogOutputStream:75 - [STDERR_REDIRECT] 	at java.desktop/java.awt.EventDispatchThread.pumpEvents(EventDispatchThread.java:109)
2026-01-11 13:34:29,413 [ERROR] LogOutputStream:75 - [STDERR_REDIRECT] 	at java.desktop/java.awt.EventDispatchThread.pumpEvents(EventDispatchThread.java:101)
2026-01-11 13:34:29,414 [ERROR] LogOutputStream:75 - [STDERR_REDIRECT] 	at java.desktop/java.awt.EventDispatchThread.run(EventDispatchThread.java:90)
2026-01-11 13:34:29,704 [ERROR] LogOutputStream:75 - [STDERR_REDIRECT] [Fatal Error] :1:1: Premature end of file.
2026-01-11 13:34:29,704 [ERROR] LogOutputStream:75 - [STDERR_REDIRECT] 
2026-01-11 13:34:30,714 [ERROR] LogOutputStream:75 - [STDERR_REDIRECT] [Fatal Error] :1:1: Premature end of file.
2026-01-11 13:34:30,714 [ERROR] LogOutputStream:75 - [STDERR_REDIRECT] 
2026-01-11 13:34:31,664 [WARN] IP:2250 - I2C_Coeff_DF not found: check if there is a RefParameter without a condition.
2026-01-11 13:34:31,665 [WARN] IP:2250 - Analog_Filter not found: check if there is a RefParameter without a condition.
2026-01-11 13:34:31,665 [WARN] IP:2250 - I2C_Coeff_DF not found: check if there is a RefParameter without a condition.
2026-01-11 13:34:31,665 [WARN] IP:2250 - Analog_Filter not found: check if there is a RefParameter without a condition.
2026-01-11 13:34:31,707 [ERROR] LogOutputStream:75 - [STDERR_REDIRECT] [Fatal Error] :1:1: Premature end of file.
2026-01-11 13:34:31,707 [ERROR] LogOutputStream:75 - [STDERR_REDIRECT] 
2026-01-11 13:34:32,714 [ERROR] LogOutputStream:75 - [STDERR_REDIRECT] [Fatal Error] :1:1: Premature end of file.
2026-01-11 13:34:32,719 [ERROR] LogOutputStream:75 - [STDERR_REDIRECT] 
2026-01-11 13:34:33,150 [WARN] IP:2250 - I2C_Coeff_DF not found: check if there is a RefParameter without a condition.
2026-01-11 13:34:33,150 [WARN] IP:2250 - Analog_Filter not found: check if there is a RefParameter without a condition.
2026-01-11 13:34:33,150 [WARN] IP:2250 - I2C_Coeff_DF not found: check if there is a RefParameter without a condition.
2026-01-11 13:34:33,150 [WARN] IP:2250 - Analog_Filter not found: check if there is a RefParameter without a condition.
2026-01-11 13:34:33,710 [ERROR] LogOutputStream:75 - [STDERR_REDIRECT] [Fatal Error] :1:1: Premature end of file.
2026-01-11 13:34:33,710 [ERROR] LogOutputStream:75 - [STDERR_REDIRECT] 
2026-01-11 13:34:34,717 [ERROR] LogOutputStream:75 - [STDERR_REDIRECT] [Fatal Error] :1:1: Premature end of file.
2026-01-11 13:34:34,717 [ERROR] LogOutputStream:75 - [STDERR_REDIRECT] 
2026-01-11 13:34:35,713 [ERROR] LogOutputStream:75 - [STDERR_REDIRECT] [Fatal Error] :1:1: Premature end of file.
2026-01-11 13:34:35,713 [ERROR] LogOutputStream:75 - [STDERR_REDIRECT] 
2026-01-11 13:34:36,710 [ERROR] LogOutputStream:75 - [STDERR_REDIRECT] [Fatal Error] :1:1: Premature end of file.
2026-01-11 13:34:36,710 [ERROR] LogOutputStream:75 - [STDERR_REDIRECT] 
2026-01-11 13:34:37,706 [ERROR] LogOutputStream:75 - [STDERR_REDIRECT] [Fatal Error] :1:1: Premature end of file.
2026-01-11 13:34:37,706 [ERROR] LogOutputStream:75 - [STDERR_REDIRECT] 
2026-01-11 13:34:38,593 [ERROR] LogOutputStream:75 - [STDERR_REDIRECT] Exception in thread "AWT-EventQueue-0" java.lang.ClassCastException: class sun.awt.windows.WEmbeddedFrame cannot be cast to class javax.swing.JFrame (sun.awt.windows.WEmbeddedFrame and javax.swing.JFrame are in module java.desktop of loader 'bootstrap')
2026-01-11 13:34:38,594 [ERROR] LogOutputStream:75 - [STDERR_REDIRECT] 	at com.st.microxplorer.plugins.clock.ClockConfigurationView.activatePlugin(ClockConfigurationView.java:424)
2026-01-11 13:34:38,595 [ERROR] LogOutputStream:75 - [STDERR_REDIRECT] 	at com.st.microxplorer.maingui.MainPanel$1.stateChanged(MainPanel.java:385)
2026-01-11 13:34:38,595 [ERROR] LogOutputStream:75 - [STDERR_REDIRECT] 	at java.desktop/javax.swing.JTabbedPane.fireStateChanged(JTabbedPane.java:446)
2026-01-11 13:34:38,596 [ERROR] LogOutputStream:75 - [STDERR_REDIRECT] 	at java.desktop/javax.swing.JTabbedPane$ModelListener.stateChanged(JTabbedPane.java:297)
2026-01-11 13:34:38,598 [ERROR] LogOutputStream:75 - [STDERR_REDIRECT] 	at java.desktop/javax.swing.DefaultSingleSelectionModel.fireStateChanged(DefaultSingleSelectionModel.java:148)
2026-01-11 13:34:38,599 [ERROR] LogOutputStream:75 - [STDERR_REDIRECT] 	at java.desktop/javax.swing.DefaultSingleSelectionModel.setSelectedIndex(DefaultSingleSelectionModel.java:79)
2026-01-11 13:34:38,600 [ERROR] LogOutputStream:75 - [STDERR_REDIRECT] 	at java.desktop/javax.swing.JTabbedPane.setSelectedIndexImpl(JTabbedPane.java:650)
2026-01-11 13:34:38,601 [ERROR] LogOutputStream:75 - [STDERR_REDIRECT] 	at java.desktop/javax.swing.JTabbedPane.setSelectedIndex(JTabbedPane.java:625)
2026-01-11 13:34:38,602 [ERROR] LogOutputStream:75 - [STDERR_REDIRECT] 	at java.desktop/javax.swing.plaf.basic.BasicTabbedPaneUI$Handler.mousePressed(BasicTabbedPaneUI.java:4140)
2026-01-11 13:34:38,603 [ERROR] LogOutputStream:75 - [STDERR_REDIRECT] 	at java.desktop/java.awt.Component.processMouseEvent(Component.java:6618)
2026-01-11 13:34:38,604 [ERROR] LogOutputStream:75 - [STDERR_REDIRECT] 	at java.desktop/javax.swing.JComponent.processMouseEvent(JComponent.java:3398)
2026-01-11 13:34:38,604 [ERROR] LogOutputStream:75 - [STDERR_REDIRECT] 	at java.desktop/java.awt.Component.processEvent(Component.java:6386)
2026-01-11 13:34:38,605 [ERROR] LogOutputStream:75 - [STDERR_REDIRECT] 	at java.desktop/java.awt.Container.processEvent(Container.java:2266)
2026-01-11 13:34:38,605 [ERROR] LogOutputStream:75 - [STDERR_REDIRECT] 	at java.desktop/java.awt.Component.dispatchEventImpl(Component.java:4996)
2026-01-11 13:34:38,605 [ERROR] LogOutputStream:75 - [STDERR_REDIRECT] 	at java.desktop/java.awt.Container.dispatchEventImpl(Container.java:2324)
2026-01-11 13:34:38,606 [ERROR] LogOutputStream:75 - [STDERR_REDIRECT] 	at java.desktop/java.awt.Component.dispatchEvent(Component.java:4828)
2026-01-11 13:34:38,606 [ERROR] LogOutputStream:75 - [STDERR_REDIRECT] 	at java.desktop/java.awt.LightweightDispatcher.retargetMouseEvent(Container.java:4948)
2026-01-11 13:34:38,607 [ERROR] LogOutputStream:75 - [STDERR_REDIRECT] 	at java.desktop/java.awt.LightweightDispatcher.processMouseEvent(Container.java:4572)
2026-01-11 13:34:38,607 [ERROR] LogOutputStream:75 - [STDERR_REDIRECT] 	at java.desktop/java.awt.LightweightDispatcher.dispatchEvent(Container.java:4516)
2026-01-11 13:34:38,607 [ERROR] LogOutputStream:75 - [STDERR_REDIRECT] 	at java.desktop/java.awt.Container.dispatchEventImpl(Container.java:2310)
2026-01-11 13:34:38,609 [ERROR] LogOutputStream:75 - [STDERR_REDIRECT] 	at java.desktop/java.awt.Component.dispatchEvent(Component.java:4828)
2026-01-11 13:34:38,609 [ERROR] LogOutputStream:75 - [STDERR_REDIRECT] 	at java.desktop/java.awt.EventQueue.dispatchEventImpl(EventQueue.java:775)
2026-01-11 13:34:38,609 [ERROR] LogOutputStream:75 - [STDERR_REDIRECT] 	at java.desktop/java.awt.EventQueue$4.run(EventQueue.java:720)
2026-01-11 13:34:38,609 [ERROR] LogOutputStream:75 - [STDERR_REDIRECT] 	at java.desktop/java.awt.EventQueue$4.run(EventQueue.java:714)
2026-01-11 13:34:38,610 [ERROR] LogOutputStream:75 - [STDERR_REDIRECT] 	at java.base/java.security.AccessController.doPrivileged(AccessController.java:400)
2026-01-11 13:34:38,610 [ERROR] LogOutputStream:75 - [STDERR_REDIRECT] 	at java.base/java.security.ProtectionDomain$JavaSecurityAccessImpl.doIntersectionPrivilege(ProtectionDomain.java:87)
2026-01-11 13:34:38,611 [ERROR] LogOutputStream:75 - [STDERR_REDIRECT] 	at java.base/java.security.ProtectionDomain$JavaSecurityAccessImpl.doIntersectionPrivilege(ProtectionDomain.java:98)
2026-01-11 13:34:38,611 [ERROR] LogOutputStream:75 - [STDERR_REDIRECT] 	at java.desktop/java.awt.EventQueue$5.run(EventQueue.java:747)
2026-01-11 13:34:38,612 [ERROR] LogOutputStream:75 - [STDERR_REDIRECT] 	at java.desktop/java.awt.EventQueue$5.run(EventQueue.java:745)
2026-01-11 13:34:38,613 [ERROR] LogOutputStream:75 - [STDERR_REDIRECT] 	at java.base/java.security.AccessController.doPrivileged(AccessController.java:400)
2026-01-11 13:34:38,613 [ERROR] LogOutputStream:75 - [STDERR_REDIRECT] 	at java.base/java.security.ProtectionDomain$JavaSecurityAccessImpl.doIntersectionPrivilege(ProtectionDomain.java:87)
2026-01-11 13:34:38,614 [ERROR] LogOutputStream:75 - [STDERR_REDIRECT] 	at java.desktop/java.awt.EventQueue.dispatchEvent(EventQueue.java:744)
2026-01-11 13:34:38,614 [ERROR] LogOutputStream:75 - [STDERR_REDIRECT] 	at java.desktop/java.awt.EventDispatchThread.pumpOneEventForFilters(EventDispatchThread.java:203)
2026-01-11 13:34:38,615 [ERROR] LogOutputStream:75 - [STDERR_REDIRECT] 	at java.desktop/java.awt.EventDispatchThread.pumpEventsForFilter(EventDispatchThread.java:124)
2026-01-11 13:34:38,615 [ERROR] LogOutputStream:75 - [STDERR_REDIRECT] 	at java.desktop/java.awt.EventDispatchThread.pumpEventsForHierarchy(EventDispatchThread.java:113)
2026-01-11 13:34:38,615 [ERROR] LogOutputStream:75 - [STDERR_REDIRECT] 	at java.desktop/java.awt.EventDispatchThread.pumpEvents(EventDispatchThread.java:109)
2026-01-11 13:34:38,616 [ERROR] LogOutputStream:75 - [STDERR_REDIRECT] 	at java.desktop/java.awt.EventDispatchThread.pumpEvents(EventDispatchThread.java:101)
2026-01-11 13:34:38,617 [ERROR] LogOutputStream:75 - [STDERR_REDIRECT] 	at java.desktop/java.awt.EventDispatchThread.run(EventDispatchThread.java:90)
2026-01-11 13:34:38,717 [ERROR] LogOutputStream:75 - [STDERR_REDIRECT] [Fatal Error] :1:1: Premature end of file.
2026-01-11 13:34:38,717 [ERROR] LogOutputStream:75 - [STDERR_REDIRECT] 
2026-01-11 13:34:39,705 [ERROR] LogOutputStream:75 - [STDERR_REDIRECT] [Fatal Error] :1:1: Premature end of file.
2026-01-11 13:34:39,705 [ERROR] LogOutputStream:75 - [STDERR_REDIRECT] 
2026-01-11 13:34:40,623 [WARN] IP:2250 - I2C_Coeff_DF not found: check if there is a RefParameter without a condition.
2026-01-11 13:34:40,623 [WARN] IP:2250 - Analog_Filter not found: check if there is a RefParameter without a condition.
2026-01-11 13:34:40,623 [WARN] IP:2250 - I2C_Coeff_DF not found: check if there is a RefParameter without a condition.
2026-01-11 13:34:40,623 [WARN] IP:2250 - Analog_Filter not found: check if there is a RefParameter without a condition.
2026-01-11 13:34:40,712 [ERROR] LogOutputStream:75 - [STDERR_REDIRECT] [Fatal Error] :1:1: Premature end of file.
2026-01-11 13:34:40,712 [ERROR] LogOutputStream:75 - [STDERR_REDIRECT] 
2026-01-11 13:34:41,627 [INFO] UtilMem:75 - End SaveConfig() Used Memory: 712985976 Bytes (1073741824)
2026-01-11 13:34:41,705 [ERROR] LogOutputStream:75 - [STDERR_REDIRECT] [Fatal Error] :1:1: Premature end of file.
2026-01-11 13:34:41,705 [ERROR] LogOutputStream:75 - [STDERR_REDIRECT] 
2026-01-11 13:34:42,629 [INFO] UtilMem:75 - End SaveConfig() Used Memory: 738169024 Bytes (1073741824)
2026-01-11 13:34:42,706 [ERROR] LogOutputStream:75 - [STDERR_REDIRECT] [Fatal Error] :1:1: Premature end of file.
2026-01-11 13:34:42,706 [ERROR] LogOutputStream:75 - [STDERR_REDIRECT] 
2026-01-11 13:34:43,557 [INFO] UtilMem:75 - End SaveConfig() Used Memory: 825481248 Bytes (1073741824)
2026-01-11 13:34:43,651 [INFO] BlockDiagram:2775 - set Specific Code input for plugin: SYS
2026-01-11 13:34:43,651 [INFO] BlockDiagram:2775 - set Specific Code input for plugin: RCC
2026-01-11 13:34:43,651 [INFO] BlockDiagram:2775 - set Specific Code input for plugin: I2C
2026-01-11 13:34:43,651 [INFO] BlockDiagram:2775 - set Specific Code input for plugin: USB_OTG_FS
2026-01-11 13:34:43,651 [INFO] BlockDiagram:2775 - set Specific Code input for plugin: NVIC
2026-01-11 13:34:43,651 [INFO] BlockDiagram:2775 - set Specific Code input for plugin: GPIO
2026-01-11 13:34:43,652 [INFO] CodeGenerator:892 - code generatio: config db path: C:\ST\STM32CubeIDE_1.18.1\STM32CubeIDE\plugins\com.st.stm32cube.common.mx_6.15.0.202507011659\\db\
2026-01-11 13:34:43,652 [WARN] IP:2250 - I2C_Coeff_DF not found: check if there is a RefParameter without a condition.
2026-01-11 13:34:43,654 [WARN] IP:2250 - Analog_Filter not found: check if there is a RefParameter without a condition.
2026-01-11 13:34:43,699 [INFO] CodeEngine:265 - oldGeneratedFile, C:\Users\elena\OneDrive\Documents\PCB\SmallFlight1\design_documents\smallFlight1Pinout\MXTmpFiles\license.tmp_save
2026-01-11 13:34:43,704 [ERROR] LogOutputStream:75 - [STDERR_REDIRECT] [Fatal Error] :1:1: Premature end of file.
2026-01-11 13:34:43,704 [ERROR] LogOutputStream:75 - [STDERR_REDIRECT] 
2026-01-11 13:34:43,741 [INFO] CodeEngine:289 - Generated code: C:\Users\elena\OneDrive\Documents\PCB\SmallFlight1\design_documents\smallFlight1Pinout\MXTmpFiles\license.tmp
2026-01-11 13:34:43,754 [INFO] CodeEngine:265 - oldGeneratedFile, C:\Users\elena\OneDrive\Documents\PCB\SmallFlight1\design_documents\smallFlight1Pinout\MXTmpFiles\gpio.tmp_save
2026-01-11 13:34:43,797 [INFO] CodeEngine:289 - Generated code: C:\Users\elena\OneDrive\Documents\PCB\SmallFlight1\design_documents\smallFlight1Pinout\MXTmpFiles\gpio.tmp
2026-01-11 13:34:43,819 [WARN] IPConfigManager:3238 - Warning: the RefConfig PWREx_EnableUSBVoltageDetector is not available in your config.xml file
2026-01-11 13:34:43,830 [INFO] CodeEngine:265 - oldGeneratedFile, C:\Users\elena\OneDrive\Documents\PCB\SmallFlight1\design_documents\smallFlight1Pinout\Core\Src\stm32f4xx_it.c_save
2026-01-11 13:34:43,878 [INFO] CodeEngine:289 - Generated code: C:\Users\elena\OneDrive\Documents\PCB\SmallFlight1\design_documents\smallFlight1Pinout\Core\Src\stm32f4xx_it.c
2026-01-11 13:34:43,886 [INFO] CodeEngine:265 - oldGeneratedFile, C:\Users\elena\OneDrive\Documents\PCB\SmallFlight1\design_documents\smallFlight1Pinout\Core\Inc\stm32f4xx_it.h_save
2026-01-11 13:34:43,929 [INFO] CodeEngine:289 - Generated code: C:\Users\elena\OneDrive\Documents\PCB\SmallFlight1\design_documents\smallFlight1Pinout\Core\Inc\stm32f4xx_it.h
2026-01-11 13:34:43,942 [INFO] CodeEngine:265 - oldGeneratedFile, C:\Users\elena\OneDrive\Documents\PCB\SmallFlight1\design_documents\smallFlight1Pinout\Core\Src\stm32f4xx_hal_msp.c_save
2026-01-11 13:34:44,005 [INFO] CodeEngine:289 - Generated code: C:\Users\elena\OneDrive\Documents\PCB\SmallFlight1\design_documents\smallFlight1Pinout\Core\Src\stm32f4xx_hal_msp.c
2026-01-11 13:34:44,011 [INFO] CodeEngine:265 - oldGeneratedFile, C:\Users\elena\OneDrive\Documents\PCB\SmallFlight1\design_documents\smallFlight1Pinout\MXTmpFiles\system.tmp_save
2026-01-11 13:34:44,053 [INFO] CodeEngine:289 - Generated code: C:\Users\elena\OneDrive\Documents\PCB\SmallFlight1\design_documents\smallFlight1Pinout\MXTmpFiles\system.tmp
2026-01-11 13:34:44,062 [INFO] CodeEngine:321 - oldGeneratedFile, C:\Users\elena\OneDrive\Documents\PCB\SmallFlight1\design_documents\smallFlight1Pinout\Core\Inc\stm32f4xx_hal_conf.h_save
2026-01-11 13:34:44,112 [INFO] CodeEngine:345 - Generated code: C:\Users\elena\OneDrive\Documents\PCB\SmallFlight1\design_documents\smallFlight1Pinout\Core\Inc\stm32f4xx_hal_conf.h
2026-01-11 13:34:44,125 [WARN] IPConfigManager:3238 - Warning: the RefConfig PLL2P_FOR_MCO is not available in your config.xml file
2026-01-11 13:34:44,127 [WARN] IPConfigManager:3811 - IP not found : USB_OTG
2026-01-11 13:34:44,127 [WARN] CodeGenerator:4259 - IP not found : null
2026-01-11 13:34:44,137 [INFO] CodeEngine:265 - oldGeneratedFile, C:\Users\elena\OneDrive\Documents\PCB\SmallFlight1\design_documents\smallFlight1Pinout\Core\Inc\main.h_save
2026-01-11 13:34:44,185 [INFO] CodeEngine:289 - Generated code: C:\Users\elena\OneDrive\Documents\PCB\SmallFlight1\design_documents\smallFlight1Pinout\Core\Inc\main.h
2026-01-11 13:34:44,191 [INFO] CodeEngine:265 - oldGeneratedFile, C:\Users\elena\OneDrive\Documents\PCB\SmallFlight1\design_documents\smallFlight1Pinout\Core\Src\main.c_save
2026-01-11 13:34:44,272 [INFO] CodeEngine:289 - Generated code: C:\Users\elena\OneDrive\Documents\PCB\SmallFlight1\design_documents\smallFlight1Pinout\Core\Src\main.c
2026-01-11 13:34:44,517 [INFO] ProjectBuilder:3606 - Time for Copy HAL[1] : 138mS.
2026-01-11 13:34:44,521 [INFO] ProjectBuilder:5216 - Project Generator version: 4.7.0-B52
2026-01-11 13:34:44,567 [INFO] ConfigFileManager:1595 - The Die is : DIE421
2026-01-11 13:34:44,711 [ERROR] LogOutputStream:75 - [STDERR_REDIRECT] [Fatal Error] :1:1: Premature end of file.
2026-01-11 13:34:44,711 [ERROR] LogOutputStream:75 - [STDERR_REDIRECT] 
2026-01-11 13:34:45,046 [INFO] ProjectBuilder:5496 - Time for Generating toolchain IDE Files: 525mS.
2026-01-11 13:34:45,047 [INFO] ProjectBuilder:3463 - Time for Copy CMSIS : 1mS.
2026-01-11 13:34:45,053 [INFO] ProjectBuilder:3463 - Time for Copy CMSIS : 0mS.
2026-01-11 13:34:45,713 [ERROR] LogOutputStream:75 - [STDERR_REDIRECT] [Fatal Error] :1:1: Premature end of file.
2026-01-11 13:34:45,713 [ERROR] LogOutputStream:75 - [STDERR_REDIRECT] 
2026-01-11 13:34:46,711 [ERROR] LogOutputStream:75 - [STDERR_REDIRECT] [Fatal Error] :1:1: Premature end of file.
2026-01-11 13:34:46,711 [ERROR] LogOutputStream:75 - [STDERR_REDIRECT] 
2026-01-11 13:34:47,714 [ERROR] LogOutputStream:75 - [STDERR_REDIRECT] [Fatal Error] :1:1: Premature end of file.
2026-01-11 13:34:47,714 [ERROR] LogOutputStream:75 - [STDERR_REDIRECT] 
2026-01-11 13:34:48,710 [ERROR] LogOutputStream:75 - [STDERR_REDIRECT] [Fatal Error] :1:1: Premature end of file.
2026-01-11 13:34:48,710 [ERROR] LogOutputStream:75 - [STDERR_REDIRECT] 
2026-01-11 13:34:49,704 [ERROR] LogOutputStream:75 - [STDERR_REDIRECT] [Fatal Error] :1:1: Premature end of file.
2026-01-11 13:34:49,704 [ERROR] LogOutputStream:75 - [STDERR_REDIRECT] 
2026-01-11 13:34:50,707 [ERROR] LogOutputStream:75 - [STDERR_REDIRECT] [Fatal Error] :1:1: Premature end of file.
2026-01-11 13:34:50,707 [ERROR] LogOutputStream:75 - [STDERR_REDIRECT] 
2026-01-11 13:34:51,702 [ERROR] LogOutputStream:75 - [STDERR_REDIRECT] [Fatal Error] :1:1: Premature end of file.
2026-01-11 13:34:51,702 [ERROR] LogOutputStream:75 - [STDERR_REDIRECT] 
2026-01-11 13:34:52,715 [ERROR] LogOutputStream:75 - [STDERR_REDIRECT] [Fatal Error] :1:1: Premature end of file.
2026-01-11 13:34:52,715 [ERROR] LogOutputStream:75 - [STDERR_REDIRECT] 
2026-01-11 13:34:53,094 [WARN] IP:2250 - I2C_Coeff_DF not found: check if there is a RefParameter without a condition.
2026-01-11 13:34:53,094 [WARN] IP:2250 - Analog_Filter not found: check if there is a RefParameter without a condition.
2026-01-11 13:34:53,094 [WARN] IP:2250 - I2C_Coeff_DF not found: check if there is a RefParameter without a condition.
2026-01-11 13:34:53,094 [WARN] IP:2250 - Analog_Filter not found: check if there is a RefParameter without a condition.
2026-01-11 13:34:53,715 [ERROR] LogOutputStream:75 - [STDERR_REDIRECT] [Fatal Error] :1:1: Premature end of file.
2026-01-11 13:34:53,715 [ERROR] LogOutputStream:75 - [STDERR_REDIRECT] 
2026-01-11 13:34:54,702 [ERROR] LogOutputStream:75 - [STDERR_REDIRECT] [Fatal Error] :1:1: Premature end of file.
2026-01-11 13:34:54,702 [ERROR] LogOutputStream:75 - [STDERR_REDIRECT] 
2026-01-11 13:34:55,704 [ERROR] LogOutputStream:75 - [STDERR_REDIRECT] [Fatal Error] :1:1: Premature end of file.
2026-01-11 13:34:55,704 [ERROR] LogOutputStream:75 - [STDERR_REDIRECT] 
2026-01-11 13:34:56,711 [ERROR] LogOutputStream:75 - [STDERR_REDIRECT] [Fatal Error] :1:1: Premature end of file.
2026-01-11 13:34:56,711 [ERROR] LogOutputStream:75 - [STDERR_REDIRECT] 
2026-01-11 13:34:57,705 [ERROR] LogOutputStream:75 - [STDERR_REDIRECT] [Fatal Error] :1:1: Premature end of file.
2026-01-11 13:34:57,705 [ERROR] LogOutputStream:75 - [STDERR_REDIRECT] 
2026-01-11 13:34:58,703 [ERROR] LogOutputStream:75 - [STDERR_REDIRECT] [Fatal Error] :1:1: Premature end of file.
2026-01-11 13:34:58,703 [ERROR] LogOutputStream:75 - [STDERR_REDIRECT] 
2026-01-11 13:34:59,706 [ERROR] LogOutputStream:75 - [STDERR_REDIRECT] [Fatal Error] :1:1: Premature end of file.
2026-01-11 13:34:59,706 [ERROR] LogOutputStream:75 - [STDERR_REDIRECT] 
2026-01-11 13:35:00,714 [ERROR] LogOutputStream:75 - [STDERR_REDIRECT] [Fatal Error] :1:1: Premature end of file.
2026-01-11 13:35:00,714 [ERROR] LogOutputStream:75 - [STDERR_REDIRECT] 
2026-01-11 13:35:01,713 [ERROR] LogOutputStream:75 - [STDERR_REDIRECT] [Fatal Error] :1:1: Premature end of file.
2026-01-11 13:35:01,713 [ERROR] LogOutputStream:75 - [STDERR_REDIRECT] 
2026-01-11 13:35:02,563 [INFO] CADModel:198 - CPN selected (Project mode): STM32F446RET6
2026-01-11 13:35:02,564 [INFO] CADModel:200 - Internet connection configuration mode: 1
2026-01-11 13:35:02,564 [INFO] CADModel:203 - rpn retrievedSTM32F446RE
2026-01-11 13:35:02,573 [INFO] WebAppUi:336 - Instantiating new browser for Project
2026-01-11 13:35:02,712 [ERROR] LogOutputStream:75 - [STDERR_REDIRECT] [Fatal Error] :1:1: Premature end of file.
2026-01-11 13:35:02,712 [ERROR] LogOutputStream:75 - [STDERR_REDIRECT] 
2026-01-11 13:35:02,712 [INFO] WebAppUi:1235 - Register for checkConnection events
2026-01-11 13:35:02,712 [INFO] WebAppUi:1270 - Apply proxy settings
2026-01-11 13:35:02,713 [INFO] WebAppUi:1308 - Chromium requires no authentication
2026-01-11 13:35:02,713 [INFO] WebAppUi:1294 - Direct internet connection detected
2026-01-11 13:35:02,718 [INFO] WebAppUi:1166 - Web application path used C:\ST\STM32CubeIDE_1.18.1\STM32CubeIDE\plugins\com.st.stm32cube.common.mx_6.15.0.202507011659\db\plugins\mcufinder\reactClient\index.html
2026-01-11 13:35:02,753 [INFO] WebAppUi:938 - Path where api_config.json is located C:\Users\elena\.stmcufinder\plugins\mcufinder//mcu/api_config.json
2026-01-11 13:35:02,753 [INFO] WebAppUi:939 - Setting api config in window object
2026-01-11 13:35:02,780 [WARN] WebAppUi:976 - Cannot access cad_preferences.json
2026-01-11 13:35:02,780 [WARN] WebAppUi:979 - Fallback to default consent
2026-01-11 13:35:02,781 [INFO] WebAppUi:947 - Path where cad_preferences.json is located C:\Users\elena/.stm32cubeide/
2026-01-11 13:35:02,781 [INFO] WebAppUi:948 - Setting consent info in window object
2026-01-11 13:35:03,193 [INFO] WebAppUi:843 - Allow Downloads
2026-01-11 13:35:03,194 [INFO] WebAppUi:336 - Instantiating new browser for Finder
2026-01-11 13:35:03,313 [INFO] WebAppUi:1235 - Register for checkConnection events
2026-01-11 13:35:03,313 [INFO] WebAppUi:1270 - Apply proxy settings
2026-01-11 13:35:03,313 [INFO] WebAppUi:1308 - Chromium requires no authentication
2026-01-11 13:35:03,314 [INFO] WebAppUi:1294 - Direct internet connection detected
2026-01-11 13:35:03,319 [INFO] WebAppUi:1166 - Web application path used C:\ST\STM32CubeIDE_1.18.1\STM32CubeIDE\plugins\com.st.stm32cube.common.mx_6.15.0.202507011659\db\plugins\mcufinder\reactClient\index.html
2026-01-11 13:35:03,329 [INFO] WebAppUi:938 - Path where api_config.json is located C:\Users\elena\.stmcufinder\plugins\mcufinder//mcu/api_config.json
2026-01-11 13:35:03,330 [INFO] WebAppUi:939 - Setting api config in window object
2026-01-11 13:35:03,353 [INFO] WebAppUi:947 - Path where cad_preferences.json is located C:\Users\elena/.stm32cubeide/
2026-01-11 13:35:03,354 [INFO] WebAppUi:948 - Setting consent info in window object
2026-01-11 13:35:03,442 [INFO] WebAppUi:1100 - Web application message: [UlApiManager component] Connecting to SSO
2026-01-11 13:35:03,654 [INFO] WebAppUi:843 - Allow Downloads
2026-01-11 13:35:03,654 [INFO] WebAppUi:664 - RPN selected STM32F446RE
2026-01-11 13:35:03,654 [INFO] WebAppUi:665 - RefName selected STM32F446RETx
2026-01-11 13:35:03,654 [INFO] WebAppUi:666 - CPN selected STM32F446RET6
2026-01-11 13:35:03,657 [INFO] WebAppUi:829 - Which Bigleton in use 2 and which CPN is about STM32F446RET6
2026-01-11 13:35:03,658 [INFO] WebAppUi:703 - Have injected Javascript into web application
2026-01-11 13:35:03,658 [INFO] WebAppUiContainer:153 - Web application run mode: Project CPN: STM32F446RET6
2026-01-11 13:35:03,713 [ERROR] LogOutputStream:75 - [STDERR_REDIRECT] [Fatal Error] :1:1: Premature end of file.
2026-01-11 13:35:03,713 [ERROR] LogOutputStream:75 - [STDERR_REDIRECT] 
2026-01-11 13:35:03,913 [INFO] WebAppUi:1100 - Web application message: [UlApiManager component] Connecting to SSO
2026-01-11 13:35:04,246 [INFO] CADModel:198 - CPN selected (Project mode): STM32F446RET6
2026-01-11 13:35:04,246 [INFO] CADModel:200 - Internet connection configuration mode: 1
2026-01-11 13:35:04,246 [INFO] CADModel:203 - rpn retrievedSTM32F446RE
2026-01-11 13:35:04,246 [INFO] WebAppUi:664 - RPN selected STM32F446RE
2026-01-11 13:35:04,246 [INFO] WebAppUi:665 - RefName selected STM32F446RETx
2026-01-11 13:35:04,246 [INFO] WebAppUi:666 - CPN selected STM32F446RET6
2026-01-11 13:35:04,248 [INFO] WebAppUi:829 - Which Bigleton in use 2 and which CPN is about STM32F446RET6
2026-01-11 13:35:04,248 [INFO] WebAppUi:703 - Have injected Javascript into web application
2026-01-11 13:35:04,248 [INFO] WebAppUiContainer:153 - Web application run mode: Project CPN: STM32F446RET6
2026-01-11 13:35:04,703 [ERROR] LogOutputStream:75 - [STDERR_REDIRECT] [Fatal Error] :1:1: Premature end of file.
2026-01-11 13:35:04,703 [ERROR] LogOutputStream:75 - [STDERR_REDIRECT] 
2026-01-11 13:35:04,964 [INFO] WebAppUi:1100 - Web application message: [UlApiManager component] Connected to Ultra Librarian SSO
2026-01-11 13:35:04,965 [INFO] WebAppUi:1100 - Web application message: [UlApiManager component] Connected to Ultra Librarian SSO
2026-01-11 13:35:04,965 [INFO] WebAppUi:1100 - Web application message: [UlApiManager component] Connected to Ultra Librarian API
2026-01-11 13:35:04,966 [INFO] WebAppUi:1100 - Web application message: [UlApiManager component] Connected to Ultra Librarian API
2026-01-11 13:35:05,167 [INFO] WebAppUi:1100 - Web application message: CAD resources feature launch attempt
2026-01-11 13:35:05,711 [ERROR] LogOutputStream:75 - [STDERR_REDIRECT] [Fatal Error] :1:1: Premature end of file.
2026-01-11 13:35:05,711 [ERROR] LogOutputStream:75 - [STDERR_REDIRECT] 
2026-01-11 13:35:05,749 [INFO] WebAppUi:1100 - Web application message: CAD resources feature launch attempt
2026-01-11 13:35:06,705 [ERROR] LogOutputStream:75 - [STDERR_REDIRECT] [Fatal Error] :1:1: Premature end of file.
2026-01-11 13:35:06,706 [ERROR] LogOutputStream:75 - [STDERR_REDIRECT] 
2026-01-11 13:35:07,705 [ERROR] LogOutputStream:75 - [STDERR_REDIRECT] [Fatal Error] :1:1: Premature end of file.
2026-01-11 13:35:07,705 [ERROR] LogOutputStream:75 - [STDERR_REDIRECT] 
2026-01-11 13:35:08,706 [ERROR] LogOutputStream:75 - [STDERR_REDIRECT] [Fatal Error] :1:1: Premature end of file.
2026-01-11 13:35:08,706 [ERROR] LogOutputStream:75 - [STDERR_REDIRECT] 
2026-01-11 13:35:09,143 [INFO] WebAppUi:938 - Path where api_config.json is located C:\Users\elena\.stmcufinder\plugins\mcufinder//mcu/api_config.json
2026-01-11 13:35:09,143 [INFO] WebAppUi:939 - Setting api config in window object
2026-01-11 13:35:09,170 [INFO] WebAppUi:947 - Path where cad_preferences.json is located C:\Users\elena/.stm32cubeide/
2026-01-11 13:35:09,170 [INFO] WebAppUi:948 - Setting consent info in window object
2026-01-11 13:35:09,704 [ERROR] LogOutputStream:75 - [STDERR_REDIRECT] [Fatal Error] :1:1: Premature end of file.
2026-01-11 13:35:09,705 [ERROR] LogOutputStream:75 - [STDERR_REDIRECT] 
2026-01-11 13:35:10,707 [ERROR] LogOutputStream:75 - [STDERR_REDIRECT] [Fatal Error] :1:1: Premature end of file.
2026-01-11 13:35:10,707 [ERROR] LogOutputStream:75 - [STDERR_REDIRECT] 
2026-01-11 13:35:10,791 [INFO] WebAppUi:305 - Path where cad_preferences.json is located C:\Users\elena/.stm32cubeide/
2026-01-11 13:35:10,791 [INFO] WebAppUi:306 - Updating consent from JSON file
2026-01-11 13:35:10,793 [INFO] WebAppUi:305 - Path where cad_preferences.json is located C:\Users\elena/.stm32cubeide/
2026-01-11 13:35:10,793 [INFO] WebAppUi:306 - Updating consent from JSON file
2026-01-11 13:35:10,855 [INFO] WebAppUi:1100 - Web application message: THREE.WebGLRenderer 101
2026-01-11 13:35:11,724 [ERROR] LogOutputStream:75 - [STDERR_REDIRECT] [Fatal Error] :1:1: Premature end of file.
2026-01-11 13:35:11,724 [ERROR] LogOutputStream:75 - [STDERR_REDIRECT] 
2026-01-11 13:35:12,711 [ERROR] LogOutputStream:75 - [STDERR_REDIRECT] [Fatal Error] :1:1: Premature end of file.
2026-01-11 13:35:12,711 [ERROR] LogOutputStream:75 - [STDERR_REDIRECT] 
2026-01-11 13:35:13,706 [ERROR] LogOutputStream:75 - [STDERR_REDIRECT] [Fatal Error] :1:1: Premature end of file.
2026-01-11 13:35:13,706 [ERROR] LogOutputStream:75 - [STDERR_REDIRECT] 
2026-01-11 13:35:14,702 [ERROR] LogOutputStream:75 - [STDERR_REDIRECT] [Fatal Error] :1:1: Premature end of file.
2026-01-11 13:35:14,702 [ERROR] LogOutputStream:75 - [STDERR_REDIRECT] 
2026-01-11 13:35:15,706 [ERROR] LogOutputStream:75 - [STDERR_REDIRECT] [Fatal Error] :1:1: Premature end of file.
2026-01-11 13:35:15,706 [ERROR] LogOutputStream:75 - [STDERR_REDIRECT] 
2026-01-11 13:35:16,702 [ERROR] LogOutputStream:75 - [STDERR_REDIRECT] [Fatal Error] :1:1: Premature end of file.
2026-01-11 13:35:16,702 [ERROR] LogOutputStream:75 - [STDERR_REDIRECT] 
2026-01-11 13:35:17,704 [ERROR] LogOutputStream:75 - [STDERR_REDIRECT] [Fatal Error] :1:1: Premature end of file.
2026-01-11 13:35:17,704 [ERROR] LogOutputStream:75 - [STDERR_REDIRECT] 
2026-01-11 13:35:18,714 [ERROR] LogOutputStream:75 - [STDERR_REDIRECT] [Fatal Error] :1:1: Premature end of file.
2026-01-11 13:35:18,714 [ERROR] LogOutputStream:75 - [STDERR_REDIRECT] 
2026-01-11 13:35:19,704 [ERROR] LogOutputStream:75 - [STDERR_REDIRECT] [Fatal Error] :1:1: Premature end of file.
2026-01-11 13:35:19,704 [ERROR] LogOutputStream:75 - [STDERR_REDIRECT] 
2026-01-11 13:35:20,704 [ERROR] LogOutputStream:75 - [STDERR_REDIRECT] [Fatal Error] :1:1: Premature end of file.
2026-01-11 13:35:20,705 [ERROR] LogOutputStream:75 - [STDERR_REDIRECT] 
2026-01-11 13:35:21,704 [ERROR] LogOutputStream:75 - [STDERR_REDIRECT] [Fatal Error] :1:1: Premature end of file.
2026-01-11 13:35:21,704 [ERROR] LogOutputStream:75 - [STDERR_REDIRECT] 
2026-01-11 13:35:22,698 [INFO] WebAppUi:1100 - Web application message: CAD family uin use KiCAD
2026-01-11 13:35:22,703 [ERROR] LogOutputStream:75 - [STDERR_REDIRECT] [Fatal Error] :1:1: Premature end of file.
2026-01-11 13:35:22,704 [ERROR] LogOutputStream:75 - [STDERR_REDIRECT] 
2026-01-11 13:35:23,704 [ERROR] LogOutputStream:75 - [STDERR_REDIRECT] [Fatal Error] :1:1: Premature end of file.
2026-01-11 13:35:23,704 [ERROR] LogOutputStream:75 - [STDERR_REDIRECT] 
2026-01-11 13:35:24,703 [ERROR] LogOutputStream:75 - [STDERR_REDIRECT] [Fatal Error] :1:1: Premature end of file.
2026-01-11 13:35:24,703 [ERROR] LogOutputStream:75 - [STDERR_REDIRECT] 
2026-01-11 13:35:24,843 [WARN] IP:2250 - I2C_Coeff_DF not found: check if there is a RefParameter without a condition.
2026-01-11 13:35:24,843 [WARN] IP:2250 - Analog_Filter not found: check if there is a RefParameter without a condition.
2026-01-11 13:35:24,843 [WARN] IP:2250 - I2C_Coeff_DF not found: check if there is a RefParameter without a condition.
2026-01-11 13:35:24,843 [WARN] IP:2250 - Analog_Filter not found: check if there is a RefParameter without a condition.
2026-01-11 13:35:25,704 [ERROR] LogOutputStream:75 - [STDERR_REDIRECT] [Fatal Error] :1:1: Premature end of file.
2026-01-11 13:35:25,704 [ERROR] LogOutputStream:75 - [STDERR_REDIRECT] 
2026-01-11 13:35:26,704 [ERROR] LogOutputStream:75 - [STDERR_REDIRECT] [Fatal Error] :1:1: Premature end of file.
2026-01-11 13:35:26,704 [ERROR] LogOutputStream:75 - [STDERR_REDIRECT] 
2026-01-11 13:35:27,706 [ERROR] LogOutputStream:75 - [STDERR_REDIRECT] [Fatal Error] :1:1: Premature end of file.
2026-01-11 13:35:27,706 [ERROR] LogOutputStream:75 - [STDERR_REDIRECT] 
2026-01-11 13:35:28,704 [ERROR] LogOutputStream:75 - [STDERR_REDIRECT] [Fatal Error] :1:1: Premature end of file.
2026-01-11 13:35:28,704 [ERROR] LogOutputStream:75 - [STDERR_REDIRECT] 
2026-01-11 13:35:29,702 [ERROR] LogOutputStream:75 - [STDERR_REDIRECT] [Fatal Error] :1:1: Premature end of file.
2026-01-11 13:35:29,702 [ERROR] LogOutputStream:75 - [STDERR_REDIRECT] 
2026-01-11 13:35:30,703 [ERROR] LogOutputStream:75 - [STDERR_REDIRECT] [Fatal Error] :1:1: Premature end of file.
2026-01-11 13:35:30,703 [ERROR] LogOutputStream:75 - [STDERR_REDIRECT] 
2026-01-11 13:35:31,702 [ERROR] LogOutputStream:75 - [STDERR_REDIRECT] [Fatal Error] :1:1: Premature end of file.
2026-01-11 13:35:31,702 [ERROR] LogOutputStream:75 - [STDERR_REDIRECT] 
2026-01-11 13:35:32,702 [ERROR] LogOutputStream:75 - [STDERR_REDIRECT] [Fatal Error] :1:1: Premature end of file.
2026-01-11 13:35:32,704 [ERROR] LogOutputStream:75 - [STDERR_REDIRECT] 
2026-01-11 13:35:33,501 [WARN] IP:2250 - I2C_Coeff_DF not found: check if there is a RefParameter without a condition.
2026-01-11 13:35:33,501 [WARN] IP:2250 - Analog_Filter not found: check if there is a RefParameter without a condition.
2026-01-11 13:35:33,501 [WARN] IP:2250 - I2C_Coeff_DF not found: check if there is a RefParameter without a condition.
2026-01-11 13:35:33,501 [WARN] IP:2250 - Analog_Filter not found: check if there is a RefParameter without a condition.
2026-01-11 13:35:33,702 [ERROR] LogOutputStream:75 - [STDERR_REDIRECT] [Fatal Error] :1:1: Premature end of file.
2026-01-11 13:35:33,702 [ERROR] LogOutputStream:75 - [STDERR_REDIRECT] 
2026-01-11 13:35:34,704 [ERROR] LogOutputStream:75 - [STDERR_REDIRECT] [Fatal Error] :1:1: Premature end of file.
2026-01-11 13:35:34,705 [ERROR] LogOutputStream:75 - [STDERR_REDIRECT] 
2026-01-11 13:35:35,703 [ERROR] LogOutputStream:75 - [STDERR_REDIRECT] [Fatal Error] :1:1: Premature end of file.
2026-01-11 13:35:35,703 [ERROR] LogOutputStream:75 - [STDERR_REDIRECT] 
2026-01-11 13:35:36,717 [ERROR] LogOutputStream:75 - [STDERR_REDIRECT] [Fatal Error] :1:1: Premature end of file.
2026-01-11 13:35:36,717 [ERROR] LogOutputStream:75 - [STDERR_REDIRECT] 
2026-01-11 13:35:37,706 [ERROR] LogOutputStream:75 - [STDERR_REDIRECT] [Fatal Error] :1:1: Premature end of file.
2026-01-11 13:35:37,707 [ERROR] LogOutputStream:75 - [STDERR_REDIRECT] 
2026-01-11 13:35:38,712 [ERROR] LogOutputStream:75 - [STDERR_REDIRECT] [Fatal Error] :1:1: Premature end of file.
2026-01-11 13:35:38,712 [ERROR] LogOutputStream:75 - [STDERR_REDIRECT] 
2026-01-11 13:35:39,709 [ERROR] LogOutputStream:75 - [STDERR_REDIRECT] [Fatal Error] :1:1: Premature end of file.
2026-01-11 13:35:39,709 [ERROR] LogOutputStream:75 - [STDERR_REDIRECT] 
2026-01-11 13:35:40,712 [ERROR] LogOutputStream:75 - [STDERR_REDIRECT] [Fatal Error] :1:1: Premature end of file.
2026-01-11 13:35:40,712 [ERROR] LogOutputStream:75 - [STDERR_REDIRECT] 
2026-01-11 13:35:41,715 [ERROR] LogOutputStream:75 - [STDERR_REDIRECT] [Fatal Error] :1:1: Premature end of file.
2026-01-11 13:35:41,715 [ERROR] LogOutputStream:75 - [STDERR_REDIRECT] 
2026-01-11 13:35:42,705 [ERROR] LogOutputStream:75 - [STDERR_REDIRECT] [Fatal Error] :1:1: Premature end of file.
2026-01-11 13:35:42,705 [ERROR] LogOutputStream:75 - [STDERR_REDIRECT] 
2026-01-11 13:35:43,708 [ERROR] LogOutputStream:75 - [STDERR_REDIRECT] [Fatal Error] :1:1: Premature end of file.
2026-01-11 13:35:43,708 [ERROR] LogOutputStream:75 - [STDERR_REDIRECT] 
2026-01-11 13:35:44,707 [ERROR] LogOutputStream:75 - [STDERR_REDIRECT] [Fatal Error] :1:1: Premature end of file.
2026-01-11 13:35:44,708 [ERROR] LogOutputStream:75 - [STDERR_REDIRECT] 
2026-01-11 13:35:45,708 [ERROR] LogOutputStream:75 - [STDERR_REDIRECT] [Fatal Error] :1:1: Premature end of file.
2026-01-11 13:35:45,710 [ERROR] LogOutputStream:75 - [STDERR_REDIRECT] 
2026-01-11 13:35:46,707 [ERROR] LogOutputStream:75 - [STDERR_REDIRECT] [Fatal Error] :1:1: Premature end of file.
2026-01-11 13:35:46,707 [ERROR] LogOutputStream:75 - [STDERR_REDIRECT] 
2026-01-11 13:35:47,706 [ERROR] LogOutputStream:75 - [STDERR_REDIRECT] [Fatal Error] :1:1: Premature end of file.
2026-01-11 13:35:47,706 [ERROR] LogOutputStream:75 - [STDERR_REDIRECT] 
2026-01-11 13:35:48,705 [ERROR] LogOutputStream:75 - [STDERR_REDIRECT] [Fatal Error] :1:1: Premature end of file.
2026-01-11 13:35:48,706 [ERROR] LogOutputStream:75 - [STDERR_REDIRECT] 
2026-01-11 13:35:49,708 [ERROR] LogOutputStream:75 - [STDERR_REDIRECT] [Fatal Error] :1:1: Premature end of file.
2026-01-11 13:35:49,708 [ERROR] LogOutputStream:75 - [STDERR_REDIRECT] 
2026-01-11 13:35:50,707 [ERROR] LogOutputStream:75 - [STDERR_REDIRECT] [Fatal Error] :1:1: Premature end of file.
2026-01-11 13:35:50,707 [ERROR] LogOutputStream:75 - [STDERR_REDIRECT] 
2026-01-11 13:35:51,705 [ERROR] LogOutputStream:75 - [STDERR_REDIRECT] [Fatal Error] :1:1: Premature end of file.
2026-01-11 13:35:51,705 [ERROR] LogOutputStream:75 - [STDERR_REDIRECT] 
2026-01-11 13:35:52,707 [ERROR] LogOutputStream:75 - [STDERR_REDIRECT] [Fatal Error] :1:1: Premature end of file.
2026-01-11 13:35:52,707 [ERROR] LogOutputStream:75 - [STDERR_REDIRECT] 
2026-01-11 13:35:53,708 [ERROR] LogOutputStream:75 - [STDERR_REDIRECT] [Fatal Error] :1:1: Premature end of file.
2026-01-11 13:35:53,708 [ERROR] LogOutputStream:75 - [STDERR_REDIRECT] 
2026-01-11 13:35:54,704 [ERROR] LogOutputStream:75 - [STDERR_REDIRECT] [Fatal Error] :1:1: Premature end of file.
2026-01-11 13:35:54,704 [ERROR] LogOutputStream:75 - [STDERR_REDIRECT] 
2026-01-11 13:35:55,706 [ERROR] LogOutputStream:75 - [STDERR_REDIRECT] [Fatal Error] :1:1: Premature end of file.
2026-01-11 13:35:55,706 [ERROR] LogOutputStream:75 - [STDERR_REDIRECT] 
2026-01-11 13:35:56,705 [ERROR] LogOutputStream:75 - [STDERR_REDIRECT] [Fatal Error] :1:1: Premature end of file.
2026-01-11 13:35:56,705 [ERROR] LogOutputStream:75 - [STDERR_REDIRECT] 
2026-01-11 13:35:57,712 [ERROR] LogOutputStream:75 - [STDERR_REDIRECT] [Fatal Error] :1:1: Premature end of file.
2026-01-11 13:35:57,712 [ERROR] LogOutputStream:75 - [STDERR_REDIRECT] 
2026-01-11 13:35:58,707 [ERROR] LogOutputStream:75 - [STDERR_REDIRECT] [Fatal Error] :1:1: Premature end of file.
2026-01-11 13:35:58,707 [ERROR] LogOutputStream:75 - [STDERR_REDIRECT] 
2026-01-11 13:35:59,706 [ERROR] LogOutputStream:75 - [STDERR_REDIRECT] [Fatal Error] :1:1: Premature end of file.
2026-01-11 13:35:59,706 [ERROR] LogOutputStream:75 - [STDERR_REDIRECT] 
2026-01-11 13:36:00,705 [ERROR] LogOutputStream:75 - [STDERR_REDIRECT] [Fatal Error] :1:1: Premature end of file.
2026-01-11 13:36:00,705 [ERROR] LogOutputStream:75 - [STDERR_REDIRECT] 
2026-01-11 13:36:01,714 [ERROR] LogOutputStream:75 - [STDERR_REDIRECT] [Fatal Error] :1:1: Premature end of file.
2026-01-11 13:36:01,715 [ERROR] LogOutputStream:75 - [STDERR_REDIRECT] 
2026-01-11 13:36:02,706 [ERROR] LogOutputStream:75 - [STDERR_REDIRECT] [Fatal Error] :1:1: Premature end of file.
2026-01-11 13:36:02,706 [ERROR] LogOutputStream:75 - [STDERR_REDIRECT] 
2026-01-11 13:36:03,705 [ERROR] LogOutputStream:75 - [STDERR_REDIRECT] [Fatal Error] :1:1: Premature end of file.
2026-01-11 13:36:03,705 [ERROR] LogOutputStream:75 - [STDERR_REDIRECT] 
2026-01-11 13:36:04,704 [ERROR] LogOutputStream:75 - [STDERR_REDIRECT] [Fatal Error] :1:1: Premature end of file.
2026-01-11 13:36:04,705 [ERROR] LogOutputStream:75 - [STDERR_REDIRECT] 
2026-01-11 13:36:05,704 [ERROR] LogOutputStream:75 - [STDERR_REDIRECT] [Fatal Error] :1:1: Premature end of file.
2026-01-11 13:36:05,704 [ERROR] LogOutputStream:75 - [STDERR_REDIRECT] 
2026-01-11 13:36:06,709 [ERROR] LogOutputStream:75 - [STDERR_REDIRECT] [Fatal Error] :1:1: Premature end of file.
2026-01-11 13:36:06,709 [ERROR] LogOutputStream:75 - [STDERR_REDIRECT] 
2026-01-11 13:36:07,722 [ERROR] LogOutputStream:75 - [STDERR_REDIRECT] [Fatal Error] :1:1: Premature end of file.
2026-01-11 13:36:07,722 [ERROR] LogOutputStream:75 - [STDERR_REDIRECT] 
2026-01-11 13:36:08,713 [ERROR] LogOutputStream:75 - [STDERR_REDIRECT] [Fatal Error] :1:1: Premature end of file.
2026-01-11 13:36:08,713 [ERROR] LogOutputStream:75 - [STDERR_REDIRECT] 
2026-01-11 13:36:09,702 [ERROR] LogOutputStream:75 - [STDERR_REDIRECT] [Fatal Error] :1:1: Premature end of file.
2026-01-11 13:36:09,702 [ERROR] LogOutputStream:75 - [STDERR_REDIRECT] 
2026-01-11 13:36:10,703 [ERROR] LogOutputStream:75 - [STDERR_REDIRECT] [Fatal Error] :1:1: Premature end of file.
2026-01-11 13:36:10,703 [ERROR] LogOutputStream:75 - [STDERR_REDIRECT] 
2026-01-11 13:36:11,702 [ERROR] LogOutputStream:75 - [STDERR_REDIRECT] [Fatal Error] :1:1: Premature end of file.
2026-01-11 13:36:11,702 [ERROR] LogOutputStream:75 - [STDERR_REDIRECT] 
2026-01-11 13:36:12,704 [ERROR] LogOutputStream:75 - [STDERR_REDIRECT] [Fatal Error] :1:1: Premature end of file.
2026-01-11 13:36:12,704 [ERROR] LogOutputStream:75 - [STDERR_REDIRECT] 
2026-01-11 13:36:13,709 [ERROR] LogOutputStream:75 - [STDERR_REDIRECT] [Fatal Error] :1:1: Premature end of file.
2026-01-11 13:36:13,709 [ERROR] LogOutputStream:75 - [STDERR_REDIRECT] 
2026-01-11 13:36:14,713 [ERROR] LogOutputStream:75 - [STDERR_REDIRECT] [Fatal Error] :1:1: Premature end of file.
2026-01-11 13:36:14,713 [ERROR] LogOutputStream:75 - [STDERR_REDIRECT] 
2026-01-11 13:36:15,706 [ERROR] LogOutputStream:75 - [STDERR_REDIRECT] [Fatal Error] :1:1: Premature end of file.
2026-01-11 13:36:15,706 [ERROR] LogOutputStream:75 - [STDERR_REDIRECT] 
2026-01-11 13:36:16,703 [ERROR] LogOutputStream:75 - [STDERR_REDIRECT] [Fatal Error] :1:1: Premature end of file.
2026-01-11 13:36:16,703 [ERROR] LogOutputStream:75 - [STDERR_REDIRECT] 
2026-01-11 13:36:17,704 [ERROR] LogOutputStream:75 - [STDERR_REDIRECT] [Fatal Error] :1:1: Premature end of file.
2026-01-11 13:36:17,704 [ERROR] LogOutputStream:75 - [STDERR_REDIRECT] 
2026-01-11 13:36:18,704 [ERROR] LogOutputStream:75 - [STDERR_REDIRECT] [Fatal Error] :1:1: Premature end of file.
2026-01-11 13:36:18,704 [ERROR] LogOutputStream:75 - [STDERR_REDIRECT] 
2026-01-11 13:36:19,705 [ERROR] LogOutputStream:75 - [STDERR_REDIRECT] [Fatal Error] :1:1: Premature end of file.
2026-01-11 13:36:19,705 [ERROR] LogOutputStream:75 - [STDERR_REDIRECT] 
2026-01-11 13:36:20,703 [ERROR] LogOutputStream:75 - [STDERR_REDIRECT] [Fatal Error] :1:1: Premature end of file.
2026-01-11 13:36:20,703 [ERROR] LogOutputStream:75 - [STDERR_REDIRECT] 
2026-01-11 13:36:21,711 [ERROR] LogOutputStream:75 - [STDERR_REDIRECT] [Fatal Error] :1:1: Premature end of file.
2026-01-11 13:36:21,711 [ERROR] LogOutputStream:75 - [STDERR_REDIRECT] 
2026-01-11 13:36:22,712 [ERROR] LogOutputStream:75 - [STDERR_REDIRECT] [Fatal Error] :1:1: Premature end of file.
2026-01-11 13:36:22,712 [ERROR] LogOutputStream:75 - [STDERR_REDIRECT] 
2026-01-11 13:36:23,711 [ERROR] LogOutputStream:75 - [STDERR_REDIRECT] [Fatal Error] :1:1: Premature end of file.
2026-01-11 13:36:23,711 [ERROR] LogOutputStream:75 - [STDERR_REDIRECT] 
2026-01-11 13:36:24,709 [ERROR] LogOutputStream:75 - [STDERR_REDIRECT] [Fatal Error] :1:1: Premature end of file.
2026-01-11 13:36:24,709 [ERROR] LogOutputStream:75 - [STDERR_REDIRECT] 
2026-01-11 13:36:25,706 [ERROR] LogOutputStream:75 - [STDERR_REDIRECT] [Fatal Error] :1:1: Premature end of file.
2026-01-11 13:36:25,706 [ERROR] LogOutputStream:75 - [STDERR_REDIRECT] 
2026-01-11 13:36:26,712 [ERROR] LogOutputStream:75 - [STDERR_REDIRECT] [Fatal Error] :1:1: Premature end of file.
2026-01-11 13:36:26,712 [ERROR] LogOutputStream:75 - [STDERR_REDIRECT] 
2026-01-11 13:36:27,706 [ERROR] LogOutputStream:75 - [STDERR_REDIRECT] [Fatal Error] :1:1: Premature end of file.
2026-01-11 13:36:27,707 [ERROR] LogOutputStream:75 - [STDERR_REDIRECT] 
2026-01-11 13:36:28,711 [ERROR] LogOutputStream:75 - [STDERR_REDIRECT] [Fatal Error] :1:1: Premature end of file.
2026-01-11 13:36:28,711 [ERROR] LogOutputStream:75 - [STDERR_REDIRECT] 
2026-01-11 13:36:29,714 [ERROR] LogOutputStream:75 - [STDERR_REDIRECT] [Fatal Error] :1:1: Premature end of file.
2026-01-11 13:36:29,715 [ERROR] LogOutputStream:75 - [STDERR_REDIRECT] 
2026-01-11 13:36:30,713 [ERROR] LogOutputStream:75 - [STDERR_REDIRECT] [Fatal Error] :1:1: Premature end of file.
2026-01-11 13:36:30,713 [ERROR] LogOutputStream:75 - [STDERR_REDIRECT] 
2026-01-11 13:36:31,715 [ERROR] LogOutputStream:75 - [STDERR_REDIRECT] [Fatal Error] :1:1: Premature end of file.
2026-01-11 13:36:31,715 [ERROR] LogOutputStream:75 - [STDERR_REDIRECT] 
2026-01-11 13:36:32,711 [ERROR] LogOutputStream:75 - [STDERR_REDIRECT] [Fatal Error] :1:1: Premature end of file.
2026-01-11 13:36:32,711 [ERROR] LogOutputStream:75 - [STDERR_REDIRECT] 
2026-01-11 13:36:33,703 [ERROR] LogOutputStream:75 - [STDERR_REDIRECT] [Fatal Error] :1:1: Premature end of file.
2026-01-11 13:36:33,703 [ERROR] LogOutputStream:75 - [STDERR_REDIRECT] 
2026-01-11 13:36:34,705 [ERROR] LogOutputStream:75 - [STDERR_REDIRECT] [Fatal Error] :1:1: Premature end of file.
2026-01-11 13:36:34,705 [ERROR] LogOutputStream:75 - [STDERR_REDIRECT] 
2026-01-11 13:36:35,704 [ERROR] LogOutputStream:75 - [STDERR_REDIRECT] [Fatal Error] :1:1: Premature end of file.
2026-01-11 13:36:35,705 [ERROR] LogOutputStream:75 - [STDERR_REDIRECT] 
2026-01-11 13:36:36,711 [ERROR] LogOutputStream:75 - [STDERR_REDIRECT] [Fatal Error] :1:1: Premature end of file.
2026-01-11 13:36:36,711 [ERROR] LogOutputStream:75 - [STDERR_REDIRECT] 
2026-01-11 13:36:37,712 [ERROR] LogOutputStream:75 - [STDERR_REDIRECT] [Fatal Error] :1:1: Premature end of file.
2026-01-11 13:36:37,712 [ERROR] LogOutputStream:75 - [STDERR_REDIRECT] 
2026-01-11 13:36:38,704 [ERROR] LogOutputStream:75 - [STDERR_REDIRECT] [Fatal Error] :1:1: Premature end of file.
2026-01-11 13:36:38,704 [ERROR] LogOutputStream:75 - [STDERR_REDIRECT] 
2026-01-11 13:36:39,713 [ERROR] LogOutputStream:75 - [STDERR_REDIRECT] [Fatal Error] :1:1: Premature end of file.
2026-01-11 13:36:39,714 [ERROR] LogOutputStream:75 - [STDERR_REDIRECT] 
2026-01-11 13:36:40,719 [ERROR] LogOutputStream:75 - [STDERR_REDIRECT] [Fatal Error] :1:1: Premature end of file.
2026-01-11 13:36:40,719 [ERROR] LogOutputStream:75 - [STDERR_REDIRECT] 
2026-01-11 13:36:41,713 [ERROR] LogOutputStream:75 - [STDERR_REDIRECT] [Fatal Error] :1:1: Premature end of file.
2026-01-11 13:36:41,714 [ERROR] LogOutputStream:75 - [STDERR_REDIRECT] 
2026-01-11 13:36:42,710 [ERROR] LogOutputStream:75 - [STDERR_REDIRECT] [Fatal Error] :1:1: Premature end of file.
2026-01-11 13:36:42,710 [ERROR] LogOutputStream:75 - [STDERR_REDIRECT] 
2026-01-11 13:36:43,714 [ERROR] LogOutputStream:75 - [STDERR_REDIRECT] [Fatal Error] :1:1: Premature end of file.
2026-01-11 13:36:43,714 [ERROR] LogOutputStream:75 - [STDERR_REDIRECT] 
2026-01-11 13:36:44,706 [ERROR] LogOutputStream:75 - [STDERR_REDIRECT] [Fatal Error] :1:1: Premature end of file.
2026-01-11 13:36:44,706 [ERROR] LogOutputStream:75 - [STDERR_REDIRECT] 
2026-01-11 13:36:45,711 [ERROR] LogOutputStream:75 - [STDERR_REDIRECT] [Fatal Error] :1:1: Premature end of file.
2026-01-11 13:36:45,711 [ERROR] LogOutputStream:75 - [STDERR_REDIRECT] 
2026-01-11 13:36:46,704 [ERROR] LogOutputStream:75 - [STDERR_REDIRECT] [Fatal Error] :1:1: Premature end of file.
2026-01-11 13:36:46,704 [ERROR] LogOutputStream:75 - [STDERR_REDIRECT] 
2026-01-11 13:36:47,705 [ERROR] LogOutputStream:75 - [STDERR_REDIRECT] [Fatal Error] :1:1: Premature end of file.
2026-01-11 13:36:47,705 [ERROR] LogOutputStream:75 - [STDERR_REDIRECT] 
2026-01-11 13:36:48,704 [ERROR] LogOutputStream:75 - [STDERR_REDIRECT] [Fatal Error] :1:1: Premature end of file.
2026-01-11 13:36:48,704 [ERROR] LogOutputStream:75 - [STDERR_REDIRECT] 
2026-01-11 13:36:49,703 [ERROR] LogOutputStream:75 - [STDERR_REDIRECT] [Fatal Error] :1:1: Premature end of file.
2026-01-11 13:36:49,703 [ERROR] LogOutputStream:75 - [STDERR_REDIRECT] 
2026-01-11 13:36:50,706 [ERROR] LogOutputStream:75 - [STDERR_REDIRECT] [Fatal Error] :1:1: Premature end of file.
2026-01-11 13:36:50,706 [ERROR] LogOutputStream:75 - [STDERR_REDIRECT] 
2026-01-11 13:36:51,704 [ERROR] LogOutputStream:75 - [STDERR_REDIRECT] [Fatal Error] :1:1: Premature end of file.
2026-01-11 13:36:51,704 [ERROR] LogOutputStream:75 - [STDERR_REDIRECT] 
2026-01-11 13:36:52,703 [ERROR] LogOutputStream:75 - [STDERR_REDIRECT] [Fatal Error] :1:1: Premature end of file.
2026-01-11 13:36:52,703 [ERROR] LogOutputStream:75 - [STDERR_REDIRECT] 
2026-01-11 13:36:53,704 [ERROR] LogOutputStream:75 - [STDERR_REDIRECT] [Fatal Error] :1:1: Premature end of file.
2026-01-11 13:36:53,704 [ERROR] LogOutputStream:75 - [STDERR_REDIRECT] 
2026-01-11 13:36:54,704 [ERROR] LogOutputStream:75 - [STDERR_REDIRECT] [Fatal Error] :1:1: Premature end of file.
2026-01-11 13:36:54,704 [ERROR] LogOutputStream:75 - [STDERR_REDIRECT] 
2026-01-11 13:36:55,704 [ERROR] LogOutputStream:75 - [STDERR_REDIRECT] [Fatal Error] :1:1: Premature end of file.
2026-01-11 13:36:55,704 [ERROR] LogOutputStream:75 - [STDERR_REDIRECT] 
2026-01-11 13:36:56,704 [ERROR] LogOutputStream:75 - [STDERR_REDIRECT] [Fatal Error] :1:1: Premature end of file.
2026-01-11 13:36:56,704 [ERROR] LogOutputStream:75 - [STDERR_REDIRECT] 
2026-01-11 13:36:57,706 [ERROR] LogOutputStream:75 - [STDERR_REDIRECT] [Fatal Error] :1:1: Premature end of file.
2026-01-11 13:36:57,707 [ERROR] LogOutputStream:75 - [STDERR_REDIRECT] 
2026-01-11 13:36:58,702 [ERROR] LogOutputStream:75 - [STDERR_REDIRECT] [Fatal Error] :1:1: Premature end of file.
2026-01-11 13:36:58,702 [ERROR] LogOutputStream:75 - [STDERR_REDIRECT] 
2026-01-11 13:36:59,705 [ERROR] LogOutputStream:75 - [STDERR_REDIRECT] [Fatal Error] :1:1: Premature end of file.
2026-01-11 13:36:59,705 [ERROR] LogOutputStream:75 - [STDERR_REDIRECT] 
2026-01-11 13:37:00,704 [ERROR] LogOutputStream:75 - [STDERR_REDIRECT] [Fatal Error] :1:1: Premature end of file.
2026-01-11 13:37:00,704 [ERROR] LogOutputStream:75 - [STDERR_REDIRECT] 
2026-01-11 13:37:01,703 [ERROR] LogOutputStream:75 - [STDERR_REDIRECT] [Fatal Error] :1:1: Premature end of file.
2026-01-11 13:37:01,703 [ERROR] LogOutputStream:75 - [STDERR_REDIRECT] 
2026-01-11 13:37:02,704 [ERROR] LogOutputStream:75 - [STDERR_REDIRECT] [Fatal Error] :1:1: Premature end of file.
2026-01-11 13:37:02,704 [ERROR] LogOutputStream:75 - [STDERR_REDIRECT] 
2026-01-11 13:37:03,703 [ERROR] LogOutputStream:75 - [STDERR_REDIRECT] [Fatal Error] :1:1: Premature end of file.
2026-01-11 13:37:03,704 [ERROR] LogOutputStream:75 - [STDERR_REDIRECT] 
2026-01-11 13:37:04,706 [ERROR] LogOutputStream:75 - [STDERR_REDIRECT] [Fatal Error] :1:1: Premature end of file.
2026-01-11 13:37:04,706 [ERROR] LogOutputStream:75 - [STDERR_REDIRECT] 
2026-01-11 13:37:05,703 [ERROR] LogOutputStream:75 - [STDERR_REDIRECT] [Fatal Error] :1:1: Premature end of file.
2026-01-11 13:37:05,703 [ERROR] LogOutputStream:75 - [STDERR_REDIRECT] 
2026-01-11 13:37:06,702 [ERROR] LogOutputStream:75 - [STDERR_REDIRECT] [Fatal Error] :1:1: Premature end of file.
2026-01-11 13:37:06,702 [ERROR] LogOutputStream:75 - [STDERR_REDIRECT] 
2026-01-11 13:37:07,704 [ERROR] LogOutputStream:75 - [STDERR_REDIRECT] [Fatal Error] :1:1: Premature end of file.
2026-01-11 13:37:07,704 [ERROR] LogOutputStream:75 - [STDERR_REDIRECT] 
2026-01-11 13:37:08,703 [ERROR] LogOutputStream:75 - [STDERR_REDIRECT] [Fatal Error] :1:1: Premature end of file.
2026-01-11 13:37:08,703 [ERROR] LogOutputStream:75 - [STDERR_REDIRECT] 
2026-01-11 13:37:09,705 [ERROR] LogOutputStream:75 - [STDERR_REDIRECT] [Fatal Error] :1:1: Premature end of file.
2026-01-11 13:37:09,705 [ERROR] LogOutputStream:75 - [STDERR_REDIRECT] 
2026-01-11 13:37:10,703 [ERROR] LogOutputStream:75 - [STDERR_REDIRECT] [Fatal Error] :1:1: Premature end of file.
2026-01-11 13:37:10,703 [ERROR] LogOutputStream:75 - [STDERR_REDIRECT] 
2026-01-11 13:37:11,703 [ERROR] LogOutputStream:75 - [STDERR_REDIRECT] [Fatal Error] :1:1: Premature end of file.
2026-01-11 13:37:11,703 [ERROR] LogOutputStream:75 - [STDERR_REDIRECT] 
2026-01-11 13:37:12,702 [ERROR] LogOutputStream:75 - [STDERR_REDIRECT] [Fatal Error] :1:1: Premature end of file.
2026-01-11 13:37:12,702 [ERROR] LogOutputStream:75 - [STDERR_REDIRECT] 
2026-01-11 13:37:13,703 [ERROR] LogOutputStream:75 - [STDERR_REDIRECT] [Fatal Error] :1:1: Premature end of file.
2026-01-11 13:37:13,703 [ERROR] LogOutputStream:75 - [STDERR_REDIRECT] 
2026-01-11 13:37:14,705 [ERROR] LogOutputStream:75 - [STDERR_REDIRECT] [Fatal Error] :1:1: Premature end of file.
2026-01-11 13:37:14,705 [ERROR] LogOutputStream:75 - [STDERR_REDIRECT] 
2026-01-11 13:37:15,704 [ERROR] LogOutputStream:75 - [STDERR_REDIRECT] [Fatal Error] :1:1: Premature end of file.
2026-01-11 13:37:15,704 [ERROR] LogOutputStream:75 - [STDERR_REDIRECT] 
2026-01-11 13:37:16,705 [ERROR] LogOutputStream:75 - [STDERR_REDIRECT] [Fatal Error] :1:1: Premature end of file.
2026-01-11 13:37:16,705 [ERROR] LogOutputStream:75 - [STDERR_REDIRECT] 
2026-01-11 13:37:17,703 [ERROR] LogOutputStream:75 - [STDERR_REDIRECT] [Fatal Error] :1:1: Premature end of file.
2026-01-11 13:37:17,703 [ERROR] LogOutputStream:75 - [STDERR_REDIRECT] 
2026-01-11 13:37:18,709 [ERROR] LogOutputStream:75 - [STDERR_REDIRECT] [Fatal Error] :1:1: Premature end of file.
2026-01-11 13:37:18,709 [ERROR] LogOutputStream:75 - [STDERR_REDIRECT] 
2026-01-11 13:37:19,701 [ERROR] LogOutputStream:75 - [STDERR_REDIRECT] [Fatal Error] :1:1: Premature end of file.
2026-01-11 13:37:19,701 [ERROR] LogOutputStream:75 - [STDERR_REDIRECT] 
2026-01-11 13:37:20,709 [ERROR] LogOutputStream:75 - [STDERR_REDIRECT] [Fatal Error] :1:1: Premature end of file.
2026-01-11 13:37:20,709 [ERROR] LogOutputStream:75 - [STDERR_REDIRECT] 
2026-01-11 13:37:21,704 [ERROR] LogOutputStream:75 - [STDERR_REDIRECT] [Fatal Error] :1:1: Premature end of file.
2026-01-11 13:37:21,704 [ERROR] LogOutputStream:75 - [STDERR_REDIRECT] 
2026-01-11 13:37:22,704 [ERROR] LogOutputStream:75 - [STDERR_REDIRECT] [Fatal Error] :1:1: Premature end of file.
2026-01-11 13:37:22,704 [ERROR] LogOutputStream:75 - [STDERR_REDIRECT] 
2026-01-11 13:37:23,711 [ERROR] LogOutputStream:75 - [STDERR_REDIRECT] [Fatal Error] :1:1: Premature end of file.
2026-01-11 13:37:23,711 [ERROR] LogOutputStream:75 - [STDERR_REDIRECT] 
2026-01-11 13:37:24,710 [ERROR] LogOutputStream:75 - [STDERR_REDIRECT] [Fatal Error] :1:1: Premature end of file.
2026-01-11 13:37:24,710 [ERROR] LogOutputStream:75 - [STDERR_REDIRECT] 
2026-01-11 13:37:25,707 [ERROR] LogOutputStream:75 - [STDERR_REDIRECT] [Fatal Error] :1:1: Premature end of file.
2026-01-11 13:37:25,707 [ERROR] LogOutputStream:75 - [STDERR_REDIRECT] 
2026-01-11 13:37:26,712 [ERROR] LogOutputStream:75 - [STDERR_REDIRECT] [Fatal Error] :1:1: Premature end of file.
2026-01-11 13:37:26,712 [ERROR] LogOutputStream:75 - [STDERR_REDIRECT] 
2026-01-11 13:37:27,714 [ERROR] LogOutputStream:75 - [STDERR_REDIRECT] [Fatal Error] :1:1: Premature end of file.
2026-01-11 13:37:27,714 [ERROR] LogOutputStream:75 - [STDERR_REDIRECT] 
2026-01-11 13:37:28,716 [ERROR] LogOutputStream:75 - [STDERR_REDIRECT] [Fatal Error] :1:1: Premature end of file.
2026-01-11 13:37:28,716 [ERROR] LogOutputStream:75 - [STDERR_REDIRECT] 
2026-01-11 13:37:29,713 [ERROR] LogOutputStream:75 - [STDERR_REDIRECT] [Fatal Error] :1:1: Premature end of file.
2026-01-11 13:37:29,713 [ERROR] LogOutputStream:75 - [STDERR_REDIRECT] 
2026-01-11 13:37:30,711 [ERROR] LogOutputStream:75 - [STDERR_REDIRECT] [Fatal Error] :1:1: Premature end of file.
2026-01-11 13:37:30,711 [ERROR] LogOutputStream:75 - [STDERR_REDIRECT] 
2026-01-11 13:37:31,709 [ERROR] LogOutputStream:75 - [STDERR_REDIRECT] [Fatal Error] :1:1: Premature end of file.
2026-01-11 13:37:31,709 [ERROR] LogOutputStream:75 - [STDERR_REDIRECT] 
2026-01-11 13:37:32,707 [ERROR] LogOutputStream:75 - [STDERR_REDIRECT] [Fatal Error] :1:1: Premature end of file.
2026-01-11 13:37:32,707 [ERROR] LogOutputStream:75 - [STDERR_REDIRECT] 
2026-01-11 13:37:33,723 [ERROR] LogOutputStream:75 - [STDERR_REDIRECT] [Fatal Error] :1:1: Premature end of file.
2026-01-11 13:37:33,723 [ERROR] LogOutputStream:75 - [STDERR_REDIRECT] 
2026-01-11 13:37:34,717 [ERROR] LogOutputStream:75 - [STDERR_REDIRECT] [Fatal Error] :1:1: Premature end of file.
2026-01-11 13:37:34,717 [ERROR] LogOutputStream:75 - [STDERR_REDIRECT] 
2026-01-11 13:37:35,711 [ERROR] LogOutputStream:75 - [STDERR_REDIRECT] [Fatal Error] :1:1: Premature end of file.
2026-01-11 13:37:35,711 [ERROR] LogOutputStream:75 - [STDERR_REDIRECT] 
2026-01-11 13:37:36,706 [ERROR] LogOutputStream:75 - [STDERR_REDIRECT] [Fatal Error] :1:1: Premature end of file.
2026-01-11 13:37:36,706 [ERROR] LogOutputStream:75 - [STDERR_REDIRECT] 
2026-01-11 13:37:37,708 [ERROR] LogOutputStream:75 - [STDERR_REDIRECT] [Fatal Error] :1:1: Premature end of file.
2026-01-11 13:37:37,708 [ERROR] LogOutputStream:75 - [STDERR_REDIRECT] 
2026-01-11 13:37:38,703 [ERROR] LogOutputStream:75 - [STDERR_REDIRECT] [Fatal Error] :1:1: Premature end of file.
2026-01-11 13:37:38,703 [ERROR] LogOutputStream:75 - [STDERR_REDIRECT] 
2026-01-11 13:37:39,703 [ERROR] LogOutputStream:75 - [STDERR_REDIRECT] [Fatal Error] :1:1: Premature end of file.
2026-01-11 13:37:39,703 [ERROR] LogOutputStream:75 - [STDERR_REDIRECT] 
2026-01-11 13:37:40,705 [ERROR] LogOutputStream:75 - [STDERR_REDIRECT] [Fatal Error] :1:1: Premature end of file.
2026-01-11 13:37:40,705 [ERROR] LogOutputStream:75 - [STDERR_REDIRECT] 
2026-01-11 13:37:41,703 [ERROR] LogOutputStream:75 - [STDERR_REDIRECT] [Fatal Error] :1:1: Premature end of file.
2026-01-11 13:37:41,704 [ERROR] LogOutputStream:75 - [STDERR_REDIRECT] 
2026-01-11 13:37:42,702 [ERROR] LogOutputStream:75 - [STDERR_REDIRECT] [Fatal Error] :1:1: Premature end of file.
2026-01-11 13:37:42,702 [ERROR] LogOutputStream:75 - [STDERR_REDIRECT] 
2026-01-11 13:37:43,704 [ERROR] LogOutputStream:75 - [STDERR_REDIRECT] [Fatal Error] :1:1: Premature end of file.
2026-01-11 13:37:43,704 [ERROR] LogOutputStream:75 - [STDERR_REDIRECT] 
2026-01-11 13:37:44,705 [ERROR] LogOutputStream:75 - [STDERR_REDIRECT] [Fatal Error] :1:1: Premature end of file.
2026-01-11 13:37:44,705 [ERROR] LogOutputStream:75 - [STDERR_REDIRECT] 
2026-01-11 13:37:45,705 [ERROR] LogOutputStream:75 - [STDERR_REDIRECT] [Fatal Error] :1:1: Premature end of file.
2026-01-11 13:37:45,706 [ERROR] LogOutputStream:75 - [STDERR_REDIRECT] 
2026-01-11 13:37:46,702 [ERROR] LogOutputStream:75 - [STDERR_REDIRECT] [Fatal Error] :1:1: Premature end of file.
2026-01-11 13:37:46,702 [ERROR] LogOutputStream:75 - [STDERR_REDIRECT] 
2026-01-11 13:37:47,703 [ERROR] LogOutputStream:75 - [STDERR_REDIRECT] [Fatal Error] :1:1: Premature end of file.
2026-01-11 13:37:47,703 [ERROR] LogOutputStream:75 - [STDERR_REDIRECT] 
2026-01-11 13:37:48,719 [ERROR] LogOutputStream:75 - [STDERR_REDIRECT] [Fatal Error] :1:1: Premature end of file.
2026-01-11 13:37:48,719 [ERROR] LogOutputStream:75 - [STDERR_REDIRECT] 
2026-01-11 13:37:49,712 [ERROR] LogOutputStream:75 - [STDERR_REDIRECT] [Fatal Error] :1:1: Premature end of file.
2026-01-11 13:37:49,712 [ERROR] LogOutputStream:75 - [STDERR_REDIRECT] 
2026-01-11 13:37:50,706 [ERROR] LogOutputStream:75 - [STDERR_REDIRECT] [Fatal Error] :1:1: Premature end of file.
2026-01-11 13:37:50,707 [ERROR] LogOutputStream:75 - [STDERR_REDIRECT] 
2026-01-11 13:37:51,702 [ERROR] LogOutputStream:75 - [STDERR_REDIRECT] [Fatal Error] :1:1: Premature end of file.
2026-01-11 13:37:51,702 [ERROR] LogOutputStream:75 - [STDERR_REDIRECT] 
2026-01-11 13:37:52,703 [ERROR] LogOutputStream:75 - [STDERR_REDIRECT] [Fatal Error] :1:1: Premature end of file.
2026-01-11 13:37:52,703 [ERROR] LogOutputStream:75 - [STDERR_REDIRECT] 
2026-01-11 13:37:53,704 [ERROR] LogOutputStream:75 - [STDERR_REDIRECT] [Fatal Error] :1:1: Premature end of file.
2026-01-11 13:37:53,704 [ERROR] LogOutputStream:75 - [STDERR_REDIRECT] 
2026-01-11 13:37:54,705 [ERROR] LogOutputStream:75 - [STDERR_REDIRECT] [Fatal Error] :1:1: Premature end of file.
2026-01-11 13:37:54,705 [ERROR] LogOutputStream:75 - [STDERR_REDIRECT] 
2026-01-11 13:37:55,704 [ERROR] LogOutputStream:75 - [STDERR_REDIRECT] [Fatal Error] :1:1: Premature end of file.
2026-01-11 13:37:55,704 [ERROR] LogOutputStream:75 - [STDERR_REDIRECT] 
2026-01-11 13:37:56,703 [ERROR] LogOutputStream:75 - [STDERR_REDIRECT] [Fatal Error] :1:1: Premature end of file.
2026-01-11 13:37:56,703 [ERROR] LogOutputStream:75 - [STDERR_REDIRECT] 
2026-01-11 13:37:57,719 [ERROR] LogOutputStream:75 - [STDERR_REDIRECT] [Fatal Error] :1:1: Premature end of file.
2026-01-11 13:37:57,719 [ERROR] LogOutputStream:75 - [STDERR_REDIRECT] 
2026-01-11 13:37:58,711 [ERROR] LogOutputStream:75 - [STDERR_REDIRECT] [Fatal Error] :1:1: Premature end of file.
2026-01-11 13:37:58,711 [ERROR] LogOutputStream:75 - [STDERR_REDIRECT] 
2026-01-11 13:37:59,716 [ERROR] LogOutputStream:75 - [STDERR_REDIRECT] [Fatal Error] :1:1: Premature end of file.
2026-01-11 13:37:59,716 [ERROR] LogOutputStream:75 - [STDERR_REDIRECT] 
2026-01-11 13:38:00,715 [ERROR] LogOutputStream:75 - [STDERR_REDIRECT] [Fatal Error] :1:1: Premature end of file.
2026-01-11 13:38:00,715 [ERROR] LogOutputStream:75 - [STDERR_REDIRECT] 
2026-01-11 13:38:01,707 [ERROR] LogOutputStream:75 - [STDERR_REDIRECT] [Fatal Error] :1:1: Premature end of file.
2026-01-11 13:38:01,707 [ERROR] LogOutputStream:75 - [STDERR_REDIRECT] 
2026-01-11 13:38:02,707 [ERROR] LogOutputStream:75 - [STDERR_REDIRECT] [Fatal Error] :1:1: Premature end of file.
2026-01-11 13:38:02,707 [ERROR] LogOutputStream:75 - [STDERR_REDIRECT] 
2026-01-11 13:38:03,717 [ERROR] LogOutputStream:75 - [STDERR_REDIRECT] [Fatal Error] :1:1: Premature end of file.
2026-01-11 13:38:03,717 [ERROR] LogOutputStream:75 - [STDERR_REDIRECT] 
2026-01-11 13:38:04,703 [ERROR] LogOutputStream:75 - [STDERR_REDIRECT] [Fatal Error] :1:1: Premature end of file.
2026-01-11 13:38:04,703 [ERROR] LogOutputStream:75 - [STDERR_REDIRECT] 
2026-01-11 13:38:05,706 [ERROR] LogOutputStream:75 - [STDERR_REDIRECT] [Fatal Error] :1:1: Premature end of file.
2026-01-11 13:38:05,706 [ERROR] LogOutputStream:75 - [STDERR_REDIRECT] 
2026-01-11 13:38:06,705 [ERROR] LogOutputStream:75 - [STDERR_REDIRECT] [Fatal Error] :1:1: Premature end of file.
2026-01-11 13:38:06,705 [ERROR] LogOutputStream:75 - [STDERR_REDIRECT] 
2026-01-11 13:38:07,717 [ERROR] LogOutputStream:75 - [STDERR_REDIRECT] [Fatal Error] :1:1: Premature end of file.
2026-01-11 13:38:07,717 [ERROR] LogOutputStream:75 - [STDERR_REDIRECT] 
2026-01-11 13:38:08,705 [ERROR] LogOutputStream:75 - [STDERR_REDIRECT] [Fatal Error] :1:1: Premature end of file.
2026-01-11 13:38:08,705 [ERROR] LogOutputStream:75 - [STDERR_REDIRECT] 
2026-01-11 13:38:09,710 [ERROR] LogOutputStream:75 - [STDERR_REDIRECT] [Fatal Error] :1:1: Premature end of file.
2026-01-11 13:38:09,710 [ERROR] LogOutputStream:75 - [STDERR_REDIRECT] 
2026-01-11 13:38:10,709 [ERROR] LogOutputStream:75 - [STDERR_REDIRECT] [Fatal Error] :1:1: Premature end of file.
2026-01-11 13:38:10,710 [ERROR] LogOutputStream:75 - [STDERR_REDIRECT] 
2026-01-11 13:38:11,709 [ERROR] LogOutputStream:75 - [STDERR_REDIRECT] [Fatal Error] :1:1: Premature end of file.
2026-01-11 13:38:11,709 [ERROR] LogOutputStream:75 - [STDERR_REDIRECT] 
2026-01-11 13:38:12,705 [ERROR] LogOutputStream:75 - [STDERR_REDIRECT] [Fatal Error] :1:1: Premature end of file.
2026-01-11 13:38:12,705 [ERROR] LogOutputStream:75 - [STDERR_REDIRECT] 
2026-01-11 13:38:13,710 [ERROR] LogOutputStream:75 - [STDERR_REDIRECT] [Fatal Error] :1:1: Premature end of file.
2026-01-11 13:38:13,710 [ERROR] LogOutputStream:75 - [STDERR_REDIRECT] 
2026-01-11 13:38:14,706 [ERROR] LogOutputStream:75 - [STDERR_REDIRECT] [Fatal Error] :1:1: Premature end of file.
2026-01-11 13:38:14,707 [ERROR] LogOutputStream:75 - [STDERR_REDIRECT] 
2026-01-11 13:38:15,710 [ERROR] LogOutputStream:75 - [STDERR_REDIRECT] [Fatal Error] :1:1: Premature end of file.
2026-01-11 13:38:15,710 [ERROR] LogOutputStream:75 - [STDERR_REDIRECT] 
2026-01-11 13:38:16,711 [ERROR] LogOutputStream:75 - [STDERR_REDIRECT] [Fatal Error] :1:1: Premature end of file.
2026-01-11 13:38:16,711 [ERROR] LogOutputStream:75 - [STDERR_REDIRECT] 
2026-01-11 13:38:17,708 [ERROR] LogOutputStream:75 - [STDERR_REDIRECT] [Fatal Error] :1:1: Premature end of file.
2026-01-11 13:38:17,708 [ERROR] LogOutputStream:75 - [STDERR_REDIRECT] 
2026-01-11 13:38:18,709 [ERROR] LogOutputStream:75 - [STDERR_REDIRECT] [Fatal Error] :1:1: Premature end of file.
2026-01-11 13:38:18,709 [ERROR] LogOutputStream:75 - [STDERR_REDIRECT] 
2026-01-11 13:38:19,711 [ERROR] LogOutputStream:75 - [STDERR_REDIRECT] [Fatal Error] :1:1: Premature end of file.
2026-01-11 13:38:19,711 [ERROR] LogOutputStream:75 - [STDERR_REDIRECT] 
2026-01-11 13:38:20,712 [ERROR] LogOutputStream:75 - [STDERR_REDIRECT] [Fatal Error] :1:1: Premature end of file.
2026-01-11 13:38:20,712 [ERROR] LogOutputStream:75 - [STDERR_REDIRECT] 
2026-01-11 13:38:21,713 [ERROR] LogOutputStream:75 - [STDERR_REDIRECT] [Fatal Error] :1:1: Premature end of file.
2026-01-11 13:38:21,713 [ERROR] LogOutputStream:75 - [STDERR_REDIRECT] 
2026-01-11 13:38:22,709 [ERROR] LogOutputStream:75 - [STDERR_REDIRECT] [Fatal Error] :1:1: Premature end of file.
2026-01-11 13:38:22,710 [ERROR] LogOutputStream:75 - [STDERR_REDIRECT] 
2026-01-11 13:38:23,714 [ERROR] LogOutputStream:75 - [STDERR_REDIRECT] [Fatal Error] :1:1: Premature end of file.
2026-01-11 13:38:23,714 [ERROR] LogOutputStream:75 - [STDERR_REDIRECT] 
2026-01-11 13:38:24,709 [ERROR] LogOutputStream:75 - [STDERR_REDIRECT] [Fatal Error] :1:1: Premature end of file.
2026-01-11 13:38:24,709 [ERROR] LogOutputStream:75 - [STDERR_REDIRECT] 
2026-01-11 13:38:25,710 [ERROR] LogOutputStream:75 - [STDERR_REDIRECT] [Fatal Error] :1:1: Premature end of file.
2026-01-11 13:38:25,711 [ERROR] LogOutputStream:75 - [STDERR_REDIRECT] 
2026-01-11 13:38:26,710 [ERROR] LogOutputStream:75 - [STDERR_REDIRECT] [Fatal Error] :1:1: Premature end of file.
2026-01-11 13:38:26,710 [ERROR] LogOutputStream:75 - [STDERR_REDIRECT] 
2026-01-11 13:38:27,714 [ERROR] LogOutputStream:75 - [STDERR_REDIRECT] [Fatal Error] :1:1: Premature end of file.
2026-01-11 13:38:27,714 [ERROR] LogOutputStream:75 - [STDERR_REDIRECT] 
2026-01-11 13:38:28,716 [ERROR] LogOutputStream:75 - [STDERR_REDIRECT] [Fatal Error] :1:1: Premature end of file.
2026-01-11 13:38:28,716 [ERROR] LogOutputStream:75 - [STDERR_REDIRECT] 
2026-01-11 13:38:29,705 [ERROR] LogOutputStream:75 - [STDERR_REDIRECT] [Fatal Error] :1:1: Premature end of file.
2026-01-11 13:38:29,705 [ERROR] LogOutputStream:75 - [STDERR_REDIRECT] 
2026-01-11 13:38:30,704 [ERROR] LogOutputStream:75 - [STDERR_REDIRECT] [Fatal Error] :1:1: Premature end of file.
2026-01-11 13:38:30,704 [ERROR] LogOutputStream:75 - [STDERR_REDIRECT] 
2026-01-11 13:38:31,705 [ERROR] LogOutputStream:75 - [STDERR_REDIRECT] [Fatal Error] :1:1: Premature end of file.
2026-01-11 13:38:31,705 [ERROR] LogOutputStream:75 - [STDERR_REDIRECT] 
2026-01-11 13:38:32,705 [ERROR] LogOutputStream:75 - [STDERR_REDIRECT] [Fatal Error] :1:1: Premature end of file.
2026-01-11 13:38:32,705 [ERROR] LogOutputStream:75 - [STDERR_REDIRECT] 
2026-01-11 13:38:33,705 [ERROR] LogOutputStream:75 - [STDERR_REDIRECT] [Fatal Error] :1:1: Premature end of file.
2026-01-11 13:38:33,705 [ERROR] LogOutputStream:75 - [STDERR_REDIRECT] 
2026-01-11 13:38:34,710 [ERROR] LogOutputStream:75 - [STDERR_REDIRECT] [Fatal Error] :1:1: Premature end of file.
2026-01-11 13:38:34,710 [ERROR] LogOutputStream:75 - [STDERR_REDIRECT] 
2026-01-11 13:38:35,722 [ERROR] LogOutputStream:75 - [STDERR_REDIRECT] [Fatal Error] :1:1: Premature end of file.
2026-01-11 13:38:35,722 [ERROR] LogOutputStream:75 - [STDERR_REDIRECT] 
2026-01-11 13:38:36,710 [ERROR] LogOutputStream:75 - [STDERR_REDIRECT] [Fatal Error] :1:1: Premature end of file.
2026-01-11 13:38:36,714 [ERROR] LogOutputStream:75 - [STDERR_REDIRECT] 
2026-01-11 13:38:37,708 [ERROR] LogOutputStream:75 - [STDERR_REDIRECT] [Fatal Error] :1:1: Premature end of file.
2026-01-11 13:38:37,708 [ERROR] LogOutputStream:75 - [STDERR_REDIRECT] 
2026-01-11 13:38:38,714 [ERROR] LogOutputStream:75 - [STDERR_REDIRECT] [Fatal Error] :1:1: Premature end of file.
2026-01-11 13:38:38,714 [ERROR] LogOutputStream:75 - [STDERR_REDIRECT] 
2026-01-11 13:38:39,710 [ERROR] LogOutputStream:75 - [STDERR_REDIRECT] [Fatal Error] :1:1: Premature end of file.
2026-01-11 13:38:39,710 [ERROR] LogOutputStream:75 - [STDERR_REDIRECT] 
2026-01-11 13:38:40,712 [ERROR] LogOutputStream:75 - [STDERR_REDIRECT] [Fatal Error] :1:1: Premature end of file.
2026-01-11 13:38:40,712 [ERROR] LogOutputStream:75 - [STDERR_REDIRECT] 
2026-01-11 13:38:41,703 [ERROR] LogOutputStream:75 - [STDERR_REDIRECT] [Fatal Error] :1:1: Premature end of file.
2026-01-11 13:38:41,703 [ERROR] LogOutputStream:75 - [STDERR_REDIRECT] 
2026-01-11 13:38:42,703 [ERROR] LogOutputStream:75 - [STDERR_REDIRECT] [Fatal Error] :1:1: Premature end of file.
2026-01-11 13:38:42,703 [ERROR] LogOutputStream:75 - [STDERR_REDIRECT] 
2026-01-11 13:38:43,708 [ERROR] LogOutputStream:75 - [STDERR_REDIRECT] [Fatal Error] :1:1: Premature end of file.
2026-01-11 13:38:43,708 [ERROR] LogOutputStream:75 - [STDERR_REDIRECT] 
2026-01-11 13:38:44,704 [ERROR] LogOutputStream:75 - [STDERR_REDIRECT] [Fatal Error] :1:1: Premature end of file.
2026-01-11 13:38:44,704 [ERROR] LogOutputStream:75 - [STDERR_REDIRECT] 
2026-01-11 13:38:45,703 [ERROR] LogOutputStream:75 - [STDERR_REDIRECT] [Fatal Error] :1:1: Premature end of file.
2026-01-11 13:38:45,703 [ERROR] LogOutputStream:75 - [STDERR_REDIRECT] 
2026-01-11 13:38:46,705 [ERROR] LogOutputStream:75 - [STDERR_REDIRECT] [Fatal Error] :1:1: Premature end of file.
2026-01-11 13:38:46,705 [ERROR] LogOutputStream:75 - [STDERR_REDIRECT] 
2026-01-11 13:38:47,704 [ERROR] LogOutputStream:75 - [STDERR_REDIRECT] [Fatal Error] :1:1: Premature end of file.
2026-01-11 13:38:47,704 [ERROR] LogOutputStream:75 - [STDERR_REDIRECT] 
2026-01-11 13:38:48,704 [ERROR] LogOutputStream:75 - [STDERR_REDIRECT] [Fatal Error] :1:1: Premature end of file.
2026-01-11 13:38:48,704 [ERROR] LogOutputStream:75 - [STDERR_REDIRECT] 
2026-01-11 13:38:49,705 [ERROR] LogOutputStream:75 - [STDERR_REDIRECT] [Fatal Error] :1:1: Premature end of file.
2026-01-11 13:38:49,705 [ERROR] LogOutputStream:75 - [STDERR_REDIRECT] 
2026-01-11 13:38:50,703 [ERROR] LogOutputStream:75 - [STDERR_REDIRECT] [Fatal Error] :1:1: Premature end of file.
2026-01-11 13:38:50,703 [ERROR] LogOutputStream:75 - [STDERR_REDIRECT] 
2026-01-11 13:38:51,703 [ERROR] LogOutputStream:75 - [STDERR_REDIRECT] [Fatal Error] :1:1: Premature end of file.
2026-01-11 13:38:51,703 [ERROR] LogOutputStream:75 - [STDERR_REDIRECT] 
2026-01-11 13:38:52,704 [ERROR] LogOutputStream:75 - [STDERR_REDIRECT] [Fatal Error] :1:1: Premature end of file.
2026-01-11 13:38:52,704 [ERROR] LogOutputStream:75 - [STDERR_REDIRECT] 
2026-01-11 13:38:53,704 [ERROR] LogOutputStream:75 - [STDERR_REDIRECT] [Fatal Error] :1:1: Premature end of file.
2026-01-11 13:38:53,704 [ERROR] LogOutputStream:75 - [STDERR_REDIRECT] 
2026-01-11 13:38:54,704 [ERROR] LogOutputStream:75 - [STDERR_REDIRECT] [Fatal Error] :1:1: Premature end of file.
2026-01-11 13:38:54,704 [ERROR] LogOutputStream:75 - [STDERR_REDIRECT] 
2026-01-11 13:38:55,705 [ERROR] LogOutputStream:75 - [STDERR_REDIRECT] [Fatal Error] :1:1: Premature end of file.
2026-01-11 13:38:55,705 [ERROR] LogOutputStream:75 - [STDERR_REDIRECT] 
2026-01-11 13:38:56,703 [ERROR] LogOutputStream:75 - [STDERR_REDIRECT] [Fatal Error] :1:1: Premature end of file.
2026-01-11 13:38:56,703 [ERROR] LogOutputStream:75 - [STDERR_REDIRECT] 
2026-01-11 13:38:57,705 [ERROR] LogOutputStream:75 - [STDERR_REDIRECT] [Fatal Error] :1:1: Premature end of file.
2026-01-11 13:38:57,705 [ERROR] LogOutputStream:75 - [STDERR_REDIRECT] 
2026-01-11 13:38:58,705 [ERROR] LogOutputStream:75 - [STDERR_REDIRECT] [Fatal Error] :1:1: Premature end of file.
2026-01-11 13:38:58,705 [ERROR] LogOutputStream:75 - [STDERR_REDIRECT] 
2026-01-11 13:38:59,702 [ERROR] LogOutputStream:75 - [STDERR_REDIRECT] [Fatal Error] :1:1: Premature end of file.
2026-01-11 13:38:59,702 [ERROR] LogOutputStream:75 - [STDERR_REDIRECT] 
2026-01-11 13:39:00,703 [ERROR] LogOutputStream:75 - [STDERR_REDIRECT] [Fatal Error] :1:1: Premature end of file.
2026-01-11 13:39:00,703 [ERROR] LogOutputStream:75 - [STDERR_REDIRECT] 
2026-01-11 13:39:01,704 [ERROR] LogOutputStream:75 - [STDERR_REDIRECT] [Fatal Error] :1:1: Premature end of file.
2026-01-11 13:39:01,705 [ERROR] LogOutputStream:75 - [STDERR_REDIRECT] 
2026-01-11 13:39:02,708 [ERROR] LogOutputStream:75 - [STDERR_REDIRECT] [Fatal Error] :1:1: Premature end of file.
2026-01-11 13:39:02,708 [ERROR] LogOutputStream:75 - [STDERR_REDIRECT] 
2026-01-11 13:39:03,711 [ERROR] LogOutputStream:75 - [STDERR_REDIRECT] [Fatal Error] :1:1: Premature end of file.
2026-01-11 13:39:03,711 [ERROR] LogOutputStream:75 - [STDERR_REDIRECT] 
2026-01-11 13:39:04,713 [ERROR] LogOutputStream:75 - [STDERR_REDIRECT] [Fatal Error] :1:1: Premature end of file.
2026-01-11 13:39:04,713 [ERROR] LogOutputStream:75 - [STDERR_REDIRECT] 
2026-01-11 13:39:05,707 [ERROR] LogOutputStream:75 - [STDERR_REDIRECT] [Fatal Error] :1:1: Premature end of file.
2026-01-11 13:39:05,707 [ERROR] LogOutputStream:75 - [STDERR_REDIRECT] 
2026-01-11 13:39:06,707 [ERROR] LogOutputStream:75 - [STDERR_REDIRECT] [Fatal Error] :1:1: Premature end of file.
2026-01-11 13:39:06,707 [ERROR] LogOutputStream:75 - [STDERR_REDIRECT] 
2026-01-11 13:39:07,708 [ERROR] LogOutputStream:75 - [STDERR_REDIRECT] [Fatal Error] :1:1: Premature end of file.
2026-01-11 13:39:07,708 [ERROR] LogOutputStream:75 - [STDERR_REDIRECT] 
2026-01-11 13:39:08,723 [ERROR] LogOutputStream:75 - [STDERR_REDIRECT] [Fatal Error] :1:1: Premature end of file.
2026-01-11 13:39:08,723 [ERROR] LogOutputStream:75 - [STDERR_REDIRECT] 
2026-01-11 13:39:09,703 [ERROR] LogOutputStream:75 - [STDERR_REDIRECT] [Fatal Error] :1:1: Premature end of file.
2026-01-11 13:39:09,703 [ERROR] LogOutputStream:75 - [STDERR_REDIRECT] 
2026-01-11 13:39:10,704 [ERROR] LogOutputStream:75 - [STDERR_REDIRECT] [Fatal Error] :1:1: Premature end of file.
2026-01-11 13:39:10,704 [ERROR] LogOutputStream:75 - [STDERR_REDIRECT] 
2026-01-11 13:39:11,713 [ERROR] LogOutputStream:75 - [STDERR_REDIRECT] [Fatal Error] :1:1: Premature end of file.
2026-01-11 13:39:11,714 [ERROR] LogOutputStream:75 - [STDERR_REDIRECT] 
2026-01-11 13:39:12,703 [ERROR] LogOutputStream:75 - [STDERR_REDIRECT] [Fatal Error] :1:1: Premature end of file.
2026-01-11 13:39:12,703 [ERROR] LogOutputStream:75 - [STDERR_REDIRECT] 
2026-01-11 13:39:13,703 [ERROR] LogOutputStream:75 - [STDERR_REDIRECT] [Fatal Error] :1:1: Premature end of file.
2026-01-11 13:39:13,703 [ERROR] LogOutputStream:75 - [STDERR_REDIRECT] 
2026-01-11 13:39:14,703 [ERROR] LogOutputStream:75 - [STDERR_REDIRECT] [Fatal Error] :1:1: Premature end of file.
2026-01-11 13:39:14,703 [ERROR] LogOutputStream:75 - [STDERR_REDIRECT] 
2026-01-11 13:39:15,704 [ERROR] LogOutputStream:75 - [STDERR_REDIRECT] [Fatal Error] :1:1: Premature end of file.
2026-01-11 13:39:15,704 [ERROR] LogOutputStream:75 - [STDERR_REDIRECT] 
2026-01-11 13:39:16,702 [ERROR] LogOutputStream:75 - [STDERR_REDIRECT] [Fatal Error] :1:1: Premature end of file.
2026-01-11 13:39:16,702 [ERROR] LogOutputStream:75 - [STDERR_REDIRECT] 
2026-01-11 13:39:17,715 [ERROR] LogOutputStream:75 - [STDERR_REDIRECT] [Fatal Error] :1:1: Premature end of file.
2026-01-11 13:39:17,715 [ERROR] LogOutputStream:75 - [STDERR_REDIRECT] 
2026-01-11 13:39:18,707 [ERROR] LogOutputStream:75 - [STDERR_REDIRECT] [Fatal Error] :1:1: Premature end of file.
2026-01-11 13:39:18,707 [ERROR] LogOutputStream:75 - [STDERR_REDIRECT] 
2026-01-11 13:39:19,717 [ERROR] LogOutputStream:75 - [STDERR_REDIRECT] [Fatal Error] :1:1: Premature end of file.
2026-01-11 13:39:19,718 [ERROR] LogOutputStream:75 - [STDERR_REDIRECT] 
2026-01-11 13:39:20,719 [ERROR] LogOutputStream:75 - [STDERR_REDIRECT] [Fatal Error] :1:1: Premature end of file.
2026-01-11 13:39:20,719 [ERROR] LogOutputStream:75 - [STDERR_REDIRECT] 
2026-01-11 13:39:21,712 [ERROR] LogOutputStream:75 - [STDERR_REDIRECT] [Fatal Error] :1:1: Premature end of file.
2026-01-11 13:39:21,712 [ERROR] LogOutputStream:75 - [STDERR_REDIRECT] 
2026-01-11 13:39:22,704 [ERROR] LogOutputStream:75 - [STDERR_REDIRECT] [Fatal Error] :1:1: Premature end of file.
2026-01-11 13:39:22,704 [ERROR] LogOutputStream:75 - [STDERR_REDIRECT] 
2026-01-11 13:39:23,707 [ERROR] LogOutputStream:75 - [STDERR_REDIRECT] [Fatal Error] :1:1: Premature end of file.
2026-01-11 13:39:23,707 [ERROR] LogOutputStream:75 - [STDERR_REDIRECT] 
2026-01-11 13:39:24,704 [ERROR] LogOutputStream:75 - [STDERR_REDIRECT] [Fatal Error] :1:1: Premature end of file.
2026-01-11 13:39:24,704 [ERROR] LogOutputStream:75 - [STDERR_REDIRECT] 
2026-01-11 13:39:25,705 [ERROR] LogOutputStream:75 - [STDERR_REDIRECT] [Fatal Error] :1:1: Premature end of file.
2026-01-11 13:39:25,705 [ERROR] LogOutputStream:75 - [STDERR_REDIRECT] 
2026-01-11 13:39:26,705 [ERROR] LogOutputStream:75 - [STDERR_REDIRECT] [Fatal Error] :1:1: Premature end of file.
2026-01-11 13:39:26,705 [ERROR] LogOutputStream:75 - [STDERR_REDIRECT] 
2026-01-11 13:39:27,705 [ERROR] LogOutputStream:75 - [STDERR_REDIRECT] [Fatal Error] :1:1: Premature end of file.
2026-01-11 13:39:27,705 [ERROR] LogOutputStream:75 - [STDERR_REDIRECT] 
2026-01-11 13:39:28,712 [ERROR] LogOutputStream:75 - [STDERR_REDIRECT] [Fatal Error] :1:1: Premature end of file.
2026-01-11 13:39:28,712 [ERROR] LogOutputStream:75 - [STDERR_REDIRECT] 
2026-01-11 13:39:29,709 [ERROR] LogOutputStream:75 - [STDERR_REDIRECT] [Fatal Error] :1:1: Premature end of file.
2026-01-11 13:39:29,709 [ERROR] LogOutputStream:75 - [STDERR_REDIRECT] 
2026-01-11 13:39:30,707 [ERROR] LogOutputStream:75 - [STDERR_REDIRECT] [Fatal Error] :1:1: Premature end of file.
2026-01-11 13:39:30,707 [ERROR] LogOutputStream:75 - [STDERR_REDIRECT] 
2026-01-11 13:39:31,704 [ERROR] LogOutputStream:75 - [STDERR_REDIRECT] [Fatal Error] :1:1: Premature end of file.
2026-01-11 13:39:31,704 [ERROR] LogOutputStream:75 - [STDERR_REDIRECT] 
2026-01-11 13:39:32,704 [ERROR] LogOutputStream:75 - [STDERR_REDIRECT] [Fatal Error] :1:1: Premature end of file.
2026-01-11 13:39:32,704 [ERROR] LogOutputStream:75 - [STDERR_REDIRECT] 
2026-01-11 13:39:33,704 [ERROR] LogOutputStream:75 - [STDERR_REDIRECT] [Fatal Error] :1:1: Premature end of file.
2026-01-11 13:39:33,705 [ERROR] LogOutputStream:75 - [STDERR_REDIRECT] 
2026-01-11 13:39:34,703 [ERROR] LogOutputStream:75 - [STDERR_REDIRECT] [Fatal Error] :1:1: Premature end of file.
2026-01-11 13:39:34,703 [ERROR] LogOutputStream:75 - [STDERR_REDIRECT] 
2026-01-11 13:39:35,705 [ERROR] LogOutputStream:75 - [STDERR_REDIRECT] [Fatal Error] :1:1: Premature end of file.
2026-01-11 13:39:35,705 [ERROR] LogOutputStream:75 - [STDERR_REDIRECT] 
2026-01-11 13:39:36,705 [ERROR] LogOutputStream:75 - [STDERR_REDIRECT] [Fatal Error] :1:1: Premature end of file.
2026-01-11 13:39:36,705 [ERROR] LogOutputStream:75 - [STDERR_REDIRECT] 
2026-01-11 13:39:37,705 [ERROR] LogOutputStream:75 - [STDERR_REDIRECT] [Fatal Error] :1:1: Premature end of file.
2026-01-11 13:39:37,705 [ERROR] LogOutputStream:75 - [STDERR_REDIRECT] 
2026-01-11 13:39:38,707 [ERROR] LogOutputStream:75 - [STDERR_REDIRECT] [Fatal Error] :1:1: Premature end of file.
2026-01-11 13:39:38,707 [ERROR] LogOutputStream:75 - [STDERR_REDIRECT] 
2026-01-11 13:39:39,713 [ERROR] LogOutputStream:75 - [STDERR_REDIRECT] [Fatal Error] :1:1: Premature end of file.
2026-01-11 13:39:39,713 [ERROR] LogOutputStream:75 - [STDERR_REDIRECT] 
2026-01-11 13:39:40,712 [ERROR] LogOutputStream:75 - [STDERR_REDIRECT] [Fatal Error] :1:1: Premature end of file.
2026-01-11 13:39:40,712 [ERROR] LogOutputStream:75 - [STDERR_REDIRECT] 
2026-01-11 13:39:41,706 [ERROR] LogOutputStream:75 - [STDERR_REDIRECT] [Fatal Error] :1:1: Premature end of file.
2026-01-11 13:39:41,706 [ERROR] LogOutputStream:75 - [STDERR_REDIRECT] 
2026-01-11 13:39:42,705 [ERROR] LogOutputStream:75 - [STDERR_REDIRECT] [Fatal Error] :1:1: Premature end of file.
2026-01-11 13:39:42,705 [ERROR] LogOutputStream:75 - [STDERR_REDIRECT] 
2026-01-11 13:39:43,707 [ERROR] LogOutputStream:75 - [STDERR_REDIRECT] [Fatal Error] :1:1: Premature end of file.
2026-01-11 13:39:43,707 [ERROR] LogOutputStream:75 - [STDERR_REDIRECT] 
2026-01-11 13:39:44,702 [ERROR] LogOutputStream:75 - [STDERR_REDIRECT] [Fatal Error] :1:1: Premature end of file.
2026-01-11 13:39:44,702 [ERROR] LogOutputStream:75 - [STDERR_REDIRECT] 
2026-01-11 13:39:45,704 [ERROR] LogOutputStream:75 - [STDERR_REDIRECT] [Fatal Error] :1:1: Premature end of file.
2026-01-11 13:39:45,705 [ERROR] LogOutputStream:75 - [STDERR_REDIRECT] 
2026-01-11 13:39:46,712 [ERROR] LogOutputStream:75 - [STDERR_REDIRECT] [Fatal Error] :1:1: Premature end of file.
2026-01-11 13:39:46,712 [ERROR] LogOutputStream:75 - [STDERR_REDIRECT] 
2026-01-11 13:39:47,712 [ERROR] LogOutputStream:75 - [STDERR_REDIRECT] [Fatal Error] :1:1: Premature end of file.
2026-01-11 13:39:47,712 [ERROR] LogOutputStream:75 - [STDERR_REDIRECT] 
2026-01-11 13:39:48,716 [ERROR] LogOutputStream:75 - [STDERR_REDIRECT] [Fatal Error] :1:1: Premature end of file.
2026-01-11 13:39:48,716 [ERROR] LogOutputStream:75 - [STDERR_REDIRECT] 
2026-01-11 13:39:49,715 [ERROR] LogOutputStream:75 - [STDERR_REDIRECT] [Fatal Error] :1:1: Premature end of file.
2026-01-11 13:39:49,715 [ERROR] LogOutputStream:75 - [STDERR_REDIRECT] 
2026-01-11 13:39:50,706 [ERROR] LogOutputStream:75 - [STDERR_REDIRECT] [Fatal Error] :1:1: Premature end of file.
2026-01-11 13:39:50,708 [ERROR] LogOutputStream:75 - [STDERR_REDIRECT] 
2026-01-11 13:39:51,705 [ERROR] LogOutputStream:75 - [STDERR_REDIRECT] [Fatal Error] :1:1: Premature end of file.
2026-01-11 13:39:51,705 [ERROR] LogOutputStream:75 - [STDERR_REDIRECT] 
2026-01-11 13:39:52,704 [ERROR] LogOutputStream:75 - [STDERR_REDIRECT] [Fatal Error] :1:1: Premature end of file.
2026-01-11 13:39:52,704 [ERROR] LogOutputStream:75 - [STDERR_REDIRECT] 
2026-01-11 13:39:53,713 [ERROR] LogOutputStream:75 - [STDERR_REDIRECT] [Fatal Error] :1:1: Premature end of file.
2026-01-11 13:39:53,713 [ERROR] LogOutputStream:75 - [STDERR_REDIRECT] 
2026-01-11 13:39:54,714 [ERROR] LogOutputStream:75 - [STDERR_REDIRECT] [Fatal Error] :1:1: Premature end of file.
2026-01-11 13:39:54,714 [ERROR] LogOutputStream:75 - [STDERR_REDIRECT] 
2026-01-11 13:39:55,708 [ERROR] LogOutputStream:75 - [STDERR_REDIRECT] [Fatal Error] :1:1: Premature end of file.
2026-01-11 13:39:55,708 [ERROR] LogOutputStream:75 - [STDERR_REDIRECT] 
2026-01-11 13:39:56,715 [ERROR] LogOutputStream:75 - [STDERR_REDIRECT] [Fatal Error] :1:1: Premature end of file.
2026-01-11 13:39:56,715 [ERROR] LogOutputStream:75 - [STDERR_REDIRECT] 
2026-01-11 13:39:57,710 [ERROR] LogOutputStream:75 - [STDERR_REDIRECT] [Fatal Error] :1:1: Premature end of file.
2026-01-11 13:39:57,710 [ERROR] LogOutputStream:75 - [STDERR_REDIRECT] 
2026-01-11 13:39:58,709 [ERROR] LogOutputStream:75 - [STDERR_REDIRECT] [Fatal Error] :1:1: Premature end of file.
2026-01-11 13:39:58,709 [ERROR] LogOutputStream:75 - [STDERR_REDIRECT] 
2026-01-11 13:39:59,716 [ERROR] LogOutputStream:75 - [STDERR_REDIRECT] [Fatal Error] :1:1: Premature end of file.
2026-01-11 13:39:59,716 [ERROR] LogOutputStream:75 - [STDERR_REDIRECT] 
2026-01-11 13:40:00,708 [ERROR] LogOutputStream:75 - [STDERR_REDIRECT] [Fatal Error] :1:1: Premature end of file.
2026-01-11 13:40:00,708 [ERROR] LogOutputStream:75 - [STDERR_REDIRECT] 
2026-01-11 13:40:01,707 [ERROR] LogOutputStream:75 - [STDERR_REDIRECT] [Fatal Error] :1:1: Premature end of file.
2026-01-11 13:40:01,707 [ERROR] LogOutputStream:75 - [STDERR_REDIRECT] 
2026-01-11 13:40:02,715 [ERROR] LogOutputStream:75 - [STDERR_REDIRECT] [Fatal Error] :1:1: Premature end of file.
2026-01-11 13:40:02,715 [ERROR] LogOutputStream:75 - [STDERR_REDIRECT] 
2026-01-11 13:40:03,704 [ERROR] LogOutputStream:75 - [STDERR_REDIRECT] [Fatal Error] :1:1: Premature end of file.
2026-01-11 13:40:03,704 [ERROR] LogOutputStream:75 - [STDERR_REDIRECT] 
2026-01-11 13:40:04,711 [ERROR] LogOutputStream:75 - [STDERR_REDIRECT] [Fatal Error] :1:1: Premature end of file.
2026-01-11 13:40:04,711 [ERROR] LogOutputStream:75 - [STDERR_REDIRECT] 
2026-01-11 13:40:05,708 [ERROR] LogOutputStream:75 - [STDERR_REDIRECT] [Fatal Error] :1:1: Premature end of file.
2026-01-11 13:40:05,708 [ERROR] LogOutputStream:75 - [STDERR_REDIRECT] 
2026-01-11 13:40:06,711 [ERROR] LogOutputStream:75 - [STDERR_REDIRECT] [Fatal Error] :1:1: Premature end of file.
2026-01-11 13:40:06,711 [ERROR] LogOutputStream:75 - [STDERR_REDIRECT] 
2026-01-11 13:40:07,714 [ERROR] LogOutputStream:75 - [STDERR_REDIRECT] [Fatal Error] :1:1: Premature end of file.
2026-01-11 13:40:07,715 [ERROR] LogOutputStream:75 - [STDERR_REDIRECT] 
2026-01-11 13:40:08,729 [ERROR] LogOutputStream:75 - [STDERR_REDIRECT] [Fatal Error] :1:1: Premature end of file.
2026-01-11 13:40:08,730 [ERROR] LogOutputStream:75 - [STDERR_REDIRECT] 
2026-01-11 13:40:09,705 [ERROR] LogOutputStream:75 - [STDERR_REDIRECT] [Fatal Error] :1:1: Premature end of file.
2026-01-11 13:40:09,706 [ERROR] LogOutputStream:75 - [STDERR_REDIRECT] 
2026-01-11 13:40:10,711 [ERROR] LogOutputStream:75 - [STDERR_REDIRECT] [Fatal Error] :1:1: Premature end of file.
2026-01-11 13:40:10,711 [ERROR] LogOutputStream:75 - [STDERR_REDIRECT] 
2026-01-11 13:40:11,707 [ERROR] LogOutputStream:75 - [STDERR_REDIRECT] [Fatal Error] :1:1: Premature end of file.
2026-01-11 13:40:11,707 [ERROR] LogOutputStream:75 - [STDERR_REDIRECT] 
2026-01-11 13:40:12,703 [ERROR] LogOutputStream:75 - [STDERR_REDIRECT] [Fatal Error] :1:1: Premature end of file.
2026-01-11 13:40:12,703 [ERROR] LogOutputStream:75 - [STDERR_REDIRECT] 
2026-01-11 13:40:13,704 [ERROR] LogOutputStream:75 - [STDERR_REDIRECT] [Fatal Error] :1:1: Premature end of file.
2026-01-11 13:40:13,704 [ERROR] LogOutputStream:75 - [STDERR_REDIRECT] 
2026-01-11 13:40:14,704 [ERROR] LogOutputStream:75 - [STDERR_REDIRECT] [Fatal Error] :1:1: Premature end of file.
2026-01-11 13:40:14,704 [ERROR] LogOutputStream:75 - [STDERR_REDIRECT] 
2026-01-11 13:40:15,705 [ERROR] LogOutputStream:75 - [STDERR_REDIRECT] [Fatal Error] :1:1: Premature end of file.
2026-01-11 13:40:15,705 [ERROR] LogOutputStream:75 - [STDERR_REDIRECT] 
2026-01-11 13:40:16,704 [ERROR] LogOutputStream:75 - [STDERR_REDIRECT] [Fatal Error] :1:1: Premature end of file.
2026-01-11 13:40:16,704 [ERROR] LogOutputStream:75 - [STDERR_REDIRECT] 
2026-01-11 13:40:17,709 [ERROR] LogOutputStream:75 - [STDERR_REDIRECT] [Fatal Error] :1:1: Premature end of file.
2026-01-11 13:40:17,709 [ERROR] LogOutputStream:75 - [STDERR_REDIRECT] 
2026-01-11 13:40:18,706 [ERROR] LogOutputStream:75 - [STDERR_REDIRECT] [Fatal Error] :1:1: Premature end of file.
2026-01-11 13:40:18,706 [ERROR] LogOutputStream:75 - [STDERR_REDIRECT] 
2026-01-11 13:40:19,703 [ERROR] LogOutputStream:75 - [STDERR_REDIRECT] [Fatal Error] :1:1: Premature end of file.
2026-01-11 13:40:19,704 [ERROR] LogOutputStream:75 - [STDERR_REDIRECT] 
2026-01-11 13:40:20,704 [ERROR] LogOutputStream:75 - [STDERR_REDIRECT] [Fatal Error] :1:1: Premature end of file.
2026-01-11 13:40:20,705 [ERROR] LogOutputStream:75 - [STDERR_REDIRECT] 
2026-01-11 13:40:21,705 [ERROR] LogOutputStream:75 - [STDERR_REDIRECT] [Fatal Error] :1:1: Premature end of file.
2026-01-11 13:40:21,705 [ERROR] LogOutputStream:75 - [STDERR_REDIRECT] 
2026-01-11 13:40:22,704 [ERROR] LogOutputStream:75 - [STDERR_REDIRECT] [Fatal Error] :1:1: Premature end of file.
2026-01-11 13:40:22,704 [ERROR] LogOutputStream:75 - [STDERR_REDIRECT] 
2026-01-11 13:40:23,707 [ERROR] LogOutputStream:75 - [STDERR_REDIRECT] [Fatal Error] :1:1: Premature end of file.
2026-01-11 13:40:23,707 [ERROR] LogOutputStream:75 - [STDERR_REDIRECT] 
2026-01-11 13:40:24,704 [ERROR] LogOutputStream:75 - [STDERR_REDIRECT] [Fatal Error] :1:1: Premature end of file.
2026-01-11 13:40:24,704 [ERROR] LogOutputStream:75 - [STDERR_REDIRECT] 
2026-01-11 13:40:25,707 [ERROR] LogOutputStream:75 - [STDERR_REDIRECT] [Fatal Error] :1:1: Premature end of file.
2026-01-11 13:40:25,707 [ERROR] LogOutputStream:75 - [STDERR_REDIRECT] 
2026-01-11 13:40:26,703 [ERROR] LogOutputStream:75 - [STDERR_REDIRECT] [Fatal Error] :1:1: Premature end of file.
2026-01-11 13:40:26,703 [ERROR] LogOutputStream:75 - [STDERR_REDIRECT] 
2026-01-11 13:40:27,704 [ERROR] LogOutputStream:75 - [STDERR_REDIRECT] [Fatal Error] :1:1: Premature end of file.
2026-01-11 13:40:27,704 [ERROR] LogOutputStream:75 - [STDERR_REDIRECT] 
2026-01-11 13:40:28,704 [ERROR] LogOutputStream:75 - [STDERR_REDIRECT] [Fatal Error] :1:1: Premature end of file.
2026-01-11 13:40:28,704 [ERROR] LogOutputStream:75 - [STDERR_REDIRECT] 
2026-01-11 13:40:29,704 [ERROR] LogOutputStream:75 - [STDERR_REDIRECT] [Fatal Error] :1:1: Premature end of file.
2026-01-11 13:40:29,704 [ERROR] LogOutputStream:75 - [STDERR_REDIRECT] 
2026-01-11 13:40:30,704 [ERROR] LogOutputStream:75 - [STDERR_REDIRECT] [Fatal Error] :1:1: Premature end of file.
2026-01-11 13:40:30,705 [ERROR] LogOutputStream:75 - [STDERR_REDIRECT] 
2026-01-11 13:40:31,704 [ERROR] LogOutputStream:75 - [STDERR_REDIRECT] [Fatal Error] :1:1: Premature end of file.
2026-01-11 13:40:31,704 [ERROR] LogOutputStream:75 - [STDERR_REDIRECT] 
2026-01-11 13:40:32,704 [ERROR] LogOutputStream:75 - [STDERR_REDIRECT] [Fatal Error] :1:1: Premature end of file.
2026-01-11 13:40:32,704 [ERROR] LogOutputStream:75 - [STDERR_REDIRECT] 
2026-01-11 13:40:33,704 [ERROR] LogOutputStream:75 - [STDERR_REDIRECT] [Fatal Error] :1:1: Premature end of file.
2026-01-11 13:40:33,704 [ERROR] LogOutputStream:75 - [STDERR_REDIRECT] 
2026-01-11 13:40:34,704 [ERROR] LogOutputStream:75 - [STDERR_REDIRECT] [Fatal Error] :1:1: Premature end of file.
2026-01-11 13:40:34,704 [ERROR] LogOutputStream:75 - [STDERR_REDIRECT] 
2026-01-11 13:40:35,707 [ERROR] LogOutputStream:75 - [STDERR_REDIRECT] [Fatal Error] :1:1: Premature end of file.
2026-01-11 13:40:35,709 [ERROR] LogOutputStream:75 - [STDERR_REDIRECT] 
2026-01-11 13:40:36,704 [ERROR] LogOutputStream:75 - [STDERR_REDIRECT] [Fatal Error] :1:1: Premature end of file.
2026-01-11 13:40:36,704 [ERROR] LogOutputStream:75 - [STDERR_REDIRECT] 
2026-01-11 13:40:37,704 [ERROR] LogOutputStream:75 - [STDERR_REDIRECT] [Fatal Error] :1:1: Premature end of file.
2026-01-11 13:40:37,704 [ERROR] LogOutputStream:75 - [STDERR_REDIRECT] 
2026-01-11 13:40:38,704 [ERROR] LogOutputStream:75 - [STDERR_REDIRECT] [Fatal Error] :1:1: Premature end of file.
2026-01-11 13:40:38,704 [ERROR] LogOutputStream:75 - [STDERR_REDIRECT] 
2026-01-11 13:40:39,704 [ERROR] LogOutputStream:75 - [STDERR_REDIRECT] [Fatal Error] :1:1: Premature end of file.
2026-01-11 13:40:39,704 [ERROR] LogOutputStream:75 - [STDERR_REDIRECT] 
2026-01-11 13:40:40,704 [ERROR] LogOutputStream:75 - [STDERR_REDIRECT] [Fatal Error] :1:1: Premature end of file.
2026-01-11 13:40:40,704 [ERROR] LogOutputStream:75 - [STDERR_REDIRECT] 
2026-01-11 13:40:41,705 [ERROR] LogOutputStream:75 - [STDERR_REDIRECT] [Fatal Error] :1:1: Premature end of file.
2026-01-11 13:40:41,705 [ERROR] LogOutputStream:75 - [STDERR_REDIRECT] 
2026-01-11 13:40:42,704 [ERROR] LogOutputStream:75 - [STDERR_REDIRECT] [Fatal Error] :1:1: Premature end of file.
2026-01-11 13:40:42,704 [ERROR] LogOutputStream:75 - [STDERR_REDIRECT] 
2026-01-11 13:40:43,704 [ERROR] LogOutputStream:75 - [STDERR_REDIRECT] [Fatal Error] :1:1: Premature end of file.
2026-01-11 13:40:43,704 [ERROR] LogOutputStream:75 - [STDERR_REDIRECT] 
2026-01-11 13:40:44,704 [ERROR] LogOutputStream:75 - [STDERR_REDIRECT] [Fatal Error] :1:1: Premature end of file.
2026-01-11 13:40:44,705 [ERROR] LogOutputStream:75 - [STDERR_REDIRECT] 
2026-01-11 13:40:45,704 [ERROR] LogOutputStream:75 - [STDERR_REDIRECT] [Fatal Error] :1:1: Premature end of file.
2026-01-11 13:40:45,704 [ERROR] LogOutputStream:75 - [STDERR_REDIRECT] 
2026-01-11 13:40:46,703 [ERROR] LogOutputStream:75 - [STDERR_REDIRECT] [Fatal Error] :1:1: Premature end of file.
2026-01-11 13:40:46,703 [ERROR] LogOutputStream:75 - [STDERR_REDIRECT] 
2026-01-11 13:40:47,705 [ERROR] LogOutputStream:75 - [STDERR_REDIRECT] [Fatal Error] :1:1: Premature end of file.
2026-01-11 13:40:47,705 [ERROR] LogOutputStream:75 - [STDERR_REDIRECT] 
2026-01-11 13:40:48,706 [ERROR] LogOutputStream:75 - [STDERR_REDIRECT] [Fatal Error] :1:1: Premature end of file.
2026-01-11 13:40:48,706 [ERROR] LogOutputStream:75 - [STDERR_REDIRECT] 
2026-01-11 13:40:49,707 [ERROR] LogOutputStream:75 - [STDERR_REDIRECT] [Fatal Error] :1:1: Premature end of file.
2026-01-11 13:40:49,707 [ERROR] LogOutputStream:75 - [STDERR_REDIRECT] 
2026-01-11 13:40:50,715 [ERROR] LogOutputStream:75 - [STDERR_REDIRECT] [Fatal Error] :1:1: Premature end of file.
2026-01-11 13:40:50,715 [ERROR] LogOutputStream:75 - [STDERR_REDIRECT] 
2026-01-11 13:40:51,703 [ERROR] LogOutputStream:75 - [STDERR_REDIRECT] [Fatal Error] :1:1: Premature end of file.
2026-01-11 13:40:51,703 [ERROR] LogOutputStream:75 - [STDERR_REDIRECT] 
2026-01-11 13:40:52,704 [ERROR] LogOutputStream:75 - [STDERR_REDIRECT] [Fatal Error] :1:1: Premature end of file.
2026-01-11 13:40:52,704 [ERROR] LogOutputStream:75 - [STDERR_REDIRECT] 
2026-01-11 13:40:53,706 [ERROR] LogOutputStream:75 - [STDERR_REDIRECT] [Fatal Error] :1:1: Premature end of file.
2026-01-11 13:40:53,706 [ERROR] LogOutputStream:75 - [STDERR_REDIRECT] 
2026-01-11 13:40:54,704 [ERROR] LogOutputStream:75 - [STDERR_REDIRECT] [Fatal Error] :1:1: Premature end of file.
2026-01-11 13:40:54,704 [ERROR] LogOutputStream:75 - [STDERR_REDIRECT] 
2026-01-11 13:40:55,706 [ERROR] LogOutputStream:75 - [STDERR_REDIRECT] [Fatal Error] :1:1: Premature end of file.
2026-01-11 13:40:55,707 [ERROR] LogOutputStream:75 - [STDERR_REDIRECT] 
2026-01-11 13:40:56,706 [ERROR] LogOutputStream:75 - [STDERR_REDIRECT] [Fatal Error] :1:1: Premature end of file.
2026-01-11 13:40:56,706 [ERROR] LogOutputStream:75 - [STDERR_REDIRECT] 
2026-01-11 13:40:57,704 [ERROR] LogOutputStream:75 - [STDERR_REDIRECT] [Fatal Error] :1:1: Premature end of file.
2026-01-11 13:40:57,706 [ERROR] LogOutputStream:75 - [STDERR_REDIRECT] 
2026-01-11 13:40:58,704 [ERROR] LogOutputStream:75 - [STDERR_REDIRECT] [Fatal Error] :1:1: Premature end of file.
2026-01-11 13:40:58,704 [ERROR] LogOutputStream:75 - [STDERR_REDIRECT] 
2026-01-11 13:40:59,708 [ERROR] LogOutputStream:75 - [STDERR_REDIRECT] [Fatal Error] :1:1: Premature end of file.
2026-01-11 13:40:59,708 [ERROR] LogOutputStream:75 - [STDERR_REDIRECT] 
2026-01-11 13:41:00,705 [ERROR] LogOutputStream:75 - [STDERR_REDIRECT] [Fatal Error] :1:1: Premature end of file.
2026-01-11 13:41:00,705 [ERROR] LogOutputStream:75 - [STDERR_REDIRECT] 
2026-01-11 13:41:01,706 [ERROR] LogOutputStream:75 - [STDERR_REDIRECT] [Fatal Error] :1:1: Premature end of file.
2026-01-11 13:41:01,706 [ERROR] LogOutputStream:75 - [STDERR_REDIRECT] 
2026-01-11 13:41:02,705 [ERROR] LogOutputStream:75 - [STDERR_REDIRECT] [Fatal Error] :1:1: Premature end of file.
2026-01-11 13:41:02,706 [ERROR] LogOutputStream:75 - [STDERR_REDIRECT] 
2026-01-11 13:41:03,704 [ERROR] LogOutputStream:75 - [STDERR_REDIRECT] [Fatal Error] :1:1: Premature end of file.
2026-01-11 13:41:03,704 [ERROR] LogOutputStream:75 - [STDERR_REDIRECT] 
2026-01-11 13:41:04,704 [ERROR] LogOutputStream:75 - [STDERR_REDIRECT] [Fatal Error] :1:1: Premature end of file.
2026-01-11 13:41:04,704 [ERROR] LogOutputStream:75 - [STDERR_REDIRECT] 
2026-01-11 13:41:05,703 [ERROR] LogOutputStream:75 - [STDERR_REDIRECT] [Fatal Error] :1:1: Premature end of file.
2026-01-11 13:41:05,703 [ERROR] LogOutputStream:75 - [STDERR_REDIRECT] 
2026-01-11 13:41:06,722 [ERROR] LogOutputStream:75 - [STDERR_REDIRECT] [Fatal Error] :1:1: Premature end of file.
2026-01-11 13:41:06,722 [ERROR] LogOutputStream:75 - [STDERR_REDIRECT] 
2026-01-11 13:41:07,705 [ERROR] LogOutputStream:75 - [STDERR_REDIRECT] [Fatal Error] :1:1: Premature end of file.
2026-01-11 13:41:07,705 [ERROR] LogOutputStream:75 - [STDERR_REDIRECT] 
2026-01-11 13:41:08,704 [ERROR] LogOutputStream:75 - [STDERR_REDIRECT] [Fatal Error] :1:1: Premature end of file.
2026-01-11 13:41:08,704 [ERROR] LogOutputStream:75 - [STDERR_REDIRECT] 
2026-01-11 13:41:09,707 [ERROR] LogOutputStream:75 - [STDERR_REDIRECT] [Fatal Error] :1:1: Premature end of file.
2026-01-11 13:41:09,707 [ERROR] LogOutputStream:75 - [STDERR_REDIRECT] 
2026-01-11 13:41:10,706 [ERROR] LogOutputStream:75 - [STDERR_REDIRECT] [Fatal Error] :1:1: Premature end of file.
2026-01-11 13:41:10,706 [ERROR] LogOutputStream:75 - [STDERR_REDIRECT] 
2026-01-11 13:41:11,703 [ERROR] LogOutputStream:75 - [STDERR_REDIRECT] [Fatal Error] :1:1: Premature end of file.
2026-01-11 13:41:11,703 [ERROR] LogOutputStream:75 - [STDERR_REDIRECT] 
2026-01-11 13:41:12,704 [ERROR] LogOutputStream:75 - [STDERR_REDIRECT] [Fatal Error] :1:1: Premature end of file.
2026-01-11 13:41:12,704 [ERROR] LogOutputStream:75 - [STDERR_REDIRECT] 
2026-01-11 13:41:13,706 [ERROR] LogOutputStream:75 - [STDERR_REDIRECT] [Fatal Error] :1:1: Premature end of file.
2026-01-11 13:41:13,706 [ERROR] LogOutputStream:75 - [STDERR_REDIRECT] 
2026-01-11 13:41:14,703 [ERROR] LogOutputStream:75 - [STDERR_REDIRECT] [Fatal Error] :1:1: Premature end of file.
2026-01-11 13:41:14,703 [ERROR] LogOutputStream:75 - [STDERR_REDIRECT] 
2026-01-11 13:41:15,711 [ERROR] LogOutputStream:75 - [STDERR_REDIRECT] [Fatal Error] :1:1: Premature end of file.
2026-01-11 13:41:15,711 [ERROR] LogOutputStream:75 - [STDERR_REDIRECT] 
2026-01-11 13:41:16,711 [ERROR] LogOutputStream:75 - [STDERR_REDIRECT] [Fatal Error] :1:1: Premature end of file.
2026-01-11 13:41:16,711 [ERROR] LogOutputStream:75 - [STDERR_REDIRECT] 
2026-01-11 13:41:17,710 [ERROR] LogOutputStream:75 - [STDERR_REDIRECT] [Fatal Error] :1:1: Premature end of file.
2026-01-11 13:41:17,710 [ERROR] LogOutputStream:75 - [STDERR_REDIRECT] 
2026-01-11 13:41:18,703 [ERROR] LogOutputStream:75 - [STDERR_REDIRECT] [Fatal Error] :1:1: Premature end of file.
2026-01-11 13:41:18,703 [ERROR] LogOutputStream:75 - [STDERR_REDIRECT] 
2026-01-11 13:41:19,710 [ERROR] LogOutputStream:75 - [STDERR_REDIRECT] [Fatal Error] :1:1: Premature end of file.
2026-01-11 13:41:19,710 [ERROR] LogOutputStream:75 - [STDERR_REDIRECT] 
2026-01-11 13:41:20,704 [ERROR] LogOutputStream:75 - [STDERR_REDIRECT] [Fatal Error] :1:1: Premature end of file.
2026-01-11 13:41:20,704 [ERROR] LogOutputStream:75 - [STDERR_REDIRECT] 
2026-01-11 13:41:21,706 [ERROR] LogOutputStream:75 - [STDERR_REDIRECT] [Fatal Error] :1:1: Premature end of file.
2026-01-11 13:41:21,706 [ERROR] LogOutputStream:75 - [STDERR_REDIRECT] 
2026-01-11 13:41:22,704 [ERROR] LogOutputStream:75 - [STDERR_REDIRECT] [Fatal Error] :1:1: Premature end of file.
2026-01-11 13:41:22,704 [ERROR] LogOutputStream:75 - [STDERR_REDIRECT] 
2026-01-11 13:41:23,702 [ERROR] LogOutputStream:75 - [STDERR_REDIRECT] [Fatal Error] :1:1: Premature end of file.
2026-01-11 13:41:23,702 [ERROR] LogOutputStream:75 - [STDERR_REDIRECT] 
2026-01-11 13:41:24,710 [ERROR] LogOutputStream:75 - [STDERR_REDIRECT] [Fatal Error] :1:1: Premature end of file.
2026-01-11 13:41:24,710 [ERROR] LogOutputStream:75 - [STDERR_REDIRECT] 
2026-01-11 13:41:25,704 [ERROR] LogOutputStream:75 - [STDERR_REDIRECT] [Fatal Error] :1:1: Premature end of file.
2026-01-11 13:41:25,704 [ERROR] LogOutputStream:75 - [STDERR_REDIRECT] 
2026-01-11 13:41:26,704 [ERROR] LogOutputStream:75 - [STDERR_REDIRECT] [Fatal Error] :1:1: Premature end of file.
2026-01-11 13:41:26,704 [ERROR] LogOutputStream:75 - [STDERR_REDIRECT] 
2026-01-11 13:41:27,710 [ERROR] LogOutputStream:75 - [STDERR_REDIRECT] [Fatal Error] :1:1: Premature end of file.
2026-01-11 13:41:27,710 [ERROR] LogOutputStream:75 - [STDERR_REDIRECT] 
2026-01-11 13:41:28,701 [ERROR] LogOutputStream:75 - [STDERR_REDIRECT] [Fatal Error] :1:1: Premature end of file.
2026-01-11 13:41:28,701 [ERROR] LogOutputStream:75 - [STDERR_REDIRECT] 
2026-01-11 13:41:29,701 [ERROR] LogOutputStream:75 - [STDERR_REDIRECT] [Fatal Error] :1:1: Premature end of file.
2026-01-11 13:41:29,701 [ERROR] LogOutputStream:75 - [STDERR_REDIRECT] 
2026-01-11 13:41:30,705 [ERROR] LogOutputStream:75 - [STDERR_REDIRECT] [Fatal Error] :1:1: Premature end of file.
2026-01-11 13:41:30,705 [ERROR] LogOutputStream:75 - [STDERR_REDIRECT] 
2026-01-11 13:41:31,704 [ERROR] LogOutputStream:75 - [STDERR_REDIRECT] [Fatal Error] :1:1: Premature end of file.
2026-01-11 13:41:31,705 [ERROR] LogOutputStream:75 - [STDERR_REDIRECT] 
2026-01-11 13:41:32,718 [ERROR] LogOutputStream:75 - [STDERR_REDIRECT] [Fatal Error] :1:1: Premature end of file.
2026-01-11 13:41:32,718 [ERROR] LogOutputStream:75 - [STDERR_REDIRECT] 
2026-01-11 13:41:33,711 [ERROR] LogOutputStream:75 - [STDERR_REDIRECT] [Fatal Error] :1:1: Premature end of file.
2026-01-11 13:41:33,711 [ERROR] LogOutputStream:75 - [STDERR_REDIRECT] 
2026-01-11 13:41:34,705 [ERROR] LogOutputStream:75 - [STDERR_REDIRECT] [Fatal Error] :1:1: Premature end of file.
2026-01-11 13:41:34,705 [ERROR] LogOutputStream:75 - [STDERR_REDIRECT] 
2026-01-11 13:41:35,702 [ERROR] LogOutputStream:75 - [STDERR_REDIRECT] [Fatal Error] :1:1: Premature end of file.
2026-01-11 13:41:35,702 [ERROR] LogOutputStream:75 - [STDERR_REDIRECT] 
2026-01-11 13:41:36,704 [ERROR] LogOutputStream:75 - [STDERR_REDIRECT] [Fatal Error] :1:1: Premature end of file.
2026-01-11 13:41:36,704 [ERROR] LogOutputStream:75 - [STDERR_REDIRECT] 
2026-01-11 13:41:37,715 [ERROR] LogOutputStream:75 - [STDERR_REDIRECT] [Fatal Error] :1:1: Premature end of file.
2026-01-11 13:41:37,715 [ERROR] LogOutputStream:75 - [STDERR_REDIRECT] 
2026-01-11 13:41:38,704 [ERROR] LogOutputStream:75 - [STDERR_REDIRECT] [Fatal Error] :1:1: Premature end of file.
2026-01-11 13:41:38,704 [ERROR] LogOutputStream:75 - [STDERR_REDIRECT] 
2026-01-11 13:41:39,704 [ERROR] LogOutputStream:75 - [STDERR_REDIRECT] [Fatal Error] :1:1: Premature end of file.
2026-01-11 13:41:39,704 [ERROR] LogOutputStream:75 - [STDERR_REDIRECT] 
2026-01-11 13:41:40,705 [ERROR] LogOutputStream:75 - [STDERR_REDIRECT] [Fatal Error] :1:1: Premature end of file.
2026-01-11 13:41:40,706 [ERROR] LogOutputStream:75 - [STDERR_REDIRECT] 
2026-01-11 13:41:41,703 [ERROR] LogOutputStream:75 - [STDERR_REDIRECT] [Fatal Error] :1:1: Premature end of file.
2026-01-11 13:41:41,704 [ERROR] LogOutputStream:75 - [STDERR_REDIRECT] 
2026-01-11 13:41:42,703 [ERROR] LogOutputStream:75 - [STDERR_REDIRECT] [Fatal Error] :1:1: Premature end of file.
2026-01-11 13:41:42,703 [ERROR] LogOutputStream:75 - [STDERR_REDIRECT] 
2026-01-11 13:41:43,703 [ERROR] LogOutputStream:75 - [STDERR_REDIRECT] [Fatal Error] :1:1: Premature end of file.
2026-01-11 13:41:43,703 [ERROR] LogOutputStream:75 - [STDERR_REDIRECT] 
2026-01-11 13:41:44,705 [ERROR] LogOutputStream:75 - [STDERR_REDIRECT] [Fatal Error] :1:1: Premature end of file.
2026-01-11 13:41:44,705 [ERROR] LogOutputStream:75 - [STDERR_REDIRECT] 
2026-01-11 13:41:45,703 [ERROR] LogOutputStream:75 - [STDERR_REDIRECT] [Fatal Error] :1:1: Premature end of file.
2026-01-11 13:41:45,703 [ERROR] LogOutputStream:75 - [STDERR_REDIRECT] 
2026-01-11 13:41:46,702 [ERROR] LogOutputStream:75 - [STDERR_REDIRECT] [Fatal Error] :1:1: Premature end of file.
2026-01-11 13:41:46,703 [ERROR] LogOutputStream:75 - [STDERR_REDIRECT] 
2026-01-11 13:41:47,704 [ERROR] LogOutputStream:75 - [STDERR_REDIRECT] [Fatal Error] :1:1: Premature end of file.
2026-01-11 13:41:47,704 [ERROR] LogOutputStream:75 - [STDERR_REDIRECT] 
2026-01-11 13:41:48,703 [ERROR] LogOutputStream:75 - [STDERR_REDIRECT] [Fatal Error] :1:1: Premature end of file.
2026-01-11 13:41:48,703 [ERROR] LogOutputStream:75 - [STDERR_REDIRECT] 
2026-01-11 13:41:49,705 [ERROR] LogOutputStream:75 - [STDERR_REDIRECT] [Fatal Error] :1:1: Premature end of file.
2026-01-11 13:41:49,705 [ERROR] LogOutputStream:75 - [STDERR_REDIRECT] 
2026-01-11 13:41:50,704 [ERROR] LogOutputStream:75 - [STDERR_REDIRECT] [Fatal Error] :1:1: Premature end of file.
2026-01-11 13:41:50,704 [ERROR] LogOutputStream:75 - [STDERR_REDIRECT] 
2026-01-11 13:41:51,704 [ERROR] LogOutputStream:75 - [STDERR_REDIRECT] [Fatal Error] :1:1: Premature end of file.
2026-01-11 13:41:51,704 [ERROR] LogOutputStream:75 - [STDERR_REDIRECT] 
2026-01-11 13:41:52,716 [ERROR] LogOutputStream:75 - [STDERR_REDIRECT] [Fatal Error] :1:1: Premature end of file.
2026-01-11 13:41:52,716 [ERROR] LogOutputStream:75 - [STDERR_REDIRECT] 
2026-01-11 13:41:53,729 [ERROR] LogOutputStream:75 - [STDERR_REDIRECT] [Fatal Error] :1:1: Premature end of file.
2026-01-11 13:41:53,729 [ERROR] LogOutputStream:75 - [STDERR_REDIRECT] 
2026-01-11 13:41:54,702 [ERROR] LogOutputStream:75 - [STDERR_REDIRECT] [Fatal Error] :1:1: Premature end of file.
2026-01-11 13:41:54,702 [ERROR] LogOutputStream:75 - [STDERR_REDIRECT] 
2026-01-11 13:41:55,703 [ERROR] LogOutputStream:75 - [STDERR_REDIRECT] [Fatal Error] :1:1: Premature end of file.
2026-01-11 13:41:55,703 [ERROR] LogOutputStream:75 - [STDERR_REDIRECT] 
2026-01-11 13:41:56,704 [ERROR] LogOutputStream:75 - [STDERR_REDIRECT] [Fatal Error] :1:1: Premature end of file.
2026-01-11 13:41:56,704 [ERROR] LogOutputStream:75 - [STDERR_REDIRECT] 
2026-01-11 13:41:57,705 [ERROR] LogOutputStream:75 - [STDERR_REDIRECT] [Fatal Error] :1:1: Premature end of file.
2026-01-11 13:41:57,705 [ERROR] LogOutputStream:75 - [STDERR_REDIRECT] 
2026-01-11 13:41:58,704 [ERROR] LogOutputStream:75 - [STDERR_REDIRECT] [Fatal Error] :1:1: Premature end of file.
2026-01-11 13:41:58,704 [ERROR] LogOutputStream:75 - [STDERR_REDIRECT] 
2026-01-11 13:41:59,704 [ERROR] LogOutputStream:75 - [STDERR_REDIRECT] [Fatal Error] :1:1: Premature end of file.
2026-01-11 13:41:59,704 [ERROR] LogOutputStream:75 - [STDERR_REDIRECT] 
2026-01-11 13:42:00,703 [ERROR] LogOutputStream:75 - [STDERR_REDIRECT] [Fatal Error] :1:1: Premature end of file.
2026-01-11 13:42:00,704 [ERROR] LogOutputStream:75 - [STDERR_REDIRECT] 
2026-01-11 13:42:01,702 [ERROR] LogOutputStream:75 - [STDERR_REDIRECT] [Fatal Error] :1:1: Premature end of file.
2026-01-11 13:42:01,702 [ERROR] LogOutputStream:75 - [STDERR_REDIRECT] 
2026-01-11 13:42:02,704 [ERROR] LogOutputStream:75 - [STDERR_REDIRECT] [Fatal Error] :1:1: Premature end of file.
2026-01-11 13:42:02,704 [ERROR] LogOutputStream:75 - [STDERR_REDIRECT] 
2026-01-11 13:42:03,703 [ERROR] LogOutputStream:75 - [STDERR_REDIRECT] [Fatal Error] :1:1: Premature end of file.
2026-01-11 13:42:03,703 [ERROR] LogOutputStream:75 - [STDERR_REDIRECT] 
2026-01-11 13:42:04,703 [ERROR] LogOutputStream:75 - [STDERR_REDIRECT] [Fatal Error] :1:1: Premature end of file.
2026-01-11 13:42:04,704 [ERROR] LogOutputStream:75 - [STDERR_REDIRECT] 
2026-01-11 13:42:05,704 [ERROR] LogOutputStream:75 - [STDERR_REDIRECT] [Fatal Error] :1:1: Premature end of file.
2026-01-11 13:42:05,704 [ERROR] LogOutputStream:75 - [STDERR_REDIRECT] 
2026-01-11 13:42:06,703 [ERROR] LogOutputStream:75 - [STDERR_REDIRECT] [Fatal Error] :1:1: Premature end of file.
2026-01-11 13:42:06,703 [ERROR] LogOutputStream:75 - [STDERR_REDIRECT] 
2026-01-11 13:42:07,703 [ERROR] LogOutputStream:75 - [STDERR_REDIRECT] [Fatal Error] :1:1: Premature end of file.
2026-01-11 13:42:07,705 [ERROR] LogOutputStream:75 - [STDERR_REDIRECT] 
2026-01-11 13:42:08,704 [ERROR] LogOutputStream:75 - [STDERR_REDIRECT] [Fatal Error] :1:1: Premature end of file.
2026-01-11 13:42:08,704 [ERROR] LogOutputStream:75 - [STDERR_REDIRECT] 
2026-01-11 13:42:09,705 [ERROR] LogOutputStream:75 - [STDERR_REDIRECT] [Fatal Error] :1:1: Premature end of file.
2026-01-11 13:42:09,705 [ERROR] LogOutputStream:75 - [STDERR_REDIRECT] 
2026-01-11 13:42:10,704 [ERROR] LogOutputStream:75 - [STDERR_REDIRECT] [Fatal Error] :1:1: Premature end of file.
2026-01-11 13:42:10,704 [ERROR] LogOutputStream:75 - [STDERR_REDIRECT] 
2026-01-11 13:42:11,707 [ERROR] LogOutputStream:75 - [STDERR_REDIRECT] [Fatal Error] :1:1: Premature end of file.
2026-01-11 13:42:11,707 [ERROR] LogOutputStream:75 - [STDERR_REDIRECT] 
2026-01-11 13:42:12,702 [ERROR] LogOutputStream:75 - [STDERR_REDIRECT] [Fatal Error] :1:1: Premature end of file.
2026-01-11 13:42:12,702 [ERROR] LogOutputStream:75 - [STDERR_REDIRECT] 
2026-01-11 13:42:13,705 [ERROR] LogOutputStream:75 - [STDERR_REDIRECT] [Fatal Error] :1:1: Premature end of file.
2026-01-11 13:42:13,705 [ERROR] LogOutputStream:75 - [STDERR_REDIRECT] 
2026-01-11 13:42:14,704 [ERROR] LogOutputStream:75 - [STDERR_REDIRECT] [Fatal Error] :1:1: Premature end of file.
2026-01-11 13:42:14,704 [ERROR] LogOutputStream:75 - [STDERR_REDIRECT] 
2026-01-11 13:42:15,703 [ERROR] LogOutputStream:75 - [STDERR_REDIRECT] [Fatal Error] :1:1: Premature end of file.
2026-01-11 13:42:15,703 [ERROR] LogOutputStream:75 - [STDERR_REDIRECT] 
2026-01-11 13:42:16,703 [ERROR] LogOutputStream:75 - [STDERR_REDIRECT] [Fatal Error] :1:1: Premature end of file.
2026-01-11 13:42:16,703 [ERROR] LogOutputStream:75 - [STDERR_REDIRECT] 
2026-01-11 13:42:17,702 [ERROR] LogOutputStream:75 - [STDERR_REDIRECT] [Fatal Error] :1:1: Premature end of file.
2026-01-11 13:42:17,702 [ERROR] LogOutputStream:75 - [STDERR_REDIRECT] 
2026-01-11 13:42:18,706 [ERROR] LogOutputStream:75 - [STDERR_REDIRECT] [Fatal Error] :1:1: Premature end of file.
2026-01-11 13:42:18,706 [ERROR] LogOutputStream:75 - [STDERR_REDIRECT] 
2026-01-11 13:42:19,703 [ERROR] LogOutputStream:75 - [STDERR_REDIRECT] [Fatal Error] :1:1: Premature end of file.
2026-01-11 13:42:19,703 [ERROR] LogOutputStream:75 - [STDERR_REDIRECT] 
2026-01-11 13:42:20,703 [ERROR] LogOutputStream:75 - [STDERR_REDIRECT] [Fatal Error] :1:1: Premature end of file.
2026-01-11 13:42:20,703 [ERROR] LogOutputStream:75 - [STDERR_REDIRECT] 
2026-01-11 13:42:21,703 [ERROR] LogOutputStream:75 - [STDERR_REDIRECT] [Fatal Error] :1:1: Premature end of file.
2026-01-11 13:42:21,703 [ERROR] LogOutputStream:75 - [STDERR_REDIRECT] 
2026-01-11 13:42:22,703 [ERROR] LogOutputStream:75 - [STDERR_REDIRECT] [Fatal Error] :1:1: Premature end of file.
2026-01-11 13:42:22,703 [ERROR] LogOutputStream:75 - [STDERR_REDIRECT] 
2026-01-11 13:42:23,702 [ERROR] LogOutputStream:75 - [STDERR_REDIRECT] [Fatal Error] :1:1: Premature end of file.
2026-01-11 13:42:23,702 [ERROR] LogOutputStream:75 - [STDERR_REDIRECT] 
2026-01-11 13:42:24,704 [ERROR] LogOutputStream:75 - [STDERR_REDIRECT] [Fatal Error] :1:1: Premature end of file.
2026-01-11 13:42:24,704 [ERROR] LogOutputStream:75 - [STDERR_REDIRECT] 
2026-01-11 13:42:25,702 [ERROR] LogOutputStream:75 - [STDERR_REDIRECT] [Fatal Error] :1:1: Premature end of file.
2026-01-11 13:42:25,703 [ERROR] LogOutputStream:75 - [STDERR_REDIRECT] 
2026-01-11 13:42:26,704 [ERROR] LogOutputStream:75 - [STDERR_REDIRECT] [Fatal Error] :1:1: Premature end of file.
2026-01-11 13:42:26,704 [ERROR] LogOutputStream:75 - [STDERR_REDIRECT] 
2026-01-11 13:42:27,703 [ERROR] LogOutputStream:75 - [STDERR_REDIRECT] [Fatal Error] :1:1: Premature end of file.
2026-01-11 13:42:27,703 [ERROR] LogOutputStream:75 - [STDERR_REDIRECT] 
2026-01-11 13:42:28,704 [ERROR] LogOutputStream:75 - [STDERR_REDIRECT] [Fatal Error] :1:1: Premature end of file.
2026-01-11 13:42:28,704 [ERROR] LogOutputStream:75 - [STDERR_REDIRECT] 
2026-01-11 13:42:29,704 [ERROR] LogOutputStream:75 - [STDERR_REDIRECT] [Fatal Error] :1:1: Premature end of file.
2026-01-11 13:42:29,704 [ERROR] LogOutputStream:75 - [STDERR_REDIRECT] 
2026-01-11 13:42:30,704 [ERROR] LogOutputStream:75 - [STDERR_REDIRECT] [Fatal Error] :1:1: Premature end of file.
2026-01-11 13:42:30,704 [ERROR] LogOutputStream:75 - [STDERR_REDIRECT] 
2026-01-11 13:42:31,702 [ERROR] LogOutputStream:75 - [STDERR_REDIRECT] [Fatal Error] :1:1: Premature end of file.
2026-01-11 13:42:31,702 [ERROR] LogOutputStream:75 - [STDERR_REDIRECT] 
2026-01-11 13:42:32,703 [ERROR] LogOutputStream:75 - [STDERR_REDIRECT] [Fatal Error] :1:1: Premature end of file.
2026-01-11 13:42:32,703 [ERROR] LogOutputStream:75 - [STDERR_REDIRECT] 
2026-01-11 13:42:33,703 [ERROR] LogOutputStream:75 - [STDERR_REDIRECT] [Fatal Error] :1:1: Premature end of file.
2026-01-11 13:42:33,703 [ERROR] LogOutputStream:75 - [STDERR_REDIRECT] 
2026-01-11 13:42:34,703 [ERROR] LogOutputStream:75 - [STDERR_REDIRECT] [Fatal Error] :1:1: Premature end of file.
2026-01-11 13:42:34,704 [ERROR] LogOutputStream:75 - [STDERR_REDIRECT] 
2026-01-11 13:42:35,703 [ERROR] LogOutputStream:75 - [STDERR_REDIRECT] [Fatal Error] :1:1: Premature end of file.
2026-01-11 13:42:35,703 [ERROR] LogOutputStream:75 - [STDERR_REDIRECT] 
2026-01-11 13:42:36,703 [ERROR] LogOutputStream:75 - [STDERR_REDIRECT] [Fatal Error] :1:1: Premature end of file.
2026-01-11 13:42:36,703 [ERROR] LogOutputStream:75 - [STDERR_REDIRECT] 
2026-01-11 13:42:37,706 [ERROR] LogOutputStream:75 - [STDERR_REDIRECT] [Fatal Error] :1:1: Premature end of file.
2026-01-11 13:42:37,706 [ERROR] LogOutputStream:75 - [STDERR_REDIRECT] 
2026-01-11 13:42:38,707 [ERROR] LogOutputStream:75 - [STDERR_REDIRECT] [Fatal Error] :1:1: Premature end of file.
2026-01-11 13:42:38,707 [ERROR] LogOutputStream:75 - [STDERR_REDIRECT] 
2026-01-11 13:42:39,710 [ERROR] LogOutputStream:75 - [STDERR_REDIRECT] [Fatal Error] :1:1: Premature end of file.
2026-01-11 13:42:39,710 [ERROR] LogOutputStream:75 - [STDERR_REDIRECT] 
2026-01-11 13:42:40,714 [ERROR] LogOutputStream:75 - [STDERR_REDIRECT] [Fatal Error] :1:1: Premature end of file.
2026-01-11 13:42:40,714 [ERROR] LogOutputStream:75 - [STDERR_REDIRECT] 
2026-01-11 13:42:41,714 [ERROR] LogOutputStream:75 - [STDERR_REDIRECT] [Fatal Error] :1:1: Premature end of file.
2026-01-11 13:42:41,714 [ERROR] LogOutputStream:75 - [STDERR_REDIRECT] 
2026-01-11 13:42:42,705 [ERROR] LogOutputStream:75 - [STDERR_REDIRECT] [Fatal Error] :1:1: Premature end of file.
2026-01-11 13:42:42,705 [ERROR] LogOutputStream:75 - [STDERR_REDIRECT] 
2026-01-11 13:42:43,717 [ERROR] LogOutputStream:75 - [STDERR_REDIRECT] [Fatal Error] :1:1: Premature end of file.
2026-01-11 13:42:43,718 [ERROR] LogOutputStream:75 - [STDERR_REDIRECT] 
2026-01-11 13:42:44,702 [ERROR] LogOutputStream:75 - [STDERR_REDIRECT] [Fatal Error] :1:1: Premature end of file.
2026-01-11 13:42:44,703 [ERROR] LogOutputStream:75 - [STDERR_REDIRECT] 
2026-01-11 13:42:45,712 [ERROR] LogOutputStream:75 - [STDERR_REDIRECT] [Fatal Error] :1:1: Premature end of file.
2026-01-11 13:42:45,712 [ERROR] LogOutputStream:75 - [STDERR_REDIRECT] 
2026-01-11 13:42:46,709 [ERROR] LogOutputStream:75 - [STDERR_REDIRECT] [Fatal Error] :1:1: Premature end of file.
2026-01-11 13:42:46,709 [ERROR] LogOutputStream:75 - [STDERR_REDIRECT] 
2026-01-11 13:42:47,709 [ERROR] LogOutputStream:75 - [STDERR_REDIRECT] [Fatal Error] :1:1: Premature end of file.
2026-01-11 13:42:47,710 [ERROR] LogOutputStream:75 - [STDERR_REDIRECT] 
2026-01-11 13:42:48,704 [ERROR] LogOutputStream:75 - [STDERR_REDIRECT] [Fatal Error] :1:1: Premature end of file.
2026-01-11 13:42:48,704 [ERROR] LogOutputStream:75 - [STDERR_REDIRECT] 
2026-01-11 13:42:49,710 [ERROR] LogOutputStream:75 - [STDERR_REDIRECT] [Fatal Error] :1:1: Premature end of file.
2026-01-11 13:42:49,710 [ERROR] LogOutputStream:75 - [STDERR_REDIRECT] 
2026-01-11 13:42:50,705 [ERROR] LogOutputStream:75 - [STDERR_REDIRECT] [Fatal Error] :1:1: Premature end of file.
2026-01-11 13:42:50,705 [ERROR] LogOutputStream:75 - [STDERR_REDIRECT] 
2026-01-11 13:42:51,707 [ERROR] LogOutputStream:75 - [STDERR_REDIRECT] [Fatal Error] :1:1: Premature end of file.
2026-01-11 13:42:51,707 [ERROR] LogOutputStream:75 - [STDERR_REDIRECT] 
2026-01-11 13:42:52,705 [ERROR] LogOutputStream:75 - [STDERR_REDIRECT] [Fatal Error] :1:1: Premature end of file.
2026-01-11 13:42:52,706 [ERROR] LogOutputStream:75 - [STDERR_REDIRECT] 
2026-01-11 13:42:53,712 [ERROR] LogOutputStream:75 - [STDERR_REDIRECT] [Fatal Error] :1:1: Premature end of file.
2026-01-11 13:42:53,712 [ERROR] LogOutputStream:75 - [STDERR_REDIRECT] 
2026-01-11 13:42:54,707 [ERROR] LogOutputStream:75 - [STDERR_REDIRECT] [Fatal Error] :1:1: Premature end of file.
2026-01-11 13:42:54,708 [ERROR] LogOutputStream:75 - [STDERR_REDIRECT] 
2026-01-11 13:42:55,713 [ERROR] LogOutputStream:75 - [STDERR_REDIRECT] [Fatal Error] :1:1: Premature end of file.
2026-01-11 13:42:55,715 [ERROR] LogOutputStream:75 - [STDERR_REDIRECT] 
2026-01-11 13:42:56,710 [ERROR] LogOutputStream:75 - [STDERR_REDIRECT] [Fatal Error] :1:1: Premature end of file.
2026-01-11 13:42:56,710 [ERROR] LogOutputStream:75 - [STDERR_REDIRECT] 
2026-01-11 13:42:57,703 [ERROR] LogOutputStream:75 - [STDERR_REDIRECT] [Fatal Error] :1:1: Premature end of file.
2026-01-11 13:42:57,703 [ERROR] LogOutputStream:75 - [STDERR_REDIRECT] 
2026-01-11 13:42:58,704 [ERROR] LogOutputStream:75 - [STDERR_REDIRECT] [Fatal Error] :1:1: Premature end of file.
2026-01-11 13:42:58,705 [ERROR] LogOutputStream:75 - [STDERR_REDIRECT] 
2026-01-11 13:42:59,704 [ERROR] LogOutputStream:75 - [STDERR_REDIRECT] [Fatal Error] :1:1: Premature end of file.
2026-01-11 13:42:59,704 [ERROR] LogOutputStream:75 - [STDERR_REDIRECT] 
2026-01-11 13:43:00,705 [ERROR] LogOutputStream:75 - [STDERR_REDIRECT] [Fatal Error] :1:1: Premature end of file.
2026-01-11 13:43:00,705 [ERROR] LogOutputStream:75 - [STDERR_REDIRECT] 
2026-01-11 13:43:01,703 [ERROR] LogOutputStream:75 - [STDERR_REDIRECT] [Fatal Error] :1:1: Premature end of file.
2026-01-11 13:43:01,705 [ERROR] LogOutputStream:75 - [STDERR_REDIRECT] 
2026-01-11 13:43:02,709 [ERROR] LogOutputStream:75 - [STDERR_REDIRECT] [Fatal Error] :1:1: Premature end of file.
2026-01-11 13:43:02,709 [ERROR] LogOutputStream:75 - [STDERR_REDIRECT] 
2026-01-11 13:43:03,718 [ERROR] LogOutputStream:75 - [STDERR_REDIRECT] [Fatal Error] :1:1: Premature end of file.
2026-01-11 13:43:03,718 [ERROR] LogOutputStream:75 - [STDERR_REDIRECT] 
2026-01-11 13:43:04,710 [ERROR] LogOutputStream:75 - [STDERR_REDIRECT] [Fatal Error] :1:1: Premature end of file.
2026-01-11 13:43:04,710 [ERROR] LogOutputStream:75 - [STDERR_REDIRECT] 
2026-01-11 13:43:05,705 [ERROR] LogOutputStream:75 - [STDERR_REDIRECT] [Fatal Error] :1:1: Premature end of file.
2026-01-11 13:43:05,705 [ERROR] LogOutputStream:75 - [STDERR_REDIRECT] 
2026-01-11 13:43:06,705 [ERROR] LogOutputStream:75 - [STDERR_REDIRECT] [Fatal Error] :1:1: Premature end of file.
2026-01-11 13:43:06,705 [ERROR] LogOutputStream:75 - [STDERR_REDIRECT] 
2026-01-11 13:43:07,710 [ERROR] LogOutputStream:75 - [STDERR_REDIRECT] [Fatal Error] :1:1: Premature end of file.
2026-01-11 13:43:07,710 [ERROR] LogOutputStream:75 - [STDERR_REDIRECT] 
2026-01-11 13:43:08,727 [ERROR] LogOutputStream:75 - [STDERR_REDIRECT] [Fatal Error] :1:1: Premature end of file.
2026-01-11 13:43:08,727 [ERROR] LogOutputStream:75 - [STDERR_REDIRECT] 
2026-01-11 13:43:09,717 [ERROR] LogOutputStream:75 - [STDERR_REDIRECT] [Fatal Error] :1:1: Premature end of file.
2026-01-11 13:43:09,718 [ERROR] LogOutputStream:75 - [STDERR_REDIRECT] 
2026-01-11 13:43:10,703 [ERROR] LogOutputStream:75 - [STDERR_REDIRECT] [Fatal Error] :1:1: Premature end of file.
2026-01-11 13:43:10,704 [ERROR] LogOutputStream:75 - [STDERR_REDIRECT] 
2026-01-11 13:43:11,704 [ERROR] LogOutputStream:75 - [STDERR_REDIRECT] [Fatal Error] :1:1: Premature end of file.
2026-01-11 13:43:11,704 [ERROR] LogOutputStream:75 - [STDERR_REDIRECT] 
2026-01-11 13:43:12,703 [ERROR] LogOutputStream:75 - [STDERR_REDIRECT] [Fatal Error] :1:1: Premature end of file.
2026-01-11 13:43:12,703 [ERROR] LogOutputStream:75 - [STDERR_REDIRECT] 
2026-01-11 13:43:13,703 [ERROR] LogOutputStream:75 - [STDERR_REDIRECT] [Fatal Error] :1:1: Premature end of file.
2026-01-11 13:43:13,703 [ERROR] LogOutputStream:75 - [STDERR_REDIRECT] 
2026-01-11 13:43:14,705 [ERROR] LogOutputStream:75 - [STDERR_REDIRECT] [Fatal Error] :1:1: Premature end of file.
2026-01-11 13:43:14,705 [ERROR] LogOutputStream:75 - [STDERR_REDIRECT] 
2026-01-11 13:43:15,703 [ERROR] LogOutputStream:75 - [STDERR_REDIRECT] [Fatal Error] :1:1: Premature end of file.
2026-01-11 13:43:15,703 [ERROR] LogOutputStream:75 - [STDERR_REDIRECT] 
2026-01-11 13:43:16,703 [ERROR] LogOutputStream:75 - [STDERR_REDIRECT] [Fatal Error] :1:1: Premature end of file.
2026-01-11 13:43:16,705 [ERROR] LogOutputStream:75 - [STDERR_REDIRECT] 
2026-01-11 13:43:17,702 [ERROR] LogOutputStream:75 - [STDERR_REDIRECT] [Fatal Error] :1:1: Premature end of file.
2026-01-11 13:43:17,702 [ERROR] LogOutputStream:75 - [STDERR_REDIRECT] 
2026-01-11 13:43:18,703 [ERROR] LogOutputStream:75 - [STDERR_REDIRECT] [Fatal Error] :1:1: Premature end of file.
2026-01-11 13:43:18,703 [ERROR] LogOutputStream:75 - [STDERR_REDIRECT] 
2026-01-11 13:43:19,702 [ERROR] LogOutputStream:75 - [STDERR_REDIRECT] [Fatal Error] :1:1: Premature end of file.
2026-01-11 13:43:19,703 [ERROR] LogOutputStream:75 - [STDERR_REDIRECT] 
2026-01-11 13:43:20,703 [ERROR] LogOutputStream:75 - [STDERR_REDIRECT] [Fatal Error] :1:1: Premature end of file.
2026-01-11 13:43:20,703 [ERROR] LogOutputStream:75 - [STDERR_REDIRECT] 
2026-01-11 13:43:21,703 [ERROR] LogOutputStream:75 - [STDERR_REDIRECT] [Fatal Error] :1:1: Premature end of file.
2026-01-11 13:43:21,703 [ERROR] LogOutputStream:75 - [STDERR_REDIRECT] 
2026-01-11 13:43:22,703 [ERROR] LogOutputStream:75 - [STDERR_REDIRECT] [Fatal Error] :1:1: Premature end of file.
2026-01-11 13:43:22,703 [ERROR] LogOutputStream:75 - [STDERR_REDIRECT] 
2026-01-11 13:43:23,704 [ERROR] LogOutputStream:75 - [STDERR_REDIRECT] [Fatal Error] :1:1: Premature end of file.
2026-01-11 13:43:23,704 [ERROR] LogOutputStream:75 - [STDERR_REDIRECT] 
2026-01-11 13:43:24,706 [ERROR] LogOutputStream:75 - [STDERR_REDIRECT] [Fatal Error] :1:1: Premature end of file.
2026-01-11 13:43:24,706 [ERROR] LogOutputStream:75 - [STDERR_REDIRECT] 
2026-01-11 13:43:25,704 [ERROR] LogOutputStream:75 - [STDERR_REDIRECT] [Fatal Error] :1:1: Premature end of file.
2026-01-11 13:43:25,704 [ERROR] LogOutputStream:75 - [STDERR_REDIRECT] 
2026-01-11 13:43:26,706 [ERROR] LogOutputStream:75 - [STDERR_REDIRECT] [Fatal Error] :1:1: Premature end of file.
2026-01-11 13:43:26,707 [ERROR] LogOutputStream:75 - [STDERR_REDIRECT] 
2026-01-11 13:43:27,705 [ERROR] LogOutputStream:75 - [STDERR_REDIRECT] [Fatal Error] :1:1: Premature end of file.
2026-01-11 13:43:27,705 [ERROR] LogOutputStream:75 - [STDERR_REDIRECT] 
2026-01-11 13:43:28,713 [ERROR] LogOutputStream:75 - [STDERR_REDIRECT] [Fatal Error] :1:1: Premature end of file.
2026-01-11 13:43:28,713 [ERROR] LogOutputStream:75 - [STDERR_REDIRECT] 
2026-01-11 13:43:29,706 [ERROR] LogOutputStream:75 - [STDERR_REDIRECT] [Fatal Error] :1:1: Premature end of file.
2026-01-11 13:43:29,706 [ERROR] LogOutputStream:75 - [STDERR_REDIRECT] 
2026-01-11 13:43:30,709 [ERROR] LogOutputStream:75 - [STDERR_REDIRECT] [Fatal Error] :1:1: Premature end of file.
2026-01-11 13:43:30,709 [ERROR] LogOutputStream:75 - [STDERR_REDIRECT] 
2026-01-11 13:43:31,705 [ERROR] LogOutputStream:75 - [STDERR_REDIRECT] [Fatal Error] :1:1: Premature end of file.
2026-01-11 13:43:31,705 [ERROR] LogOutputStream:75 - [STDERR_REDIRECT] 
2026-01-11 13:43:32,706 [ERROR] LogOutputStream:75 - [STDERR_REDIRECT] [Fatal Error] :1:1: Premature end of file.
2026-01-11 13:43:32,706 [ERROR] LogOutputStream:75 - [STDERR_REDIRECT] 
2026-01-11 13:43:33,704 [ERROR] LogOutputStream:75 - [STDERR_REDIRECT] [Fatal Error] :1:1: Premature end of file.
2026-01-11 13:43:33,704 [ERROR] LogOutputStream:75 - [STDERR_REDIRECT] 
2026-01-11 13:43:34,709 [ERROR] LogOutputStream:75 - [STDERR_REDIRECT] [Fatal Error] :1:1: Premature end of file.
2026-01-11 13:43:34,710 [ERROR] LogOutputStream:75 - [STDERR_REDIRECT] 
2026-01-11 13:43:35,713 [ERROR] LogOutputStream:75 - [STDERR_REDIRECT] [Fatal Error] :1:1: Premature end of file.
2026-01-11 13:43:35,713 [ERROR] LogOutputStream:75 - [STDERR_REDIRECT] 
2026-01-11 13:43:36,713 [ERROR] LogOutputStream:75 - [STDERR_REDIRECT] [Fatal Error] :1:1: Premature end of file.
2026-01-11 13:43:36,713 [ERROR] LogOutputStream:75 - [STDERR_REDIRECT] 
2026-01-11 13:43:37,716 [ERROR] LogOutputStream:75 - [STDERR_REDIRECT] [Fatal Error] :1:1: Premature end of file.
2026-01-11 13:43:37,716 [ERROR] LogOutputStream:75 - [STDERR_REDIRECT] 
2026-01-11 13:43:38,713 [ERROR] LogOutputStream:75 - [STDERR_REDIRECT] [Fatal Error] :1:1: Premature end of file.
2026-01-11 13:43:38,713 [ERROR] LogOutputStream:75 - [STDERR_REDIRECT] 
2026-01-11 13:43:39,704 [ERROR] LogOutputStream:75 - [STDERR_REDIRECT] [Fatal Error] :1:1: Premature end of file.
2026-01-11 13:43:39,704 [ERROR] LogOutputStream:75 - [STDERR_REDIRECT] 
2026-01-11 13:43:40,703 [ERROR] LogOutputStream:75 - [STDERR_REDIRECT] [Fatal Error] :1:1: Premature end of file.
2026-01-11 13:43:40,703 [ERROR] LogOutputStream:75 - [STDERR_REDIRECT] 
2026-01-11 13:43:41,707 [ERROR] LogOutputStream:75 - [STDERR_REDIRECT] [Fatal Error] :1:1: Premature end of file.
2026-01-11 13:43:41,708 [ERROR] LogOutputStream:75 - [STDERR_REDIRECT] 
2026-01-11 13:43:42,702 [ERROR] LogOutputStream:75 - [STDERR_REDIRECT] [Fatal Error] :1:1: Premature end of file.
2026-01-11 13:43:42,702 [ERROR] LogOutputStream:75 - [STDERR_REDIRECT] 
2026-01-11 13:43:43,712 [ERROR] LogOutputStream:75 - [STDERR_REDIRECT] [Fatal Error] :1:1: Premature end of file.
2026-01-11 13:43:43,712 [ERROR] LogOutputStream:75 - [STDERR_REDIRECT] 
2026-01-11 13:43:44,705 [ERROR] LogOutputStream:75 - [STDERR_REDIRECT] [Fatal Error] :1:1: Premature end of file.
2026-01-11 13:43:44,705 [ERROR] LogOutputStream:75 - [STDERR_REDIRECT] 
2026-01-11 13:43:45,709 [ERROR] LogOutputStream:75 - [STDERR_REDIRECT] [Fatal Error] :1:1: Premature end of file.
2026-01-11 13:43:45,709 [ERROR] LogOutputStream:75 - [STDERR_REDIRECT] 
2026-01-11 13:43:46,712 [ERROR] LogOutputStream:75 - [STDERR_REDIRECT] [Fatal Error] :1:1: Premature end of file.
2026-01-11 13:43:46,712 [ERROR] LogOutputStream:75 - [STDERR_REDIRECT] 
2026-01-11 13:43:47,711 [ERROR] LogOutputStream:75 - [STDERR_REDIRECT] [Fatal Error] :1:1: Premature end of file.
2026-01-11 13:43:47,711 [ERROR] LogOutputStream:75 - [STDERR_REDIRECT] 
2026-01-11 13:43:48,710 [ERROR] LogOutputStream:75 - [STDERR_REDIRECT] [Fatal Error] :1:1: Premature end of file.
2026-01-11 13:43:48,710 [ERROR] LogOutputStream:75 - [STDERR_REDIRECT] 
2026-01-11 13:43:49,707 [ERROR] LogOutputStream:75 - [STDERR_REDIRECT] [Fatal Error] :1:1: Premature end of file.
2026-01-11 13:43:49,707 [ERROR] LogOutputStream:75 - [STDERR_REDIRECT] 
2026-01-11 13:43:50,716 [ERROR] LogOutputStream:75 - [STDERR_REDIRECT] [Fatal Error] :1:1: Premature end of file.
2026-01-11 13:43:50,717 [ERROR] LogOutputStream:75 - [STDERR_REDIRECT] 
2026-01-11 13:43:51,708 [ERROR] LogOutputStream:75 - [STDERR_REDIRECT] [Fatal Error] :1:1: Premature end of file.
2026-01-11 13:43:51,708 [ERROR] LogOutputStream:75 - [STDERR_REDIRECT] 
2026-01-11 13:43:52,708 [ERROR] LogOutputStream:75 - [STDERR_REDIRECT] [Fatal Error] :1:1: Premature end of file.
2026-01-11 13:43:52,708 [ERROR] LogOutputStream:75 - [STDERR_REDIRECT] 
2026-01-11 13:43:53,704 [ERROR] LogOutputStream:75 - [STDERR_REDIRECT] [Fatal Error] :1:1: Premature end of file.
2026-01-11 13:43:53,704 [ERROR] LogOutputStream:75 - [STDERR_REDIRECT] 
2026-01-11 13:43:54,704 [ERROR] LogOutputStream:75 - [STDERR_REDIRECT] [Fatal Error] :1:1: Premature end of file.
2026-01-11 13:43:54,704 [ERROR] LogOutputStream:75 - [STDERR_REDIRECT] 
2026-01-11 13:43:55,705 [ERROR] LogOutputStream:75 - [STDERR_REDIRECT] [Fatal Error] :1:1: Premature end of file.
2026-01-11 13:43:55,705 [ERROR] LogOutputStream:75 - [STDERR_REDIRECT] 
2026-01-11 13:43:56,703 [ERROR] LogOutputStream:75 - [STDERR_REDIRECT] [Fatal Error] :1:1: Premature end of file.
2026-01-11 13:43:56,704 [ERROR] LogOutputStream:75 - [STDERR_REDIRECT] 
2026-01-11 13:43:57,707 [ERROR] LogOutputStream:75 - [STDERR_REDIRECT] [Fatal Error] :1:1: Premature end of file.
2026-01-11 13:43:57,707 [ERROR] LogOutputStream:75 - [STDERR_REDIRECT] 
2026-01-11 13:43:58,703 [ERROR] LogOutputStream:75 - [STDERR_REDIRECT] [Fatal Error] :1:1: Premature end of file.
2026-01-11 13:43:58,703 [ERROR] LogOutputStream:75 - [STDERR_REDIRECT] 
2026-01-11 13:43:59,705 [ERROR] LogOutputStream:75 - [STDERR_REDIRECT] [Fatal Error] :1:1: Premature end of file.
2026-01-11 13:43:59,705 [ERROR] LogOutputStream:75 - [STDERR_REDIRECT] 
2026-01-11 13:44:00,703 [ERROR] LogOutputStream:75 - [STDERR_REDIRECT] [Fatal Error] :1:1: Premature end of file.
2026-01-11 13:44:00,703 [ERROR] LogOutputStream:75 - [STDERR_REDIRECT] 
2026-01-11 13:44:01,706 [ERROR] LogOutputStream:75 - [STDERR_REDIRECT] [Fatal Error] :1:1: Premature end of file.
2026-01-11 13:44:01,706 [ERROR] LogOutputStream:75 - [STDERR_REDIRECT] 
2026-01-11 13:44:02,706 [ERROR] LogOutputStream:75 - [STDERR_REDIRECT] [Fatal Error] :1:1: Premature end of file.
2026-01-11 13:44:02,706 [ERROR] LogOutputStream:75 - [STDERR_REDIRECT] 
2026-01-11 13:44:03,704 [ERROR] LogOutputStream:75 - [STDERR_REDIRECT] [Fatal Error] :1:1: Premature end of file.
2026-01-11 13:44:03,704 [ERROR] LogOutputStream:75 - [STDERR_REDIRECT] 
2026-01-11 13:44:04,705 [ERROR] LogOutputStream:75 - [STDERR_REDIRECT] [Fatal Error] :1:1: Premature end of file.
2026-01-11 13:44:04,705 [ERROR] LogOutputStream:75 - [STDERR_REDIRECT] 
2026-01-11 13:44:05,710 [ERROR] LogOutputStream:75 - [STDERR_REDIRECT] [Fatal Error] :1:1: Premature end of file.
2026-01-11 13:44:05,710 [ERROR] LogOutputStream:75 - [STDERR_REDIRECT] 
2026-01-11 13:44:06,712 [ERROR] LogOutputStream:75 - [STDERR_REDIRECT] [Fatal Error] :1:1: Premature end of file.
2026-01-11 13:44:06,712 [ERROR] LogOutputStream:75 - [STDERR_REDIRECT] 
2026-01-11 13:44:07,705 [ERROR] LogOutputStream:75 - [STDERR_REDIRECT] [Fatal Error] :1:1: Premature end of file.
2026-01-11 13:44:07,705 [ERROR] LogOutputStream:75 - [STDERR_REDIRECT] 
2026-01-11 13:44:08,722 [ERROR] LogOutputStream:75 - [STDERR_REDIRECT] [Fatal Error] :1:1: Premature end of file.
2026-01-11 13:44:08,722 [ERROR] LogOutputStream:75 - [STDERR_REDIRECT] 
2026-01-11 13:44:09,708 [ERROR] LogOutputStream:75 - [STDERR_REDIRECT] [Fatal Error] :1:1: Premature end of file.
2026-01-11 13:44:09,708 [ERROR] LogOutputStream:75 - [STDERR_REDIRECT] 
2026-01-11 13:44:10,707 [ERROR] LogOutputStream:75 - [STDERR_REDIRECT] [Fatal Error] :1:1: Premature end of file.
2026-01-11 13:44:10,707 [ERROR] LogOutputStream:75 - [STDERR_REDIRECT] 
2026-01-11 13:44:11,709 [ERROR] LogOutputStream:75 - [STDERR_REDIRECT] [Fatal Error] :1:1: Premature end of file.
2026-01-11 13:44:11,709 [ERROR] LogOutputStream:75 - [STDERR_REDIRECT] 
2026-01-11 13:44:12,709 [ERROR] LogOutputStream:75 - [STDERR_REDIRECT] [Fatal Error] :1:1: Premature end of file.
2026-01-11 13:44:12,709 [ERROR] LogOutputStream:75 - [STDERR_REDIRECT] 
2026-01-11 13:44:13,705 [ERROR] LogOutputStream:75 - [STDERR_REDIRECT] [Fatal Error] :1:1: Premature end of file.
2026-01-11 13:44:13,705 [ERROR] LogOutputStream:75 - [STDERR_REDIRECT] 
2026-01-11 13:44:14,703 [ERROR] LogOutputStream:75 - [STDERR_REDIRECT] [Fatal Error] :1:1: Premature end of file.
2026-01-11 13:44:14,703 [ERROR] LogOutputStream:75 - [STDERR_REDIRECT] 
2026-01-11 13:44:15,703 [ERROR] LogOutputStream:75 - [STDERR_REDIRECT] [Fatal Error] :1:1: Premature end of file.
2026-01-11 13:44:15,703 [ERROR] LogOutputStream:75 - [STDERR_REDIRECT] 
2026-01-11 13:44:16,704 [ERROR] LogOutputStream:75 - [STDERR_REDIRECT] [Fatal Error] :1:1: Premature end of file.
2026-01-11 13:44:16,704 [ERROR] LogOutputStream:75 - [STDERR_REDIRECT] 
2026-01-11 13:44:17,702 [ERROR] LogOutputStream:75 - [STDERR_REDIRECT] [Fatal Error] :1:1: Premature end of file.
2026-01-11 13:44:17,702 [ERROR] LogOutputStream:75 - [STDERR_REDIRECT] 
2026-01-11 13:44:18,703 [ERROR] LogOutputStream:75 - [STDERR_REDIRECT] [Fatal Error] :1:1: Premature end of file.
2026-01-11 13:44:18,703 [ERROR] LogOutputStream:75 - [STDERR_REDIRECT] 
2026-01-11 13:44:19,707 [ERROR] LogOutputStream:75 - [STDERR_REDIRECT] [Fatal Error] :1:1: Premature end of file.
2026-01-11 13:44:19,707 [ERROR] LogOutputStream:75 - [STDERR_REDIRECT] 
2026-01-11 13:44:20,703 [ERROR] LogOutputStream:75 - [STDERR_REDIRECT] [Fatal Error] :1:1: Premature end of file.
2026-01-11 13:44:20,703 [ERROR] LogOutputStream:75 - [STDERR_REDIRECT] 
2026-01-11 13:44:21,716 [ERROR] LogOutputStream:75 - [STDERR_REDIRECT] [Fatal Error] :1:1: Premature end of file.
2026-01-11 13:44:21,716 [ERROR] LogOutputStream:75 - [STDERR_REDIRECT] 
2026-01-11 13:44:22,712 [ERROR] LogOutputStream:75 - [STDERR_REDIRECT] [Fatal Error] :1:1: Premature end of file.
2026-01-11 13:44:22,712 [ERROR] LogOutputStream:75 - [STDERR_REDIRECT] 
2026-01-11 13:44:23,713 [ERROR] LogOutputStream:75 - [STDERR_REDIRECT] [Fatal Error] :1:1: Premature end of file.
2026-01-11 13:44:23,713 [ERROR] LogOutputStream:75 - [STDERR_REDIRECT] 
2026-01-11 13:44:24,708 [ERROR] LogOutputStream:75 - [STDERR_REDIRECT] [Fatal Error] :1:1: Premature end of file.
2026-01-11 13:44:24,709 [ERROR] LogOutputStream:75 - [STDERR_REDIRECT] 
2026-01-11 13:44:25,708 [ERROR] LogOutputStream:75 - [STDERR_REDIRECT] [Fatal Error] :1:1: Premature end of file.
2026-01-11 13:44:25,708 [ERROR] LogOutputStream:75 - [STDERR_REDIRECT] 
2026-01-11 13:44:26,707 [ERROR] LogOutputStream:75 - [STDERR_REDIRECT] [Fatal Error] :1:1: Premature end of file.
2026-01-11 13:44:26,713 [ERROR] LogOutputStream:75 - [STDERR_REDIRECT] 
2026-01-11 13:44:27,709 [ERROR] LogOutputStream:75 - [STDERR_REDIRECT] [Fatal Error] :1:1: Premature end of file.
2026-01-11 13:44:27,709 [ERROR] LogOutputStream:75 - [STDERR_REDIRECT] 
2026-01-11 13:44:28,715 [ERROR] LogOutputStream:75 - [STDERR_REDIRECT] [Fatal Error] :1:1: Premature end of file.
2026-01-11 13:44:28,715 [ERROR] LogOutputStream:75 - [STDERR_REDIRECT] 
2026-01-11 13:44:29,702 [ERROR] LogOutputStream:75 - [STDERR_REDIRECT] [Fatal Error] :1:1: Premature end of file.
2026-01-11 13:44:29,702 [ERROR] LogOutputStream:75 - [STDERR_REDIRECT] 
2026-01-11 13:44:30,704 [ERROR] LogOutputStream:75 - [STDERR_REDIRECT] [Fatal Error] :1:1: Premature end of file.
2026-01-11 13:44:30,705 [ERROR] LogOutputStream:75 - [STDERR_REDIRECT] 
2026-01-11 13:44:31,701 [ERROR] LogOutputStream:75 - [STDERR_REDIRECT] [Fatal Error] :1:1: Premature end of file.
2026-01-11 13:44:31,701 [ERROR] LogOutputStream:75 - [STDERR_REDIRECT] 
2026-01-11 13:44:32,706 [ERROR] LogOutputStream:75 - [STDERR_REDIRECT] [Fatal Error] :1:1: Premature end of file.
2026-01-11 13:44:32,706 [ERROR] LogOutputStream:75 - [STDERR_REDIRECT] 
2026-01-11 13:44:33,721 [ERROR] LogOutputStream:75 - [STDERR_REDIRECT] [Fatal Error] :1:1: Premature end of file.
2026-01-11 13:44:33,721 [ERROR] LogOutputStream:75 - [STDERR_REDIRECT] 
2026-01-11 13:44:34,712 [ERROR] LogOutputStream:75 - [STDERR_REDIRECT] [Fatal Error] :1:1: Premature end of file.
2026-01-11 13:44:34,712 [ERROR] LogOutputStream:75 - [STDERR_REDIRECT] 
2026-01-11 13:44:35,702 [ERROR] LogOutputStream:75 - [STDERR_REDIRECT] [Fatal Error] :1:1: Premature end of file.
2026-01-11 13:44:35,702 [ERROR] LogOutputStream:75 - [STDERR_REDIRECT] 
2026-01-11 13:44:36,703 [ERROR] LogOutputStream:75 - [STDERR_REDIRECT] [Fatal Error] :1:1: Premature end of file.
2026-01-11 13:44:36,703 [ERROR] LogOutputStream:75 - [STDERR_REDIRECT] 
2026-01-11 13:44:37,706 [ERROR] LogOutputStream:75 - [STDERR_REDIRECT] [Fatal Error] :1:1: Premature end of file.
2026-01-11 13:44:37,706 [ERROR] LogOutputStream:75 - [STDERR_REDIRECT] 
2026-01-11 13:44:38,709 [ERROR] LogOutputStream:75 - [STDERR_REDIRECT] [Fatal Error] :1:1: Premature end of file.
2026-01-11 13:44:38,709 [ERROR] LogOutputStream:75 - [STDERR_REDIRECT] 
2026-01-11 13:44:39,703 [ERROR] LogOutputStream:75 - [STDERR_REDIRECT] [Fatal Error] :1:1: Premature end of file.
2026-01-11 13:44:39,703 [ERROR] LogOutputStream:75 - [STDERR_REDIRECT] 
2026-01-11 13:44:40,712 [ERROR] LogOutputStream:75 - [STDERR_REDIRECT] [Fatal Error] :1:1: Premature end of file.
2026-01-11 13:44:40,713 [ERROR] LogOutputStream:75 - [STDERR_REDIRECT] 
2026-01-11 13:44:41,712 [ERROR] LogOutputStream:75 - [STDERR_REDIRECT] [Fatal Error] :1:1: Premature end of file.
2026-01-11 13:44:41,712 [ERROR] LogOutputStream:75 - [STDERR_REDIRECT] 
2026-01-11 13:44:42,707 [ERROR] LogOutputStream:75 - [STDERR_REDIRECT] [Fatal Error] :1:1: Premature end of file.
2026-01-11 13:44:42,707 [ERROR] LogOutputStream:75 - [STDERR_REDIRECT] 
2026-01-11 13:44:43,712 [ERROR] LogOutputStream:75 - [STDERR_REDIRECT] [Fatal Error] :1:1: Premature end of file.
2026-01-11 13:44:43,712 [ERROR] LogOutputStream:75 - [STDERR_REDIRECT] 
2026-01-11 13:44:44,706 [ERROR] LogOutputStream:75 - [STDERR_REDIRECT] [Fatal Error] :1:1: Premature end of file.
2026-01-11 13:44:44,707 [ERROR] LogOutputStream:75 - [STDERR_REDIRECT] 
2026-01-11 13:44:45,715 [ERROR] LogOutputStream:75 - [STDERR_REDIRECT] [Fatal Error] :1:1: Premature end of file.
2026-01-11 13:44:45,715 [ERROR] LogOutputStream:75 - [STDERR_REDIRECT] 
2026-01-11 13:44:46,712 [ERROR] LogOutputStream:75 - [STDERR_REDIRECT] [Fatal Error] :1:1: Premature end of file.
2026-01-11 13:44:46,712 [ERROR] LogOutputStream:75 - [STDERR_REDIRECT] 
2026-01-11 13:44:47,712 [ERROR] LogOutputStream:75 - [STDERR_REDIRECT] [Fatal Error] :1:1: Premature end of file.
2026-01-11 13:44:47,712 [ERROR] LogOutputStream:75 - [STDERR_REDIRECT] 
2026-01-11 13:44:48,702 [ERROR] LogOutputStream:75 - [STDERR_REDIRECT] [Fatal Error] :1:1: Premature end of file.
2026-01-11 13:44:48,702 [ERROR] LogOutputStream:75 - [STDERR_REDIRECT] 
2026-01-11 13:44:49,704 [ERROR] LogOutputStream:75 - [STDERR_REDIRECT] [Fatal Error] :1:1: Premature end of file.
2026-01-11 13:44:49,704 [ERROR] LogOutputStream:75 - [STDERR_REDIRECT] 
2026-01-11 13:44:50,704 [ERROR] LogOutputStream:75 - [STDERR_REDIRECT] [Fatal Error] :1:1: Premature end of file.
2026-01-11 13:44:50,704 [ERROR] LogOutputStream:75 - [STDERR_REDIRECT] 
2026-01-11 13:44:51,705 [ERROR] LogOutputStream:75 - [STDERR_REDIRECT] [Fatal Error] :1:1: Premature end of file.
2026-01-11 13:44:51,705 [ERROR] LogOutputStream:75 - [STDERR_REDIRECT] 
2026-01-11 13:44:52,702 [ERROR] LogOutputStream:75 - [STDERR_REDIRECT] [Fatal Error] :1:1: Premature end of file.
2026-01-11 13:44:52,702 [ERROR] LogOutputStream:75 - [STDERR_REDIRECT] 
2026-01-11 13:44:53,703 [ERROR] LogOutputStream:75 - [STDERR_REDIRECT] [Fatal Error] :1:1: Premature end of file.
2026-01-11 13:44:53,703 [ERROR] LogOutputStream:75 - [STDERR_REDIRECT] 
2026-01-11 13:44:54,702 [ERROR] LogOutputStream:75 - [STDERR_REDIRECT] [Fatal Error] :1:1: Premature end of file.
2026-01-11 13:44:54,702 [ERROR] LogOutputStream:75 - [STDERR_REDIRECT] 
2026-01-11 13:44:55,702 [ERROR] LogOutputStream:75 - [STDERR_REDIRECT] [Fatal Error] :1:1: Premature end of file.
2026-01-11 13:44:55,702 [ERROR] LogOutputStream:75 - [STDERR_REDIRECT] 
2026-01-11 13:44:56,703 [ERROR] LogOutputStream:75 - [STDERR_REDIRECT] [Fatal Error] :1:1: Premature end of file.
2026-01-11 13:44:56,704 [ERROR] LogOutputStream:75 - [STDERR_REDIRECT] 
2026-01-11 13:44:57,705 [ERROR] LogOutputStream:75 - [STDERR_REDIRECT] [Fatal Error] :1:1: Premature end of file.
2026-01-11 13:44:57,705 [ERROR] LogOutputStream:75 - [STDERR_REDIRECT] 
2026-01-11 13:44:58,705 [ERROR] LogOutputStream:75 - [STDERR_REDIRECT] [Fatal Error] :1:1: Premature end of file.
2026-01-11 13:44:58,705 [ERROR] LogOutputStream:75 - [STDERR_REDIRECT] 
2026-01-11 13:44:59,706 [ERROR] LogOutputStream:75 - [STDERR_REDIRECT] [Fatal Error] :1:1: Premature end of file.
2026-01-11 13:44:59,706 [ERROR] LogOutputStream:75 - [STDERR_REDIRECT] 
2026-01-11 13:45:00,721 [ERROR] LogOutputStream:75 - [STDERR_REDIRECT] [Fatal Error] :1:1: Premature end of file.
2026-01-11 13:45:00,721 [ERROR] LogOutputStream:75 - [STDERR_REDIRECT] 
2026-01-11 13:45:01,705 [ERROR] LogOutputStream:75 - [STDERR_REDIRECT] [Fatal Error] :1:1: Premature end of file.
2026-01-11 13:45:01,705 [ERROR] LogOutputStream:75 - [STDERR_REDIRECT] 
2026-01-11 13:45:02,704 [ERROR] LogOutputStream:75 - [STDERR_REDIRECT] [Fatal Error] :1:1: Premature end of file.
2026-01-11 13:45:02,704 [ERROR] LogOutputStream:75 - [STDERR_REDIRECT] 
2026-01-11 13:45:03,705 [ERROR] LogOutputStream:75 - [STDERR_REDIRECT] [Fatal Error] :1:1: Premature end of file.
2026-01-11 13:45:03,705 [ERROR] LogOutputStream:75 - [STDERR_REDIRECT] 
2026-01-11 13:45:04,721 [ERROR] LogOutputStream:75 - [STDERR_REDIRECT] [Fatal Error] :1:1: Premature end of file.
2026-01-11 13:45:04,721 [ERROR] LogOutputStream:75 - [STDERR_REDIRECT] 
2026-01-11 13:45:05,709 [ERROR] LogOutputStream:75 - [STDERR_REDIRECT] [Fatal Error] :1:1: Premature end of file.
2026-01-11 13:45:05,709 [ERROR] LogOutputStream:75 - [STDERR_REDIRECT] 
2026-01-11 13:45:06,709 [ERROR] LogOutputStream:75 - [STDERR_REDIRECT] [Fatal Error] :1:1: Premature end of file.
2026-01-11 13:45:06,709 [ERROR] LogOutputStream:75 - [STDERR_REDIRECT] 
2026-01-11 13:45:07,712 [ERROR] LogOutputStream:75 - [STDERR_REDIRECT] [Fatal Error] :1:1: Premature end of file.
2026-01-11 13:45:07,712 [ERROR] LogOutputStream:75 - [STDERR_REDIRECT] 
2026-01-11 13:45:08,708 [ERROR] LogOutputStream:75 - [STDERR_REDIRECT] [Fatal Error] :1:1: Premature end of file.
2026-01-11 13:45:08,708 [ERROR] LogOutputStream:75 - [STDERR_REDIRECT] 
2026-01-11 13:45:09,713 [ERROR] LogOutputStream:75 - [STDERR_REDIRECT] [Fatal Error] :1:1: Premature end of file.
2026-01-11 13:45:09,713 [ERROR] LogOutputStream:75 - [STDERR_REDIRECT] 
2026-01-11 13:45:10,711 [ERROR] LogOutputStream:75 - [STDERR_REDIRECT] [Fatal Error] :1:1: Premature end of file.
2026-01-11 13:45:10,711 [ERROR] LogOutputStream:75 - [STDERR_REDIRECT] 
2026-01-11 13:45:11,704 [ERROR] LogOutputStream:75 - [STDERR_REDIRECT] [Fatal Error] :1:1: Premature end of file.
2026-01-11 13:45:11,704 [ERROR] LogOutputStream:75 - [STDERR_REDIRECT] 
2026-01-11 13:45:12,705 [ERROR] LogOutputStream:75 - [STDERR_REDIRECT] [Fatal Error] :1:1: Premature end of file.
2026-01-11 13:45:12,705 [ERROR] LogOutputStream:75 - [STDERR_REDIRECT] 
2026-01-11 13:45:13,704 [ERROR] LogOutputStream:75 - [STDERR_REDIRECT] [Fatal Error] :1:1: Premature end of file.
2026-01-11 13:45:13,704 [ERROR] LogOutputStream:75 - [STDERR_REDIRECT] 
2026-01-11 13:45:14,706 [ERROR] LogOutputStream:75 - [STDERR_REDIRECT] [Fatal Error] :1:1: Premature end of file.
2026-01-11 13:45:14,706 [ERROR] LogOutputStream:75 - [STDERR_REDIRECT] 
2026-01-11 13:45:15,705 [ERROR] LogOutputStream:75 - [STDERR_REDIRECT] [Fatal Error] :1:1: Premature end of file.
2026-01-11 13:45:15,705 [ERROR] LogOutputStream:75 - [STDERR_REDIRECT] 
2026-01-11 13:45:16,704 [ERROR] LogOutputStream:75 - [STDERR_REDIRECT] [Fatal Error] :1:1: Premature end of file.
2026-01-11 13:45:16,704 [ERROR] LogOutputStream:75 - [STDERR_REDIRECT] 
2026-01-11 13:45:17,703 [ERROR] LogOutputStream:75 - [STDERR_REDIRECT] [Fatal Error] :1:1: Premature end of file.
2026-01-11 13:45:17,703 [ERROR] LogOutputStream:75 - [STDERR_REDIRECT] 
2026-01-11 13:45:18,704 [ERROR] LogOutputStream:75 - [STDERR_REDIRECT] [Fatal Error] :1:1: Premature end of file.
2026-01-11 13:45:18,704 [ERROR] LogOutputStream:75 - [STDERR_REDIRECT] 
2026-01-11 13:45:19,703 [ERROR] LogOutputStream:75 - [STDERR_REDIRECT] [Fatal Error] :1:1: Premature end of file.
2026-01-11 13:45:19,703 [ERROR] LogOutputStream:75 - [STDERR_REDIRECT] 
2026-01-11 13:45:20,704 [ERROR] LogOutputStream:75 - [STDERR_REDIRECT] [Fatal Error] :1:1: Premature end of file.
2026-01-11 13:45:20,704 [ERROR] LogOutputStream:75 - [STDERR_REDIRECT] 
2026-01-11 13:45:21,703 [ERROR] LogOutputStream:75 - [STDERR_REDIRECT] [Fatal Error] :1:1: Premature end of file.
2026-01-11 13:45:21,703 [ERROR] LogOutputStream:75 - [STDERR_REDIRECT] 
2026-01-11 13:45:22,705 [ERROR] LogOutputStream:75 - [STDERR_REDIRECT] [Fatal Error] :1:1: Premature end of file.
2026-01-11 13:45:22,705 [ERROR] LogOutputStream:75 - [STDERR_REDIRECT] 
2026-01-11 13:45:23,702 [ERROR] LogOutputStream:75 - [STDERR_REDIRECT] [Fatal Error] :1:1: Premature end of file.
2026-01-11 13:45:23,704 [ERROR] LogOutputStream:75 - [STDERR_REDIRECT] 
2026-01-11 13:45:24,705 [ERROR] LogOutputStream:75 - [STDERR_REDIRECT] [Fatal Error] :1:1: Premature end of file.
2026-01-11 13:45:24,705 [ERROR] LogOutputStream:75 - [STDERR_REDIRECT] 
2026-01-11 13:45:25,706 [ERROR] LogOutputStream:75 - [STDERR_REDIRECT] [Fatal Error] :1:1: Premature end of file.
2026-01-11 13:45:25,706 [ERROR] LogOutputStream:75 - [STDERR_REDIRECT] 
2026-01-11 13:45:26,704 [ERROR] LogOutputStream:75 - [STDERR_REDIRECT] [Fatal Error] :1:1: Premature end of file.
2026-01-11 13:45:26,705 [ERROR] LogOutputStream:75 - [STDERR_REDIRECT] 
2026-01-11 13:45:27,708 [ERROR] LogOutputStream:75 - [STDERR_REDIRECT] [Fatal Error] :1:1: Premature end of file.
2026-01-11 13:45:27,708 [ERROR] LogOutputStream:75 - [STDERR_REDIRECT] 
2026-01-11 13:45:28,705 [ERROR] LogOutputStream:75 - [STDERR_REDIRECT] [Fatal Error] :1:1: Premature end of file.
2026-01-11 13:45:28,705 [ERROR] LogOutputStream:75 - [STDERR_REDIRECT] 
2026-01-11 13:45:29,704 [ERROR] LogOutputStream:75 - [STDERR_REDIRECT] [Fatal Error] :1:1: Premature end of file.
2026-01-11 13:45:29,704 [ERROR] LogOutputStream:75 - [STDERR_REDIRECT] 
2026-01-11 13:45:30,705 [ERROR] LogOutputStream:75 - [STDERR_REDIRECT] [Fatal Error] :1:1: Premature end of file.
2026-01-11 13:45:30,705 [ERROR] LogOutputStream:75 - [STDERR_REDIRECT] 
2026-01-11 13:45:31,707 [ERROR] LogOutputStream:75 - [STDERR_REDIRECT] [Fatal Error] :1:1: Premature end of file.
2026-01-11 13:45:31,707 [ERROR] LogOutputStream:75 - [STDERR_REDIRECT] 
2026-01-11 13:45:32,706 [ERROR] LogOutputStream:75 - [STDERR_REDIRECT] [Fatal Error] :1:1: Premature end of file.
2026-01-11 13:45:32,706 [ERROR] LogOutputStream:75 - [STDERR_REDIRECT] 
2026-01-11 13:45:33,711 [ERROR] LogOutputStream:75 - [STDERR_REDIRECT] [Fatal Error] :1:1: Premature end of file.
2026-01-11 13:45:33,711 [ERROR] LogOutputStream:75 - [STDERR_REDIRECT] 
2026-01-11 13:45:34,709 [ERROR] LogOutputStream:75 - [STDERR_REDIRECT] [Fatal Error] :1:1: Premature end of file.
2026-01-11 13:45:34,709 [ERROR] LogOutputStream:75 - [STDERR_REDIRECT] 
2026-01-11 13:45:35,726 [ERROR] LogOutputStream:75 - [STDERR_REDIRECT] [Fatal Error] :1:1: Premature end of file.
2026-01-11 13:45:35,727 [ERROR] LogOutputStream:75 - [STDERR_REDIRECT] 
2026-01-11 13:45:36,710 [ERROR] LogOutputStream:75 - [STDERR_REDIRECT] [Fatal Error] :1:1: Premature end of file.
2026-01-11 13:45:36,710 [ERROR] LogOutputStream:75 - [STDERR_REDIRECT] 
2026-01-11 13:45:37,716 [ERROR] LogOutputStream:75 - [STDERR_REDIRECT] [Fatal Error] :1:1: Premature end of file.
2026-01-11 13:45:37,716 [ERROR] LogOutputStream:75 - [STDERR_REDIRECT] 
2026-01-11 13:45:38,704 [ERROR] LogOutputStream:75 - [STDERR_REDIRECT] [Fatal Error] :1:1: Premature end of file.
2026-01-11 13:45:38,704 [ERROR] LogOutputStream:75 - [STDERR_REDIRECT] 
2026-01-11 13:45:39,704 [ERROR] LogOutputStream:75 - [STDERR_REDIRECT] [Fatal Error] :1:1: Premature end of file.
2026-01-11 13:45:39,704 [ERROR] LogOutputStream:75 - [STDERR_REDIRECT] 
2026-01-11 13:45:40,703 [ERROR] LogOutputStream:75 - [STDERR_REDIRECT] [Fatal Error] :1:1: Premature end of file.
2026-01-11 13:45:40,705 [ERROR] LogOutputStream:75 - [STDERR_REDIRECT] 
2026-01-11 13:45:41,709 [ERROR] LogOutputStream:75 - [STDERR_REDIRECT] [Fatal Error] :1:1: Premature end of file.
2026-01-11 13:45:41,709 [ERROR] LogOutputStream:75 - [STDERR_REDIRECT] 
2026-01-11 13:45:42,704 [ERROR] LogOutputStream:75 - [STDERR_REDIRECT] [Fatal Error] :1:1: Premature end of file.
2026-01-11 13:45:42,704 [ERROR] LogOutputStream:75 - [STDERR_REDIRECT] 
2026-01-11 13:45:43,711 [ERROR] LogOutputStream:75 - [STDERR_REDIRECT] [Fatal Error] :1:1: Premature end of file.
2026-01-11 13:45:43,712 [ERROR] LogOutputStream:75 - [STDERR_REDIRECT] 
2026-01-11 13:45:44,722 [ERROR] LogOutputStream:75 - [STDERR_REDIRECT] [Fatal Error] :1:1: Premature end of file.
2026-01-11 13:45:44,722 [ERROR] LogOutputStream:75 - [STDERR_REDIRECT] 
2026-01-11 13:45:45,713 [ERROR] LogOutputStream:75 - [STDERR_REDIRECT] [Fatal Error] :1:1: Premature end of file.
2026-01-11 13:45:45,713 [ERROR] LogOutputStream:75 - [STDERR_REDIRECT] 
2026-01-11 13:45:46,706 [ERROR] LogOutputStream:75 - [STDERR_REDIRECT] [Fatal Error] :1:1: Premature end of file.
2026-01-11 13:45:46,706 [ERROR] LogOutputStream:75 - [STDERR_REDIRECT] 
2026-01-11 13:45:47,713 [ERROR] LogOutputStream:75 - [STDERR_REDIRECT] [Fatal Error] :1:1: Premature end of file.
2026-01-11 13:45:47,713 [ERROR] LogOutputStream:75 - [STDERR_REDIRECT] 
2026-01-11 13:45:48,717 [ERROR] LogOutputStream:75 - [STDERR_REDIRECT] [Fatal Error] :1:1: Premature end of file.
2026-01-11 13:45:48,717 [ERROR] LogOutputStream:75 - [STDERR_REDIRECT] 
2026-01-11 13:45:49,709 [ERROR] LogOutputStream:75 - [STDERR_REDIRECT] [Fatal Error] :1:1: Premature end of file.
2026-01-11 13:45:49,709 [ERROR] LogOutputStream:75 - [STDERR_REDIRECT] 
2026-01-11 13:45:50,715 [ERROR] LogOutputStream:75 - [STDERR_REDIRECT] [Fatal Error] :1:1: Premature end of file.
2026-01-11 13:45:50,715 [ERROR] LogOutputStream:75 - [STDERR_REDIRECT] 
2026-01-11 13:45:51,709 [ERROR] LogOutputStream:75 - [STDERR_REDIRECT] [Fatal Error] :1:1: Premature end of file.
2026-01-11 13:45:51,709 [ERROR] LogOutputStream:75 - [STDERR_REDIRECT] 
2026-01-11 13:45:52,709 [ERROR] LogOutputStream:75 - [STDERR_REDIRECT] [Fatal Error] :1:1: Premature end of file.
2026-01-11 13:45:52,709 [ERROR] LogOutputStream:75 - [STDERR_REDIRECT] 
2026-01-11 13:45:53,704 [ERROR] LogOutputStream:75 - [STDERR_REDIRECT] [Fatal Error] :1:1: Premature end of file.
2026-01-11 13:45:53,704 [ERROR] LogOutputStream:75 - [STDERR_REDIRECT] 
2026-01-11 13:45:54,704 [ERROR] LogOutputStream:75 - [STDERR_REDIRECT] [Fatal Error] :1:1: Premature end of file.
2026-01-11 13:45:54,704 [ERROR] LogOutputStream:75 - [STDERR_REDIRECT] 
2026-01-11 13:45:55,705 [ERROR] LogOutputStream:75 - [STDERR_REDIRECT] [Fatal Error] :1:1: Premature end of file.
2026-01-11 13:45:55,705 [ERROR] LogOutputStream:75 - [STDERR_REDIRECT] 
2026-01-11 13:45:56,705 [ERROR] LogOutputStream:75 - [STDERR_REDIRECT] [Fatal Error] :1:1: Premature end of file.
2026-01-11 13:45:56,705 [ERROR] LogOutputStream:75 - [STDERR_REDIRECT] 
2026-01-11 13:45:57,705 [ERROR] LogOutputStream:75 - [STDERR_REDIRECT] [Fatal Error] :1:1: Premature end of file.
2026-01-11 13:45:57,705 [ERROR] LogOutputStream:75 - [STDERR_REDIRECT] 
2026-01-11 13:45:58,703 [ERROR] LogOutputStream:75 - [STDERR_REDIRECT] [Fatal Error] :1:1: Premature end of file.
2026-01-11 13:45:58,703 [ERROR] LogOutputStream:75 - [STDERR_REDIRECT] 
2026-01-11 13:45:59,705 [ERROR] LogOutputStream:75 - [STDERR_REDIRECT] [Fatal Error] :1:1: Premature end of file.
2026-01-11 13:45:59,705 [ERROR] LogOutputStream:75 - [STDERR_REDIRECT] 
2026-01-11 13:46:00,703 [ERROR] LogOutputStream:75 - [STDERR_REDIRECT] [Fatal Error] :1:1: Premature end of file.
2026-01-11 13:46:00,703 [ERROR] LogOutputStream:75 - [STDERR_REDIRECT] 
2026-01-11 13:46:01,702 [ERROR] LogOutputStream:75 - [STDERR_REDIRECT] [Fatal Error] :1:1: Premature end of file.
2026-01-11 13:46:01,702 [ERROR] LogOutputStream:75 - [STDERR_REDIRECT] 
2026-01-11 13:46:02,703 [ERROR] LogOutputStream:75 - [STDERR_REDIRECT] [Fatal Error] :1:1: Premature end of file.
2026-01-11 13:46:02,705 [ERROR] LogOutputStream:75 - [STDERR_REDIRECT] 
2026-01-11 13:46:03,703 [ERROR] LogOutputStream:75 - [STDERR_REDIRECT] [Fatal Error] :1:1: Premature end of file.
2026-01-11 13:46:03,704 [ERROR] LogOutputStream:75 - [STDERR_REDIRECT] 
2026-01-11 13:46:04,705 [ERROR] LogOutputStream:75 - [STDERR_REDIRECT] [Fatal Error] :1:1: Premature end of file.
2026-01-11 13:46:04,705 [ERROR] LogOutputStream:75 - [STDERR_REDIRECT] 
2026-01-11 13:46:05,704 [ERROR] LogOutputStream:75 - [STDERR_REDIRECT] [Fatal Error] :1:1: Premature end of file.
2026-01-11 13:46:05,704 [ERROR] LogOutputStream:75 - [STDERR_REDIRECT] 
2026-01-11 13:46:06,706 [ERROR] LogOutputStream:75 - [STDERR_REDIRECT] [Fatal Error] :1:1: Premature end of file.
2026-01-11 13:46:06,706 [ERROR] LogOutputStream:75 - [STDERR_REDIRECT] 
2026-01-11 13:46:07,712 [ERROR] LogOutputStream:75 - [STDERR_REDIRECT] [Fatal Error] :1:1: Premature end of file.
2026-01-11 13:46:07,712 [ERROR] LogOutputStream:75 - [STDERR_REDIRECT] 
2026-01-11 13:46:08,712 [ERROR] LogOutputStream:75 - [STDERR_REDIRECT] [Fatal Error] :1:1: Premature end of file.
2026-01-11 13:46:08,712 [ERROR] LogOutputStream:75 - [STDERR_REDIRECT] 
2026-01-11 13:46:09,705 [ERROR] LogOutputStream:75 - [STDERR_REDIRECT] [Fatal Error] :1:1: Premature end of file.
2026-01-11 13:46:09,705 [ERROR] LogOutputStream:75 - [STDERR_REDIRECT] 
2026-01-11 13:46:10,713 [ERROR] LogOutputStream:75 - [STDERR_REDIRECT] [Fatal Error] :1:1: Premature end of file.
2026-01-11 13:46:10,714 [ERROR] LogOutputStream:75 - [STDERR_REDIRECT] 
2026-01-11 13:46:11,709 [ERROR] LogOutputStream:75 - [STDERR_REDIRECT] [Fatal Error] :1:1: Premature end of file.
2026-01-11 13:46:11,709 [ERROR] LogOutputStream:75 - [STDERR_REDIRECT] 
2026-01-11 13:46:12,706 [ERROR] LogOutputStream:75 - [STDERR_REDIRECT] [Fatal Error] :1:1: Premature end of file.
2026-01-11 13:46:12,706 [ERROR] LogOutputStream:75 - [STDERR_REDIRECT] 
2026-01-11 13:46:13,707 [ERROR] LogOutputStream:75 - [STDERR_REDIRECT] [Fatal Error] :1:1: Premature end of file.
2026-01-11 13:46:13,708 [ERROR] LogOutputStream:75 - [STDERR_REDIRECT] 
2026-01-11 13:46:14,704 [ERROR] LogOutputStream:75 - [STDERR_REDIRECT] [Fatal Error] :1:1: Premature end of file.
2026-01-11 13:46:14,704 [ERROR] LogOutputStream:75 - [STDERR_REDIRECT] 
2026-01-11 13:46:15,704 [ERROR] LogOutputStream:75 - [STDERR_REDIRECT] [Fatal Error] :1:1: Premature end of file.
2026-01-11 13:46:15,704 [ERROR] LogOutputStream:75 - [STDERR_REDIRECT] 
2026-01-11 13:46:16,705 [ERROR] LogOutputStream:75 - [STDERR_REDIRECT] [Fatal Error] :1:1: Premature end of file.
2026-01-11 13:46:16,705 [ERROR] LogOutputStream:75 - [STDERR_REDIRECT] 
2026-01-11 13:46:17,703 [ERROR] LogOutputStream:75 - [STDERR_REDIRECT] [Fatal Error] :1:1: Premature end of file.
2026-01-11 13:46:17,703 [ERROR] LogOutputStream:75 - [STDERR_REDIRECT] 
2026-01-11 13:46:18,706 [ERROR] LogOutputStream:75 - [STDERR_REDIRECT] [Fatal Error] :1:1: Premature end of file.
2026-01-11 13:46:18,706 [ERROR] LogOutputStream:75 - [STDERR_REDIRECT] 
2026-01-11 13:46:19,703 [ERROR] LogOutputStream:75 - [STDERR_REDIRECT] [Fatal Error] :1:1: Premature end of file.
2026-01-11 13:46:19,703 [ERROR] LogOutputStream:75 - [STDERR_REDIRECT] 
2026-01-11 13:46:20,707 [ERROR] LogOutputStream:75 - [STDERR_REDIRECT] [Fatal Error] :1:1: Premature end of file.
2026-01-11 13:46:20,707 [ERROR] LogOutputStream:75 - [STDERR_REDIRECT] 
2026-01-11 13:46:21,704 [ERROR] LogOutputStream:75 - [STDERR_REDIRECT] [Fatal Error] :1:1: Premature end of file.
2026-01-11 13:46:21,705 [ERROR] LogOutputStream:75 - [STDERR_REDIRECT] 
2026-01-11 13:46:22,703 [ERROR] LogOutputStream:75 - [STDERR_REDIRECT] [Fatal Error] :1:1: Premature end of file.
2026-01-11 13:46:22,703 [ERROR] LogOutputStream:75 - [STDERR_REDIRECT] 
2026-01-11 13:46:23,703 [ERROR] LogOutputStream:75 - [STDERR_REDIRECT] [Fatal Error] :1:1: Premature end of file.
2026-01-11 13:46:23,703 [ERROR] LogOutputStream:75 - [STDERR_REDIRECT] 
2026-01-11 13:46:24,703 [ERROR] LogOutputStream:75 - [STDERR_REDIRECT] [Fatal Error] :1:1: Premature end of file.
2026-01-11 13:46:24,703 [ERROR] LogOutputStream:75 - [STDERR_REDIRECT] 
2026-01-11 13:46:25,705 [ERROR] LogOutputStream:75 - [STDERR_REDIRECT] [Fatal Error] :1:1: Premature end of file.
2026-01-11 13:46:25,705 [ERROR] LogOutputStream:75 - [STDERR_REDIRECT] 
2026-01-11 13:46:26,706 [ERROR] LogOutputStream:75 - [STDERR_REDIRECT] [Fatal Error] :1:1: Premature end of file.
2026-01-11 13:46:26,707 [ERROR] LogOutputStream:75 - [STDERR_REDIRECT] 
2026-01-11 13:46:27,705 [ERROR] LogOutputStream:75 - [STDERR_REDIRECT] [Fatal Error] :1:1: Premature end of file.
2026-01-11 13:46:27,705 [ERROR] LogOutputStream:75 - [STDERR_REDIRECT] 
2026-01-11 13:46:28,703 [ERROR] LogOutputStream:75 - [STDERR_REDIRECT] [Fatal Error] :1:1: Premature end of file.
2026-01-11 13:46:28,703 [ERROR] LogOutputStream:75 - [STDERR_REDIRECT] 
2026-01-11 13:46:29,703 [ERROR] LogOutputStream:75 - [STDERR_REDIRECT] [Fatal Error] :1:1: Premature end of file.
2026-01-11 13:46:29,703 [ERROR] LogOutputStream:75 - [STDERR_REDIRECT] 
2026-01-11 13:46:30,704 [ERROR] LogOutputStream:75 - [STDERR_REDIRECT] [Fatal Error] :1:1: Premature end of file.
2026-01-11 13:46:30,704 [ERROR] LogOutputStream:75 - [STDERR_REDIRECT] 
2026-01-11 13:46:31,706 [ERROR] LogOutputStream:75 - [STDERR_REDIRECT] [Fatal Error] :1:1: Premature end of file.
2026-01-11 13:46:31,706 [ERROR] LogOutputStream:75 - [STDERR_REDIRECT] 
2026-01-11 13:46:32,706 [ERROR] LogOutputStream:75 - [STDERR_REDIRECT] [Fatal Error] :1:1: Premature end of file.
2026-01-11 13:46:32,707 [ERROR] LogOutputStream:75 - [STDERR_REDIRECT] 
2026-01-11 13:46:33,705 [ERROR] LogOutputStream:75 - [STDERR_REDIRECT] [Fatal Error] :1:1: Premature end of file.
2026-01-11 13:46:33,705 [ERROR] LogOutputStream:75 - [STDERR_REDIRECT] 
2026-01-11 13:46:34,705 [ERROR] LogOutputStream:75 - [STDERR_REDIRECT] [Fatal Error] :1:1: Premature end of file.
2026-01-11 13:46:34,705 [ERROR] LogOutputStream:75 - [STDERR_REDIRECT] 
2026-01-11 13:46:35,704 [ERROR] LogOutputStream:75 - [STDERR_REDIRECT] [Fatal Error] :1:1: Premature end of file.
2026-01-11 13:46:35,705 [ERROR] LogOutputStream:75 - [STDERR_REDIRECT] 
2026-01-11 13:46:36,705 [ERROR] LogOutputStream:75 - [STDERR_REDIRECT] [Fatal Error] :1:1: Premature end of file.
2026-01-11 13:46:36,705 [ERROR] LogOutputStream:75 - [STDERR_REDIRECT] 
2026-01-11 13:46:37,704 [ERROR] LogOutputStream:75 - [STDERR_REDIRECT] [Fatal Error] :1:1: Premature end of file.
2026-01-11 13:46:37,704 [ERROR] LogOutputStream:75 - [STDERR_REDIRECT] 
2026-01-11 13:46:38,703 [ERROR] LogOutputStream:75 - [STDERR_REDIRECT] [Fatal Error] :1:1: Premature end of file.
2026-01-11 13:46:38,703 [ERROR] LogOutputStream:75 - [STDERR_REDIRECT] 
2026-01-11 13:46:39,704 [ERROR] LogOutputStream:75 - [STDERR_REDIRECT] [Fatal Error] :1:1: Premature end of file.
2026-01-11 13:46:39,704 [ERROR] LogOutputStream:75 - [STDERR_REDIRECT] 
2026-01-11 13:46:40,705 [ERROR] LogOutputStream:75 - [STDERR_REDIRECT] [Fatal Error] :1:1: Premature end of file.
2026-01-11 13:46:40,705 [ERROR] LogOutputStream:75 - [STDERR_REDIRECT] 
2026-01-11 13:46:41,703 [ERROR] LogOutputStream:75 - [STDERR_REDIRECT] [Fatal Error] :1:1: Premature end of file.
2026-01-11 13:46:41,703 [ERROR] LogOutputStream:75 - [STDERR_REDIRECT] 
2026-01-11 13:46:42,705 [ERROR] LogOutputStream:75 - [STDERR_REDIRECT] [Fatal Error] :1:1: Premature end of file.
2026-01-11 13:46:42,705 [ERROR] LogOutputStream:75 - [STDERR_REDIRECT] 
2026-01-11 13:46:43,703 [ERROR] LogOutputStream:75 - [STDERR_REDIRECT] [Fatal Error] :1:1: Premature end of file.
2026-01-11 13:46:43,704 [ERROR] LogOutputStream:75 - [STDERR_REDIRECT] 
2026-01-11 13:46:44,704 [ERROR] LogOutputStream:75 - [STDERR_REDIRECT] [Fatal Error] :1:1: Premature end of file.
2026-01-11 13:46:44,704 [ERROR] LogOutputStream:75 - [STDERR_REDIRECT] 
2026-01-11 13:46:45,705 [ERROR] LogOutputStream:75 - [STDERR_REDIRECT] [Fatal Error] :1:1: Premature end of file.
2026-01-11 13:46:45,706 [ERROR] LogOutputStream:75 - [STDERR_REDIRECT] 
2026-01-11 13:46:46,703 [ERROR] LogOutputStream:75 - [STDERR_REDIRECT] [Fatal Error] :1:1: Premature end of file.
2026-01-11 13:46:46,703 [ERROR] LogOutputStream:75 - [STDERR_REDIRECT] 
2026-01-11 13:46:47,705 [ERROR] LogOutputStream:75 - [STDERR_REDIRECT] [Fatal Error] :1:1: Premature end of file.
2026-01-11 13:46:47,705 [ERROR] LogOutputStream:75 - [STDERR_REDIRECT] 
2026-01-11 13:46:48,705 [ERROR] LogOutputStream:75 - [STDERR_REDIRECT] [Fatal Error] :1:1: Premature end of file.
2026-01-11 13:46:48,705 [ERROR] LogOutputStream:75 - [STDERR_REDIRECT] 
2026-01-11 13:46:49,703 [ERROR] LogOutputStream:75 - [STDERR_REDIRECT] [Fatal Error] :1:1: Premature end of file.
2026-01-11 13:46:49,703 [ERROR] LogOutputStream:75 - [STDERR_REDIRECT] 
2026-01-11 13:46:50,705 [ERROR] LogOutputStream:75 - [STDERR_REDIRECT] [Fatal Error] :1:1: Premature end of file.
2026-01-11 13:46:50,706 [ERROR] LogOutputStream:75 - [STDERR_REDIRECT] 
2026-01-11 13:46:51,706 [ERROR] LogOutputStream:75 - [STDERR_REDIRECT] [Fatal Error] :1:1: Premature end of file.
2026-01-11 13:46:51,706 [ERROR] LogOutputStream:75 - [STDERR_REDIRECT] 
2026-01-11 13:46:52,703 [ERROR] LogOutputStream:75 - [STDERR_REDIRECT] [Fatal Error] :1:1: Premature end of file.
2026-01-11 13:46:52,704 [ERROR] LogOutputStream:75 - [STDERR_REDIRECT] 
2026-01-11 13:46:53,704 [ERROR] LogOutputStream:75 - [STDERR_REDIRECT] [Fatal Error] :1:1: Premature end of file.
2026-01-11 13:46:53,704 [ERROR] LogOutputStream:75 - [STDERR_REDIRECT] 
2026-01-11 13:46:54,706 [ERROR] LogOutputStream:75 - [STDERR_REDIRECT] [Fatal Error] :1:1: Premature end of file.
2026-01-11 13:46:54,706 [ERROR] LogOutputStream:75 - [STDERR_REDIRECT] 
2026-01-11 13:46:55,711 [ERROR] LogOutputStream:75 - [STDERR_REDIRECT] [Fatal Error] :1:1: Premature end of file.
2026-01-11 13:46:55,711 [ERROR] LogOutputStream:75 - [STDERR_REDIRECT] 
2026-01-11 13:46:56,705 [ERROR] LogOutputStream:75 - [STDERR_REDIRECT] [Fatal Error] :1:1: Premature end of file.
2026-01-11 13:46:56,705 [ERROR] LogOutputStream:75 - [STDERR_REDIRECT] 
2026-01-11 13:46:57,704 [ERROR] LogOutputStream:75 - [STDERR_REDIRECT] [Fatal Error] :1:1: Premature end of file.
2026-01-11 13:46:57,704 [ERROR] LogOutputStream:75 - [STDERR_REDIRECT] 
2026-01-11 13:46:58,704 [ERROR] LogOutputStream:75 - [STDERR_REDIRECT] [Fatal Error] :1:1: Premature end of file.
2026-01-11 13:46:58,704 [ERROR] LogOutputStream:75 - [STDERR_REDIRECT] 
2026-01-11 13:46:59,704 [ERROR] LogOutputStream:75 - [STDERR_REDIRECT] [Fatal Error] :1:1: Premature end of file.
2026-01-11 13:46:59,704 [ERROR] LogOutputStream:75 - [STDERR_REDIRECT] 
2026-01-11 13:47:00,704 [ERROR] LogOutputStream:75 - [STDERR_REDIRECT] [Fatal Error] :1:1: Premature end of file.
2026-01-11 13:47:00,704 [ERROR] LogOutputStream:75 - [STDERR_REDIRECT] 
2026-01-11 13:47:01,708 [ERROR] LogOutputStream:75 - [STDERR_REDIRECT] [Fatal Error] :1:1: Premature end of file.
2026-01-11 13:47:01,708 [ERROR] LogOutputStream:75 - [STDERR_REDIRECT] 
2026-01-11 13:47:02,709 [ERROR] LogOutputStream:75 - [STDERR_REDIRECT] [Fatal Error] :1:1: Premature end of file.
2026-01-11 13:47:02,709 [ERROR] LogOutputStream:75 - [STDERR_REDIRECT] 
2026-01-11 13:47:03,710 [ERROR] LogOutputStream:75 - [STDERR_REDIRECT] [Fatal Error] :1:1: Premature end of file.
2026-01-11 13:47:03,710 [ERROR] LogOutputStream:75 - [STDERR_REDIRECT] 
2026-01-11 13:47:04,710 [ERROR] LogOutputStream:75 - [STDERR_REDIRECT] [Fatal Error] :1:1: Premature end of file.
2026-01-11 13:47:04,710 [ERROR] LogOutputStream:75 - [STDERR_REDIRECT] 
2026-01-11 13:47:05,709 [ERROR] LogOutputStream:75 - [STDERR_REDIRECT] [Fatal Error] :1:1: Premature end of file.
2026-01-11 13:47:05,709 [ERROR] LogOutputStream:75 - [STDERR_REDIRECT] 
2026-01-11 13:47:06,705 [ERROR] LogOutputStream:75 - [STDERR_REDIRECT] [Fatal Error] :1:1: Premature end of file.
2026-01-11 13:47:06,705 [ERROR] LogOutputStream:75 - [STDERR_REDIRECT] 
2026-01-11 13:47:07,708 [ERROR] LogOutputStream:75 - [STDERR_REDIRECT] [Fatal Error] :1:1: Premature end of file.
2026-01-11 13:47:07,708 [ERROR] LogOutputStream:75 - [STDERR_REDIRECT] 
2026-01-11 13:47:08,706 [ERROR] LogOutputStream:75 - [STDERR_REDIRECT] [Fatal Error] :1:1: Premature end of file.
2026-01-11 13:47:08,706 [ERROR] LogOutputStream:75 - [STDERR_REDIRECT] 
2026-01-11 13:47:09,710 [ERROR] LogOutputStream:75 - [STDERR_REDIRECT] [Fatal Error] :1:1: Premature end of file.
2026-01-11 13:47:09,710 [ERROR] LogOutputStream:75 - [STDERR_REDIRECT] 
2026-01-11 13:47:10,704 [ERROR] LogOutputStream:75 - [STDERR_REDIRECT] [Fatal Error] :1:1: Premature end of file.
2026-01-11 13:47:10,704 [ERROR] LogOutputStream:75 - [STDERR_REDIRECT] 
2026-01-11 13:47:11,707 [ERROR] LogOutputStream:75 - [STDERR_REDIRECT] [Fatal Error] :1:1: Premature end of file.
2026-01-11 13:47:11,707 [ERROR] LogOutputStream:75 - [STDERR_REDIRECT] 
2026-01-11 13:47:12,705 [ERROR] LogOutputStream:75 - [STDERR_REDIRECT] [Fatal Error] :1:1: Premature end of file.
2026-01-11 13:47:12,705 [ERROR] LogOutputStream:75 - [STDERR_REDIRECT] 
2026-01-11 13:47:13,704 [ERROR] LogOutputStream:75 - [STDERR_REDIRECT] [Fatal Error] :1:1: Premature end of file.
2026-01-11 13:47:13,704 [ERROR] LogOutputStream:75 - [STDERR_REDIRECT] 
2026-01-11 13:47:14,706 [ERROR] LogOutputStream:75 - [STDERR_REDIRECT] [Fatal Error] :1:1: Premature end of file.
2026-01-11 13:47:14,706 [ERROR] LogOutputStream:75 - [STDERR_REDIRECT] 
2026-01-11 13:47:15,704 [ERROR] LogOutputStream:75 - [STDERR_REDIRECT] [Fatal Error] :1:1: Premature end of file.
2026-01-11 13:47:15,704 [ERROR] LogOutputStream:75 - [STDERR_REDIRECT] 
2026-01-11 13:47:16,704 [ERROR] LogOutputStream:75 - [STDERR_REDIRECT] [Fatal Error] :1:1: Premature end of file.
2026-01-11 13:47:16,705 [ERROR] LogOutputStream:75 - [STDERR_REDIRECT] 
2026-01-11 13:47:17,704 [ERROR] LogOutputStream:75 - [STDERR_REDIRECT] [Fatal Error] :1:1: Premature end of file.
2026-01-11 13:47:17,704 [ERROR] LogOutputStream:75 - [STDERR_REDIRECT] 
2026-01-11 13:47:18,703 [ERROR] LogOutputStream:75 - [STDERR_REDIRECT] [Fatal Error] :1:1: Premature end of file.
2026-01-11 13:47:18,703 [ERROR] LogOutputStream:75 - [STDERR_REDIRECT] 
2026-01-11 13:47:19,705 [ERROR] LogOutputStream:75 - [STDERR_REDIRECT] [Fatal Error] :1:1: Premature end of file.
2026-01-11 13:47:19,705 [ERROR] LogOutputStream:75 - [STDERR_REDIRECT] 
2026-01-11 13:47:20,704 [ERROR] LogOutputStream:75 - [STDERR_REDIRECT] [Fatal Error] :1:1: Premature end of file.
2026-01-11 13:47:20,704 [ERROR] LogOutputStream:75 - [STDERR_REDIRECT] 
2026-01-11 13:47:21,705 [ERROR] LogOutputStream:75 - [STDERR_REDIRECT] [Fatal Error] :1:1: Premature end of file.
2026-01-11 13:47:21,705 [ERROR] LogOutputStream:75 - [STDERR_REDIRECT] 
2026-01-11 13:47:22,704 [ERROR] LogOutputStream:75 - [STDERR_REDIRECT] [Fatal Error] :1:1: Premature end of file.
2026-01-11 13:47:22,704 [ERROR] LogOutputStream:75 - [STDERR_REDIRECT] 
2026-01-11 13:47:23,704 [ERROR] LogOutputStream:75 - [STDERR_REDIRECT] [Fatal Error] :1:1: Premature end of file.
2026-01-11 13:47:23,704 [ERROR] LogOutputStream:75 - [STDERR_REDIRECT] 
2026-01-11 13:47:24,705 [ERROR] LogOutputStream:75 - [STDERR_REDIRECT] [Fatal Error] :1:1: Premature end of file.
2026-01-11 13:47:24,705 [ERROR] LogOutputStream:75 - [STDERR_REDIRECT] 
2026-01-11 13:47:25,703 [ERROR] LogOutputStream:75 - [STDERR_REDIRECT] [Fatal Error] :1:1: Premature end of file.
2026-01-11 13:47:25,703 [ERROR] LogOutputStream:75 - [STDERR_REDIRECT] 
2026-01-11 13:47:26,702 [ERROR] LogOutputStream:75 - [STDERR_REDIRECT] [Fatal Error] :1:1: Premature end of file.
2026-01-11 13:47:26,702 [ERROR] LogOutputStream:75 - [STDERR_REDIRECT] 
2026-01-11 13:47:27,704 [ERROR] LogOutputStream:75 - [STDERR_REDIRECT] [Fatal Error] :1:1: Premature end of file.
2026-01-11 13:47:27,704 [ERROR] LogOutputStream:75 - [STDERR_REDIRECT] 
2026-01-11 13:47:28,703 [ERROR] LogOutputStream:75 - [STDERR_REDIRECT] [Fatal Error] :1:1: Premature end of file.
2026-01-11 13:47:28,704 [ERROR] LogOutputStream:75 - [STDERR_REDIRECT] 
2026-01-11 13:47:29,704 [ERROR] LogOutputStream:75 - [STDERR_REDIRECT] [Fatal Error] :1:1: Premature end of file.
2026-01-11 13:47:29,704 [ERROR] LogOutputStream:75 - [STDERR_REDIRECT] 
2026-01-11 13:47:30,704 [ERROR] LogOutputStream:75 - [STDERR_REDIRECT] [Fatal Error] :1:1: Premature end of file.
2026-01-11 13:47:30,704 [ERROR] LogOutputStream:75 - [STDERR_REDIRECT] 
2026-01-11 13:47:31,704 [ERROR] LogOutputStream:75 - [STDERR_REDIRECT] [Fatal Error] :1:1: Premature end of file.
2026-01-11 13:47:31,704 [ERROR] LogOutputStream:75 - [STDERR_REDIRECT] 
2026-01-11 13:47:32,704 [ERROR] LogOutputStream:75 - [STDERR_REDIRECT] [Fatal Error] :1:1: Premature end of file.
2026-01-11 13:47:32,704 [ERROR] LogOutputStream:75 - [STDERR_REDIRECT] 
2026-01-11 13:47:33,705 [ERROR] LogOutputStream:75 - [STDERR_REDIRECT] [Fatal Error] :1:1: Premature end of file.
2026-01-11 13:47:33,705 [ERROR] LogOutputStream:75 - [STDERR_REDIRECT] 
2026-01-11 13:47:34,704 [ERROR] LogOutputStream:75 - [STDERR_REDIRECT] [Fatal Error] :1:1: Premature end of file.
2026-01-11 13:47:34,704 [ERROR] LogOutputStream:75 - [STDERR_REDIRECT] 
2026-01-11 13:47:35,705 [ERROR] LogOutputStream:75 - [STDERR_REDIRECT] [Fatal Error] :1:1: Premature end of file.
2026-01-11 13:47:35,705 [ERROR] LogOutputStream:75 - [STDERR_REDIRECT] 
2026-01-11 13:47:36,703 [ERROR] LogOutputStream:75 - [STDERR_REDIRECT] [Fatal Error] :1:1: Premature end of file.
2026-01-11 13:47:36,703 [ERROR] LogOutputStream:75 - [STDERR_REDIRECT] 
2026-01-11 13:47:37,703 [ERROR] LogOutputStream:75 - [STDERR_REDIRECT] [Fatal Error] :1:1: Premature end of file.
2026-01-11 13:47:37,704 [ERROR] LogOutputStream:75 - [STDERR_REDIRECT] 
2026-01-11 13:47:38,704 [ERROR] LogOutputStream:75 - [STDERR_REDIRECT] [Fatal Error] :1:1: Premature end of file.
2026-01-11 13:47:38,704 [ERROR] LogOutputStream:75 - [STDERR_REDIRECT] 
2026-01-11 13:47:39,705 [ERROR] LogOutputStream:75 - [STDERR_REDIRECT] [Fatal Error] :1:1: Premature end of file.
2026-01-11 13:47:39,705 [ERROR] LogOutputStream:75 - [STDERR_REDIRECT] 
2026-01-11 13:47:40,704 [ERROR] LogOutputStream:75 - [STDERR_REDIRECT] [Fatal Error] :1:1: Premature end of file.
2026-01-11 13:47:40,704 [ERROR] LogOutputStream:75 - [STDERR_REDIRECT] 
2026-01-11 13:47:41,704 [ERROR] LogOutputStream:75 - [STDERR_REDIRECT] [Fatal Error] :1:1: Premature end of file.
2026-01-11 13:47:41,704 [ERROR] LogOutputStream:75 - [STDERR_REDIRECT] 
2026-01-11 13:47:42,705 [ERROR] LogOutputStream:75 - [STDERR_REDIRECT] [Fatal Error] :1:1: Premature end of file.
2026-01-11 13:47:42,705 [ERROR] LogOutputStream:75 - [STDERR_REDIRECT] 
2026-01-11 13:47:43,705 [ERROR] LogOutputStream:75 - [STDERR_REDIRECT] [Fatal Error] :1:1: Premature end of file.
2026-01-11 13:47:43,705 [ERROR] LogOutputStream:75 - [STDERR_REDIRECT] 
2026-01-11 13:47:44,704 [ERROR] LogOutputStream:75 - [STDERR_REDIRECT] [Fatal Error] :1:1: Premature end of file.
2026-01-11 13:47:44,704 [ERROR] LogOutputStream:75 - [STDERR_REDIRECT] 
2026-01-11 13:47:45,704 [ERROR] LogOutputStream:75 - [STDERR_REDIRECT] [Fatal Error] :1:1: Premature end of file.
2026-01-11 13:47:45,704 [ERROR] LogOutputStream:75 - [STDERR_REDIRECT] 
2026-01-11 13:47:46,711 [ERROR] LogOutputStream:75 - [STDERR_REDIRECT] [Fatal Error] :1:1: Premature end of file.
2026-01-11 13:47:46,712 [ERROR] LogOutputStream:75 - [STDERR_REDIRECT] 
2026-01-11 13:47:47,704 [ERROR] LogOutputStream:75 - [STDERR_REDIRECT] [Fatal Error] :1:1: Premature end of file.
2026-01-11 13:47:47,704 [ERROR] LogOutputStream:75 - [STDERR_REDIRECT] 
2026-01-11 13:47:48,706 [ERROR] LogOutputStream:75 - [STDERR_REDIRECT] [Fatal Error] :1:1: Premature end of file.
2026-01-11 13:47:48,706 [ERROR] LogOutputStream:75 - [STDERR_REDIRECT] 
2026-01-11 13:47:49,704 [ERROR] LogOutputStream:75 - [STDERR_REDIRECT] [Fatal Error] :1:1: Premature end of file.
2026-01-11 13:47:49,704 [ERROR] LogOutputStream:75 - [STDERR_REDIRECT] 
2026-01-11 13:47:50,704 [ERROR] LogOutputStream:75 - [STDERR_REDIRECT] [Fatal Error] :1:1: Premature end of file.
2026-01-11 13:47:50,704 [ERROR] LogOutputStream:75 - [STDERR_REDIRECT] 
2026-01-11 13:47:51,704 [ERROR] LogOutputStream:75 - [STDERR_REDIRECT] [Fatal Error] :1:1: Premature end of file.
2026-01-11 13:47:51,704 [ERROR] LogOutputStream:75 - [STDERR_REDIRECT] 
2026-01-11 13:47:52,703 [ERROR] LogOutputStream:75 - [STDERR_REDIRECT] [Fatal Error] :1:1: Premature end of file.
2026-01-11 13:47:52,704 [ERROR] LogOutputStream:75 - [STDERR_REDIRECT] 
2026-01-11 13:47:53,705 [ERROR] LogOutputStream:75 - [STDERR_REDIRECT] [Fatal Error] :1:1: Premature end of file.
2026-01-11 13:47:53,706 [ERROR] LogOutputStream:75 - [STDERR_REDIRECT] 
2026-01-11 13:47:54,705 [ERROR] LogOutputStream:75 - [STDERR_REDIRECT] [Fatal Error] :1:1: Premature end of file.
2026-01-11 13:47:54,705 [ERROR] LogOutputStream:75 - [STDERR_REDIRECT] 
2026-01-11 13:47:55,705 [ERROR] LogOutputStream:75 - [STDERR_REDIRECT] [Fatal Error] :1:1: Premature end of file.
2026-01-11 13:47:55,705 [ERROR] LogOutputStream:75 - [STDERR_REDIRECT] 
2026-01-11 13:47:56,705 [ERROR] LogOutputStream:75 - [STDERR_REDIRECT] [Fatal Error] :1:1: Premature end of file.
2026-01-11 13:47:56,705 [ERROR] LogOutputStream:75 - [STDERR_REDIRECT] 
2026-01-11 13:47:57,705 [ERROR] LogOutputStream:75 - [STDERR_REDIRECT] [Fatal Error] :1:1: Premature end of file.
2026-01-11 13:47:57,706 [ERROR] LogOutputStream:75 - [STDERR_REDIRECT] 
2026-01-11 13:47:58,704 [ERROR] LogOutputStream:75 - [STDERR_REDIRECT] [Fatal Error] :1:1: Premature end of file.
2026-01-11 13:47:58,704 [ERROR] LogOutputStream:75 - [STDERR_REDIRECT] 
2026-01-11 13:47:59,705 [ERROR] LogOutputStream:75 - [STDERR_REDIRECT] [Fatal Error] :1:1: Premature end of file.
2026-01-11 13:47:59,705 [ERROR] LogOutputStream:75 - [STDERR_REDIRECT] 
2026-01-11 13:48:00,704 [ERROR] LogOutputStream:75 - [STDERR_REDIRECT] [Fatal Error] :1:1: Premature end of file.
2026-01-11 13:48:00,704 [ERROR] LogOutputStream:75 - [STDERR_REDIRECT] 
2026-01-11 13:48:01,704 [ERROR] LogOutputStream:75 - [STDERR_REDIRECT] [Fatal Error] :1:1: Premature end of file.
2026-01-11 13:48:01,704 [ERROR] LogOutputStream:75 - [STDERR_REDIRECT] 
2026-01-11 13:48:02,705 [ERROR] LogOutputStream:75 - [STDERR_REDIRECT] [Fatal Error] :1:1: Premature end of file.
2026-01-11 13:48:02,705 [ERROR] LogOutputStream:75 - [STDERR_REDIRECT] 
2026-01-11 13:48:03,702 [ERROR] LogOutputStream:75 - [STDERR_REDIRECT] [Fatal Error] :1:1: Premature end of file.
2026-01-11 13:48:03,702 [ERROR] LogOutputStream:75 - [STDERR_REDIRECT] 
2026-01-11 13:48:04,704 [ERROR] LogOutputStream:75 - [STDERR_REDIRECT] [Fatal Error] :1:1: Premature end of file.
2026-01-11 13:48:04,704 [ERROR] LogOutputStream:75 - [STDERR_REDIRECT] 
2026-01-11 13:48:05,707 [ERROR] LogOutputStream:75 - [STDERR_REDIRECT] [Fatal Error] :1:1: Premature end of file.
2026-01-11 13:48:05,707 [ERROR] LogOutputStream:75 - [STDERR_REDIRECT] 
2026-01-11 13:48:06,706 [ERROR] LogOutputStream:75 - [STDERR_REDIRECT] [Fatal Error] :1:1: Premature end of file.
2026-01-11 13:48:06,706 [ERROR] LogOutputStream:75 - [STDERR_REDIRECT] 
2026-01-11 13:48:07,703 [ERROR] LogOutputStream:75 - [STDERR_REDIRECT] [Fatal Error] :1:1: Premature end of file.
2026-01-11 13:48:07,703 [ERROR] LogOutputStream:75 - [STDERR_REDIRECT] 
2026-01-11 13:48:08,707 [ERROR] LogOutputStream:75 - [STDERR_REDIRECT] [Fatal Error] :1:1: Premature end of file.
2026-01-11 13:48:08,707 [ERROR] LogOutputStream:75 - [STDERR_REDIRECT] 
2026-01-11 13:48:09,713 [ERROR] LogOutputStream:75 - [STDERR_REDIRECT] [Fatal Error] :1:1: Premature end of file.
2026-01-11 13:48:09,713 [ERROR] LogOutputStream:75 - [STDERR_REDIRECT] 
2026-01-11 13:48:10,709 [ERROR] LogOutputStream:75 - [STDERR_REDIRECT] [Fatal Error] :1:1: Premature end of file.
2026-01-11 13:48:10,709 [ERROR] LogOutputStream:75 - [STDERR_REDIRECT] 
2026-01-11 13:48:11,716 [ERROR] LogOutputStream:75 - [STDERR_REDIRECT] [Fatal Error] :1:1: Premature end of file.
2026-01-11 13:48:11,716 [ERROR] LogOutputStream:75 - [STDERR_REDIRECT] 
2026-01-11 13:48:12,705 [ERROR] LogOutputStream:75 - [STDERR_REDIRECT] [Fatal Error] :1:1: Premature end of file.
2026-01-11 13:48:12,705 [ERROR] LogOutputStream:75 - [STDERR_REDIRECT] 
2026-01-11 13:48:13,708 [ERROR] LogOutputStream:75 - [STDERR_REDIRECT] [Fatal Error] :1:1: Premature end of file.
2026-01-11 13:48:13,708 [ERROR] LogOutputStream:75 - [STDERR_REDIRECT] 
2026-01-11 13:48:14,710 [ERROR] LogOutputStream:75 - [STDERR_REDIRECT] [Fatal Error] :1:1: Premature end of file.
2026-01-11 13:48:14,710 [ERROR] LogOutputStream:75 - [STDERR_REDIRECT] 
2026-01-11 13:48:15,709 [ERROR] LogOutputStream:75 - [STDERR_REDIRECT] [Fatal Error] :1:1: Premature end of file.
2026-01-11 13:48:15,709 [ERROR] LogOutputStream:75 - [STDERR_REDIRECT] 
2026-01-11 13:48:16,711 [ERROR] LogOutputStream:75 - [STDERR_REDIRECT] [Fatal Error] :1:1: Premature end of file.
2026-01-11 13:48:16,711 [ERROR] LogOutputStream:75 - [STDERR_REDIRECT] 
2026-01-11 13:48:17,707 [ERROR] LogOutputStream:75 - [STDERR_REDIRECT] [Fatal Error] :1:1: Premature end of file.
2026-01-11 13:48:17,707 [ERROR] LogOutputStream:75 - [STDERR_REDIRECT] 
2026-01-11 13:48:18,720 [ERROR] LogOutputStream:75 - [STDERR_REDIRECT] [Fatal Error] :1:1: Premature end of file.
2026-01-11 13:48:18,720 [ERROR] LogOutputStream:75 - [STDERR_REDIRECT] 
2026-01-11 13:48:19,710 [ERROR] LogOutputStream:75 - [STDERR_REDIRECT] [Fatal Error] :1:1: Premature end of file.
2026-01-11 13:48:19,711 [ERROR] LogOutputStream:75 - [STDERR_REDIRECT] 
2026-01-11 13:48:20,710 [ERROR] LogOutputStream:75 - [STDERR_REDIRECT] [Fatal Error] :1:1: Premature end of file.
2026-01-11 13:48:20,710 [ERROR] LogOutputStream:75 - [STDERR_REDIRECT] 
2026-01-11 13:48:21,704 [ERROR] LogOutputStream:75 - [STDERR_REDIRECT] [Fatal Error] :1:1: Premature end of file.
2026-01-11 13:48:21,704 [ERROR] LogOutputStream:75 - [STDERR_REDIRECT] 
2026-01-11 13:48:22,704 [ERROR] LogOutputStream:75 - [STDERR_REDIRECT] [Fatal Error] :1:1: Premature end of file.
2026-01-11 13:48:22,704 [ERROR] LogOutputStream:75 - [STDERR_REDIRECT] 
2026-01-11 13:48:23,705 [ERROR] LogOutputStream:75 - [STDERR_REDIRECT] [Fatal Error] :1:1: Premature end of file.
2026-01-11 13:48:23,705 [ERROR] LogOutputStream:75 - [STDERR_REDIRECT] 
2026-01-11 13:48:24,705 [ERROR] LogOutputStream:75 - [STDERR_REDIRECT] [Fatal Error] :1:1: Premature end of file.
2026-01-11 13:48:24,705 [ERROR] LogOutputStream:75 - [STDERR_REDIRECT] 
2026-01-11 13:48:25,704 [ERROR] LogOutputStream:75 - [STDERR_REDIRECT] [Fatal Error] :1:1: Premature end of file.
2026-01-11 13:48:25,705 [ERROR] LogOutputStream:75 - [STDERR_REDIRECT] 
2026-01-11 13:48:26,705 [ERROR] LogOutputStream:75 - [STDERR_REDIRECT] [Fatal Error] :1:1: Premature end of file.
2026-01-11 13:48:26,705 [ERROR] LogOutputStream:75 - [STDERR_REDIRECT] 
2026-01-11 13:48:27,705 [ERROR] LogOutputStream:75 - [STDERR_REDIRECT] [Fatal Error] :1:1: Premature end of file.
2026-01-11 13:48:27,705 [ERROR] LogOutputStream:75 - [STDERR_REDIRECT] 
2026-01-11 13:48:28,703 [ERROR] LogOutputStream:75 - [STDERR_REDIRECT] [Fatal Error] :1:1: Premature end of file.
2026-01-11 13:48:28,704 [ERROR] LogOutputStream:75 - [STDERR_REDIRECT] 
2026-01-11 13:48:29,705 [ERROR] LogOutputStream:75 - [STDERR_REDIRECT] [Fatal Error] :1:1: Premature end of file.
2026-01-11 13:48:29,705 [ERROR] LogOutputStream:75 - [STDERR_REDIRECT] 
2026-01-11 13:48:30,704 [ERROR] LogOutputStream:75 - [STDERR_REDIRECT] [Fatal Error] :1:1: Premature end of file.
2026-01-11 13:48:30,704 [ERROR] LogOutputStream:75 - [STDERR_REDIRECT] 
2026-01-11 13:48:31,705 [ERROR] LogOutputStream:75 - [STDERR_REDIRECT] [Fatal Error] :1:1: Premature end of file.
2026-01-11 13:48:31,705 [ERROR] LogOutputStream:75 - [STDERR_REDIRECT] 
2026-01-11 13:48:32,712 [ERROR] LogOutputStream:75 - [STDERR_REDIRECT] [Fatal Error] :1:1: Premature end of file.
2026-01-11 13:48:32,712 [ERROR] LogOutputStream:75 - [STDERR_REDIRECT] 
2026-01-11 13:48:33,707 [ERROR] LogOutputStream:75 - [STDERR_REDIRECT] [Fatal Error] :1:1: Premature end of file.
2026-01-11 13:48:33,707 [ERROR] LogOutputStream:75 - [STDERR_REDIRECT] 
2026-01-11 13:48:34,710 [ERROR] LogOutputStream:75 - [STDERR_REDIRECT] [Fatal Error] :1:1: Premature end of file.
2026-01-11 13:48:34,710 [ERROR] LogOutputStream:75 - [STDERR_REDIRECT] 
2026-01-11 13:48:35,708 [ERROR] LogOutputStream:75 - [STDERR_REDIRECT] [Fatal Error] :1:1: Premature end of file.
2026-01-11 13:48:35,708 [ERROR] LogOutputStream:75 - [STDERR_REDIRECT] 
2026-01-11 13:48:36,707 [ERROR] LogOutputStream:75 - [STDERR_REDIRECT] [Fatal Error] :1:1: Premature end of file.
2026-01-11 13:48:36,707 [ERROR] LogOutputStream:75 - [STDERR_REDIRECT] 
2026-01-11 13:48:37,709 [ERROR] LogOutputStream:75 - [STDERR_REDIRECT] [Fatal Error] :1:1: Premature end of file.
2026-01-11 13:48:37,709 [ERROR] LogOutputStream:75 - [STDERR_REDIRECT] 
2026-01-11 13:48:38,709 [ERROR] LogOutputStream:75 - [STDERR_REDIRECT] [Fatal Error] :1:1: Premature end of file.
2026-01-11 13:48:38,709 [ERROR] LogOutputStream:75 - [STDERR_REDIRECT] 
2026-01-11 13:48:39,711 [ERROR] LogOutputStream:75 - [STDERR_REDIRECT] [Fatal Error] :1:1: Premature end of file.
2026-01-11 13:48:39,711 [ERROR] LogOutputStream:75 - [STDERR_REDIRECT] 
2026-01-11 13:48:40,715 [ERROR] LogOutputStream:75 - [STDERR_REDIRECT] [Fatal Error] :1:1: Premature end of file.
2026-01-11 13:48:40,715 [ERROR] LogOutputStream:75 - [STDERR_REDIRECT] 
2026-01-11 13:48:41,705 [ERROR] LogOutputStream:75 - [STDERR_REDIRECT] [Fatal Error] :1:1: Premature end of file.
2026-01-11 13:48:41,705 [ERROR] LogOutputStream:75 - [STDERR_REDIRECT] 
2026-01-11 13:48:42,707 [ERROR] LogOutputStream:75 - [STDERR_REDIRECT] [Fatal Error] :1:1: Premature end of file.
2026-01-11 13:48:42,707 [ERROR] LogOutputStream:75 - [STDERR_REDIRECT] 
2026-01-11 13:48:43,714 [ERROR] LogOutputStream:75 - [STDERR_REDIRECT] [Fatal Error] :1:1: Premature end of file.
2026-01-11 13:48:43,714 [ERROR] LogOutputStream:75 - [STDERR_REDIRECT] 
2026-01-11 13:48:44,711 [ERROR] LogOutputStream:75 - [STDERR_REDIRECT] [Fatal Error] :1:1: Premature end of file.
2026-01-11 13:48:44,711 [ERROR] LogOutputStream:75 - [STDERR_REDIRECT] 
2026-01-11 13:48:45,710 [ERROR] LogOutputStream:75 - [STDERR_REDIRECT] [Fatal Error] :1:1: Premature end of file.
2026-01-11 13:48:45,710 [ERROR] LogOutputStream:75 - [STDERR_REDIRECT] 
2026-01-11 13:48:46,712 [ERROR] LogOutputStream:75 - [STDERR_REDIRECT] [Fatal Error] :1:1: Premature end of file.
2026-01-11 13:48:46,712 [ERROR] LogOutputStream:75 - [STDERR_REDIRECT] 
2026-01-11 13:48:47,704 [ERROR] LogOutputStream:75 - [STDERR_REDIRECT] [Fatal Error] :1:1: Premature end of file.
2026-01-11 13:48:47,704 [ERROR] LogOutputStream:75 - [STDERR_REDIRECT] 
2026-01-11 13:48:48,703 [ERROR] LogOutputStream:75 - [STDERR_REDIRECT] [Fatal Error] :1:1: Premature end of file.
2026-01-11 13:48:48,703 [ERROR] LogOutputStream:75 - [STDERR_REDIRECT] 
2026-01-11 13:48:49,705 [ERROR] LogOutputStream:75 - [STDERR_REDIRECT] [Fatal Error] :1:1: Premature end of file.
2026-01-11 13:48:49,706 [ERROR] LogOutputStream:75 - [STDERR_REDIRECT] 
2026-01-11 13:48:50,704 [ERROR] LogOutputStream:75 - [STDERR_REDIRECT] [Fatal Error] :1:1: Premature end of file.
2026-01-11 13:48:50,704 [ERROR] LogOutputStream:75 - [STDERR_REDIRECT] 
2026-01-11 13:48:51,704 [ERROR] LogOutputStream:75 - [STDERR_REDIRECT] [Fatal Error] :1:1: Premature end of file.
2026-01-11 13:48:51,704 [ERROR] LogOutputStream:75 - [STDERR_REDIRECT] 
2026-01-11 13:48:52,703 [ERROR] LogOutputStream:75 - [STDERR_REDIRECT] [Fatal Error] :1:1: Premature end of file.
2026-01-11 13:48:52,703 [ERROR] LogOutputStream:75 - [STDERR_REDIRECT] 
2026-01-11 13:48:53,709 [ERROR] LogOutputStream:75 - [STDERR_REDIRECT] [Fatal Error] :1:1: Premature end of file.
2026-01-11 13:48:53,709 [ERROR] LogOutputStream:75 - [STDERR_REDIRECT] 
2026-01-11 13:48:54,704 [ERROR] LogOutputStream:75 - [STDERR_REDIRECT] [Fatal Error] :1:1: Premature end of file.
2026-01-11 13:48:54,705 [ERROR] LogOutputStream:75 - [STDERR_REDIRECT] 
2026-01-11 13:48:55,703 [ERROR] LogOutputStream:75 - [STDERR_REDIRECT] [Fatal Error] :1:1: Premature end of file.
2026-01-11 13:48:55,704 [ERROR] LogOutputStream:75 - [STDERR_REDIRECT] 
2026-01-11 13:48:56,706 [ERROR] LogOutputStream:75 - [STDERR_REDIRECT] [Fatal Error] :1:1: Premature end of file.
2026-01-11 13:48:56,706 [ERROR] LogOutputStream:75 - [STDERR_REDIRECT] 
2026-01-11 13:48:57,706 [ERROR] LogOutputStream:75 - [STDERR_REDIRECT] [Fatal Error] :1:1: Premature end of file.
2026-01-11 13:48:57,706 [ERROR] LogOutputStream:75 - [STDERR_REDIRECT] 
2026-01-11 13:48:58,704 [ERROR] LogOutputStream:75 - [STDERR_REDIRECT] [Fatal Error] :1:1: Premature end of file.
2026-01-11 13:48:58,704 [ERROR] LogOutputStream:75 - [STDERR_REDIRECT] 
2026-01-11 13:48:59,706 [ERROR] LogOutputStream:75 - [STDERR_REDIRECT] [Fatal Error] :1:1: Premature end of file.
2026-01-11 13:48:59,706 [ERROR] LogOutputStream:75 - [STDERR_REDIRECT] 
2026-01-11 13:49:00,704 [ERROR] LogOutputStream:75 - [STDERR_REDIRECT] [Fatal Error] :1:1: Premature end of file.
2026-01-11 13:49:00,704 [ERROR] LogOutputStream:75 - [STDERR_REDIRECT] 
2026-01-11 13:49:01,708 [ERROR] LogOutputStream:75 - [STDERR_REDIRECT] [Fatal Error] :1:1: Premature end of file.
2026-01-11 13:49:01,709 [ERROR] LogOutputStream:75 - [STDERR_REDIRECT] 
2026-01-11 13:49:02,704 [ERROR] LogOutputStream:75 - [STDERR_REDIRECT] [Fatal Error] :1:1: Premature end of file.
2026-01-11 13:49:02,704 [ERROR] LogOutputStream:75 - [STDERR_REDIRECT] 
2026-01-11 13:49:03,704 [ERROR] LogOutputStream:75 - [STDERR_REDIRECT] [Fatal Error] :1:1: Premature end of file.
2026-01-11 13:49:03,704 [ERROR] LogOutputStream:75 - [STDERR_REDIRECT] 
2026-01-11 13:49:04,712 [ERROR] LogOutputStream:75 - [STDERR_REDIRECT] [Fatal Error] :1:1: Premature end of file.
2026-01-11 13:49:04,712 [ERROR] LogOutputStream:75 - [STDERR_REDIRECT] 
2026-01-11 13:49:05,711 [ERROR] LogOutputStream:75 - [STDERR_REDIRECT] [Fatal Error] :1:1: Premature end of file.
2026-01-11 13:49:05,712 [ERROR] LogOutputStream:75 - [STDERR_REDIRECT] 
2026-01-11 13:49:06,708 [ERROR] LogOutputStream:75 - [STDERR_REDIRECT] [Fatal Error] :1:1: Premature end of file.
2026-01-11 13:49:06,709 [ERROR] LogOutputStream:75 - [STDERR_REDIRECT] 
2026-01-11 13:49:07,704 [ERROR] LogOutputStream:75 - [STDERR_REDIRECT] [Fatal Error] :1:1: Premature end of file.
2026-01-11 13:49:07,704 [ERROR] LogOutputStream:75 - [STDERR_REDIRECT] 
2026-01-11 13:49:08,712 [ERROR] LogOutputStream:75 - [STDERR_REDIRECT] [Fatal Error] :1:1: Premature end of file.
2026-01-11 13:49:08,712 [ERROR] LogOutputStream:75 - [STDERR_REDIRECT] 
2026-01-11 13:49:09,707 [ERROR] LogOutputStream:75 - [STDERR_REDIRECT] [Fatal Error] :1:1: Premature end of file.
2026-01-11 13:49:09,707 [ERROR] LogOutputStream:75 - [STDERR_REDIRECT] 
2026-01-11 13:49:10,711 [ERROR] LogOutputStream:75 - [STDERR_REDIRECT] [Fatal Error] :1:1: Premature end of file.
2026-01-11 13:49:10,711 [ERROR] LogOutputStream:75 - [STDERR_REDIRECT] 
2026-01-11 13:49:11,704 [ERROR] LogOutputStream:75 - [STDERR_REDIRECT] [Fatal Error] :1:1: Premature end of file.
2026-01-11 13:49:11,705 [ERROR] LogOutputStream:75 - [STDERR_REDIRECT] 
2026-01-11 13:49:12,705 [ERROR] LogOutputStream:75 - [STDERR_REDIRECT] [Fatal Error] :1:1: Premature end of file.
2026-01-11 13:49:12,705 [ERROR] LogOutputStream:75 - [STDERR_REDIRECT] 
2026-01-11 13:49:13,702 [ERROR] LogOutputStream:75 - [STDERR_REDIRECT] [Fatal Error] :1:1: Premature end of file.
2026-01-11 13:49:13,702 [ERROR] LogOutputStream:75 - [STDERR_REDIRECT] 
2026-01-11 13:49:14,704 [ERROR] LogOutputStream:75 - [STDERR_REDIRECT] [Fatal Error] :1:1: Premature end of file.
2026-01-11 13:49:14,705 [ERROR] LogOutputStream:75 - [STDERR_REDIRECT] 
2026-01-11 13:49:15,705 [ERROR] LogOutputStream:75 - [STDERR_REDIRECT] [Fatal Error] :1:1: Premature end of file.
2026-01-11 13:49:15,705 [ERROR] LogOutputStream:75 - [STDERR_REDIRECT] 
2026-01-11 13:49:16,707 [ERROR] LogOutputStream:75 - [STDERR_REDIRECT] [Fatal Error] :1:1: Premature end of file.
2026-01-11 13:49:16,707 [ERROR] LogOutputStream:75 - [STDERR_REDIRECT] 
2026-01-11 13:49:17,704 [ERROR] LogOutputStream:75 - [STDERR_REDIRECT] [Fatal Error] :1:1: Premature end of file.
2026-01-11 13:49:17,704 [ERROR] LogOutputStream:75 - [STDERR_REDIRECT] 
2026-01-11 13:49:18,705 [ERROR] LogOutputStream:75 - [STDERR_REDIRECT] [Fatal Error] :1:1: Premature end of file.
2026-01-11 13:49:18,705 [ERROR] LogOutputStream:75 - [STDERR_REDIRECT] 
2026-01-11 13:49:19,704 [ERROR] LogOutputStream:75 - [STDERR_REDIRECT] [Fatal Error] :1:1: Premature end of file.
2026-01-11 13:49:19,704 [ERROR] LogOutputStream:75 - [STDERR_REDIRECT] 
2026-01-11 13:49:20,706 [ERROR] LogOutputStream:75 - [STDERR_REDIRECT] [Fatal Error] :1:1: Premature end of file.
2026-01-11 13:49:20,706 [ERROR] LogOutputStream:75 - [STDERR_REDIRECT] 
2026-01-11 13:49:21,705 [ERROR] LogOutputStream:75 - [STDERR_REDIRECT] [Fatal Error] :1:1: Premature end of file.
2026-01-11 13:49:21,705 [ERROR] LogOutputStream:75 - [STDERR_REDIRECT] 
2026-01-11 13:49:22,708 [ERROR] LogOutputStream:75 - [STDERR_REDIRECT] [Fatal Error] :1:1: Premature end of file.
2026-01-11 13:49:22,708 [ERROR] LogOutputStream:75 - [STDERR_REDIRECT] 
2026-01-11 13:49:23,705 [ERROR] LogOutputStream:75 - [STDERR_REDIRECT] [Fatal Error] :1:1: Premature end of file.
2026-01-11 13:49:23,706 [ERROR] LogOutputStream:75 - [STDERR_REDIRECT] 
2026-01-11 13:49:24,705 [ERROR] LogOutputStream:75 - [STDERR_REDIRECT] [Fatal Error] :1:1: Premature end of file.
2026-01-11 13:49:24,705 [ERROR] LogOutputStream:75 - [STDERR_REDIRECT] 
2026-01-11 13:49:25,707 [ERROR] LogOutputStream:75 - [STDERR_REDIRECT] [Fatal Error] :1:1: Premature end of file.
2026-01-11 13:49:25,707 [ERROR] LogOutputStream:75 - [STDERR_REDIRECT] 
2026-01-11 13:49:26,708 [ERROR] LogOutputStream:75 - [STDERR_REDIRECT] [Fatal Error] :1:1: Premature end of file.
2026-01-11 13:49:26,708 [ERROR] LogOutputStream:75 - [STDERR_REDIRECT] 
2026-01-11 13:49:27,705 [ERROR] LogOutputStream:75 - [STDERR_REDIRECT] [Fatal Error] :1:1: Premature end of file.
2026-01-11 13:49:27,705 [ERROR] LogOutputStream:75 - [STDERR_REDIRECT] 
2026-01-11 13:49:28,705 [ERROR] LogOutputStream:75 - [STDERR_REDIRECT] [Fatal Error] :1:1: Premature end of file.
2026-01-11 13:49:28,705 [ERROR] LogOutputStream:75 - [STDERR_REDIRECT] 
2026-01-11 13:49:29,705 [ERROR] LogOutputStream:75 - [STDERR_REDIRECT] [Fatal Error] :1:1: Premature end of file.
2026-01-11 13:49:29,705 [ERROR] LogOutputStream:75 - [STDERR_REDIRECT] 
2026-01-11 13:49:30,705 [ERROR] LogOutputStream:75 - [STDERR_REDIRECT] [Fatal Error] :1:1: Premature end of file.
2026-01-11 13:49:30,705 [ERROR] LogOutputStream:75 - [STDERR_REDIRECT] 
2026-01-11 13:49:31,706 [ERROR] LogOutputStream:75 - [STDERR_REDIRECT] [Fatal Error] :1:1: Premature end of file.
2026-01-11 13:49:31,706 [ERROR] LogOutputStream:75 - [STDERR_REDIRECT] 
2026-01-11 13:49:32,704 [ERROR] LogOutputStream:75 - [STDERR_REDIRECT] [Fatal Error] :1:1: Premature end of file.
2026-01-11 13:49:32,704 [ERROR] LogOutputStream:75 - [STDERR_REDIRECT] 
2026-01-11 13:49:33,707 [ERROR] LogOutputStream:75 - [STDERR_REDIRECT] [Fatal Error] :1:1: Premature end of file.
2026-01-11 13:49:33,707 [ERROR] LogOutputStream:75 - [STDERR_REDIRECT] 
2026-01-11 13:49:34,709 [ERROR] LogOutputStream:75 - [STDERR_REDIRECT] [Fatal Error] :1:1: Premature end of file.
2026-01-11 13:49:34,709 [ERROR] LogOutputStream:75 - [STDERR_REDIRECT] 
2026-01-11 13:49:35,710 [ERROR] LogOutputStream:75 - [STDERR_REDIRECT] [Fatal Error] :1:1: Premature end of file.
2026-01-11 13:49:35,710 [ERROR] LogOutputStream:75 - [STDERR_REDIRECT] 
2026-01-11 13:49:36,703 [ERROR] LogOutputStream:75 - [STDERR_REDIRECT] [Fatal Error] :1:1: Premature end of file.
2026-01-11 13:49:36,703 [ERROR] LogOutputStream:75 - [STDERR_REDIRECT] 
2026-01-11 13:49:37,707 [ERROR] LogOutputStream:75 - [STDERR_REDIRECT] [Fatal Error] :1:1: Premature end of file.
2026-01-11 13:49:37,707 [ERROR] LogOutputStream:75 - [STDERR_REDIRECT] 
2026-01-11 13:49:38,704 [ERROR] LogOutputStream:75 - [STDERR_REDIRECT] [Fatal Error] :1:1: Premature end of file.
2026-01-11 13:49:38,704 [ERROR] LogOutputStream:75 - [STDERR_REDIRECT] 
2026-01-11 13:49:39,708 [ERROR] LogOutputStream:75 - [STDERR_REDIRECT] [Fatal Error] :1:1: Premature end of file.
2026-01-11 13:49:39,708 [ERROR] LogOutputStream:75 - [STDERR_REDIRECT] 
2026-01-11 13:49:40,713 [ERROR] LogOutputStream:75 - [STDERR_REDIRECT] [Fatal Error] :1:1: Premature end of file.
2026-01-11 13:49:40,713 [ERROR] LogOutputStream:75 - [STDERR_REDIRECT] 
2026-01-11 13:49:41,707 [ERROR] LogOutputStream:75 - [STDERR_REDIRECT] [Fatal Error] :1:1: Premature end of file.
2026-01-11 13:49:41,707 [ERROR] LogOutputStream:75 - [STDERR_REDIRECT] 
2026-01-11 13:49:42,711 [ERROR] LogOutputStream:75 - [STDERR_REDIRECT] [Fatal Error] :1:1: Premature end of file.
2026-01-11 13:49:42,712 [ERROR] LogOutputStream:75 - [STDERR_REDIRECT] 
2026-01-11 13:49:43,706 [ERROR] LogOutputStream:75 - [STDERR_REDIRECT] [Fatal Error] :1:1: Premature end of file.
2026-01-11 13:49:43,707 [ERROR] LogOutputStream:75 - [STDERR_REDIRECT] 
2026-01-11 13:49:44,708 [ERROR] LogOutputStream:75 - [STDERR_REDIRECT] [Fatal Error] :1:1: Premature end of file.
2026-01-11 13:49:44,708 [ERROR] LogOutputStream:75 - [STDERR_REDIRECT] 
2026-01-11 13:49:45,706 [ERROR] LogOutputStream:75 - [STDERR_REDIRECT] [Fatal Error] :1:1: Premature end of file.
2026-01-11 13:49:45,706 [ERROR] LogOutputStream:75 - [STDERR_REDIRECT] 
2026-01-11 13:49:46,705 [ERROR] LogOutputStream:75 - [STDERR_REDIRECT] [Fatal Error] :1:1: Premature end of file.
2026-01-11 13:49:46,705 [ERROR] LogOutputStream:75 - [STDERR_REDIRECT] 
2026-01-11 13:49:47,709 [ERROR] LogOutputStream:75 - [STDERR_REDIRECT] [Fatal Error] :1:1: Premature end of file.
2026-01-11 13:49:47,709 [ERROR] LogOutputStream:75 - [STDERR_REDIRECT] 
2026-01-11 13:49:48,705 [ERROR] LogOutputStream:75 - [STDERR_REDIRECT] [Fatal Error] :1:1: Premature end of file.
2026-01-11 13:49:48,705 [ERROR] LogOutputStream:75 - [STDERR_REDIRECT] 
2026-01-11 13:49:49,713 [ERROR] LogOutputStream:75 - [STDERR_REDIRECT] [Fatal Error] :1:1: Premature end of file.
2026-01-11 13:49:49,713 [ERROR] LogOutputStream:75 - [STDERR_REDIRECT] 
2026-01-11 13:49:50,706 [ERROR] LogOutputStream:75 - [STDERR_REDIRECT] [Fatal Error] :1:1: Premature end of file.
2026-01-11 13:49:50,707 [ERROR] LogOutputStream:75 - [STDERR_REDIRECT] 
2026-01-11 13:49:51,706 [ERROR] LogOutputStream:75 - [STDERR_REDIRECT] [Fatal Error] :1:1: Premature end of file.
2026-01-11 13:49:51,706 [ERROR] LogOutputStream:75 - [STDERR_REDIRECT] 
2026-01-11 13:49:52,705 [ERROR] LogOutputStream:75 - [STDERR_REDIRECT] [Fatal Error] :1:1: Premature end of file.
2026-01-11 13:49:52,705 [ERROR] LogOutputStream:75 - [STDERR_REDIRECT] 
2026-01-11 13:49:53,717 [ERROR] LogOutputStream:75 - [STDERR_REDIRECT] [Fatal Error] :1:1: Premature end of file.
2026-01-11 13:49:53,717 [ERROR] LogOutputStream:75 - [STDERR_REDIRECT] 
2026-01-11 13:49:54,708 [ERROR] LogOutputStream:75 - [STDERR_REDIRECT] [Fatal Error] :1:1: Premature end of file.
2026-01-11 13:49:54,708 [ERROR] LogOutputStream:75 - [STDERR_REDIRECT] 
2026-01-11 13:49:55,705 [ERROR] LogOutputStream:75 - [STDERR_REDIRECT] [Fatal Error] :1:1: Premature end of file.
2026-01-11 13:49:55,705 [ERROR] LogOutputStream:75 - [STDERR_REDIRECT] 
2026-01-11 13:49:56,705 [ERROR] LogOutputStream:75 - [STDERR_REDIRECT] [Fatal Error] :1:1: Premature end of file.
2026-01-11 13:49:56,705 [ERROR] LogOutputStream:75 - [STDERR_REDIRECT] 
2026-01-11 13:49:57,713 [ERROR] LogOutputStream:75 - [STDERR_REDIRECT] [Fatal Error] :1:1: Premature end of file.
2026-01-11 13:49:57,713 [ERROR] LogOutputStream:75 - [STDERR_REDIRECT] 
2026-01-11 13:49:58,710 [ERROR] LogOutputStream:75 - [STDERR_REDIRECT] [Fatal Error] :1:1: Premature end of file.
2026-01-11 13:49:58,710 [ERROR] LogOutputStream:75 - [STDERR_REDIRECT] 
2026-01-11 13:49:59,711 [ERROR] LogOutputStream:75 - [STDERR_REDIRECT] [Fatal Error] :1:1: Premature end of file.
2026-01-11 13:49:59,711 [ERROR] LogOutputStream:75 - [STDERR_REDIRECT] 
2026-01-11 13:50:00,713 [ERROR] LogOutputStream:75 - [STDERR_REDIRECT] [Fatal Error] :1:1: Premature end of file.
2026-01-11 13:50:00,713 [ERROR] LogOutputStream:75 - [STDERR_REDIRECT] 
2026-01-11 13:50:01,710 [ERROR] LogOutputStream:75 - [STDERR_REDIRECT] [Fatal Error] :1:1: Premature end of file.
2026-01-11 13:50:01,710 [ERROR] LogOutputStream:75 - [STDERR_REDIRECT] 
2026-01-11 13:50:02,714 [ERROR] LogOutputStream:75 - [STDERR_REDIRECT] [Fatal Error] :1:1: Premature end of file.
2026-01-11 13:50:02,714 [ERROR] LogOutputStream:75 - [STDERR_REDIRECT] 
2026-01-11 13:50:03,709 [ERROR] LogOutputStream:75 - [STDERR_REDIRECT] [Fatal Error] :1:1: Premature end of file.
2026-01-11 13:50:03,709 [ERROR] LogOutputStream:75 - [STDERR_REDIRECT] 
2026-01-11 13:50:04,706 [ERROR] LogOutputStream:75 - [STDERR_REDIRECT] [Fatal Error] :1:1: Premature end of file.
2026-01-11 13:50:04,706 [ERROR] LogOutputStream:75 - [STDERR_REDIRECT] 
2026-01-11 13:50:05,706 [ERROR] LogOutputStream:75 - [STDERR_REDIRECT] [Fatal Error] :1:1: Premature end of file.
2026-01-11 13:50:05,706 [ERROR] LogOutputStream:75 - [STDERR_REDIRECT] 
2026-01-11 13:50:06,704 [ERROR] LogOutputStream:75 - [STDERR_REDIRECT] [Fatal Error] :1:1: Premature end of file.
2026-01-11 13:50:06,704 [ERROR] LogOutputStream:75 - [STDERR_REDIRECT] 
2026-01-11 13:50:07,705 [ERROR] LogOutputStream:75 - [STDERR_REDIRECT] [Fatal Error] :1:1: Premature end of file.
2026-01-11 13:50:07,705 [ERROR] LogOutputStream:75 - [STDERR_REDIRECT] 
2026-01-11 13:50:08,705 [ERROR] LogOutputStream:75 - [STDERR_REDIRECT] [Fatal Error] :1:1: Premature end of file.
2026-01-11 13:50:08,706 [ERROR] LogOutputStream:75 - [STDERR_REDIRECT] 
2026-01-11 13:50:09,706 [ERROR] LogOutputStream:75 - [STDERR_REDIRECT] [Fatal Error] :1:1: Premature end of file.
2026-01-11 13:50:09,706 [ERROR] LogOutputStream:75 - [STDERR_REDIRECT] 
2026-01-11 13:50:10,705 [ERROR] LogOutputStream:75 - [STDERR_REDIRECT] [Fatal Error] :1:1: Premature end of file.
2026-01-11 13:50:10,705 [ERROR] LogOutputStream:75 - [STDERR_REDIRECT] 
2026-01-11 13:50:11,707 [ERROR] LogOutputStream:75 - [STDERR_REDIRECT] [Fatal Error] :1:1: Premature end of file.
2026-01-11 13:50:11,707 [ERROR] LogOutputStream:75 - [STDERR_REDIRECT] 
2026-01-11 13:50:12,708 [ERROR] LogOutputStream:75 - [STDERR_REDIRECT] [Fatal Error] :1:1: Premature end of file.
2026-01-11 13:50:12,708 [ERROR] LogOutputStream:75 - [STDERR_REDIRECT] 
2026-01-11 13:50:13,704 [ERROR] LogOutputStream:75 - [STDERR_REDIRECT] [Fatal Error] :1:1: Premature end of file.
2026-01-11 13:50:13,705 [ERROR] LogOutputStream:75 - [STDERR_REDIRECT] 
2026-01-11 13:50:14,710 [ERROR] LogOutputStream:75 - [STDERR_REDIRECT] [Fatal Error] :1:1: Premature end of file.
2026-01-11 13:50:14,710 [ERROR] LogOutputStream:75 - [STDERR_REDIRECT] 
2026-01-11 13:50:15,705 [ERROR] LogOutputStream:75 - [STDERR_REDIRECT] [Fatal Error] :1:1: Premature end of file.
2026-01-11 13:50:15,705 [ERROR] LogOutputStream:75 - [STDERR_REDIRECT] 
2026-01-11 13:50:16,711 [ERROR] LogOutputStream:75 - [STDERR_REDIRECT] [Fatal Error] :1:1: Premature end of file.
2026-01-11 13:50:16,713 [ERROR] LogOutputStream:75 - [STDERR_REDIRECT] 
2026-01-11 13:50:17,712 [ERROR] LogOutputStream:75 - [STDERR_REDIRECT] [Fatal Error] :1:1: Premature end of file.
2026-01-11 13:50:17,712 [ERROR] LogOutputStream:75 - [STDERR_REDIRECT] 
2026-01-11 13:50:18,711 [ERROR] LogOutputStream:75 - [STDERR_REDIRECT] [Fatal Error] :1:1: Premature end of file.
2026-01-11 13:50:18,711 [ERROR] LogOutputStream:75 - [STDERR_REDIRECT] 
2026-01-11 13:50:19,709 [ERROR] LogOutputStream:75 - [STDERR_REDIRECT] [Fatal Error] :1:1: Premature end of file.
2026-01-11 13:50:19,710 [ERROR] LogOutputStream:75 - [STDERR_REDIRECT] 
2026-01-11 13:50:20,711 [ERROR] LogOutputStream:75 - [STDERR_REDIRECT] [Fatal Error] :1:1: Premature end of file.
2026-01-11 13:50:20,711 [ERROR] LogOutputStream:75 - [STDERR_REDIRECT] 
2026-01-11 13:50:21,713 [ERROR] LogOutputStream:75 - [STDERR_REDIRECT] [Fatal Error] :1:1: Premature end of file.
2026-01-11 13:50:21,713 [ERROR] LogOutputStream:75 - [STDERR_REDIRECT] 
2026-01-11 13:50:22,710 [ERROR] LogOutputStream:75 - [STDERR_REDIRECT] [Fatal Error] :1:1: Premature end of file.
2026-01-11 13:50:22,710 [ERROR] LogOutputStream:75 - [STDERR_REDIRECT] 
2026-01-11 13:50:23,710 [ERROR] LogOutputStream:75 - [STDERR_REDIRECT] [Fatal Error] :1:1: Premature end of file.
2026-01-11 13:50:23,710 [ERROR] LogOutputStream:75 - [STDERR_REDIRECT] 
2026-01-11 13:50:24,709 [ERROR] LogOutputStream:75 - [STDERR_REDIRECT] [Fatal Error] :1:1: Premature end of file.
2026-01-11 13:50:24,709 [ERROR] LogOutputStream:75 - [STDERR_REDIRECT] 
2026-01-11 13:50:25,706 [ERROR] LogOutputStream:75 - [STDERR_REDIRECT] [Fatal Error] :1:1: Premature end of file.
2026-01-11 13:50:25,706 [ERROR] LogOutputStream:75 - [STDERR_REDIRECT] 
2026-01-11 13:50:26,709 [ERROR] LogOutputStream:75 - [STDERR_REDIRECT] [Fatal Error] :1:1: Premature end of file.
2026-01-11 13:50:26,709 [ERROR] LogOutputStream:75 - [STDERR_REDIRECT] 
2026-01-11 13:50:27,708 [ERROR] LogOutputStream:75 - [STDERR_REDIRECT] [Fatal Error] :1:1: Premature end of file.
2026-01-11 13:50:27,708 [ERROR] LogOutputStream:75 - [STDERR_REDIRECT] 
2026-01-11 13:50:28,710 [ERROR] LogOutputStream:75 - [STDERR_REDIRECT] [Fatal Error] :1:1: Premature end of file.
2026-01-11 13:50:28,710 [ERROR] LogOutputStream:75 - [STDERR_REDIRECT] 
2026-01-11 13:50:29,709 [ERROR] LogOutputStream:75 - [STDERR_REDIRECT] [Fatal Error] :1:1: Premature end of file.
2026-01-11 13:50:29,709 [ERROR] LogOutputStream:75 - [STDERR_REDIRECT] 
2026-01-11 13:50:30,712 [ERROR] LogOutputStream:75 - [STDERR_REDIRECT] [Fatal Error] :1:1: Premature end of file.
2026-01-11 13:50:30,712 [ERROR] LogOutputStream:75 - [STDERR_REDIRECT] 
2026-01-11 13:50:31,711 [ERROR] LogOutputStream:75 - [STDERR_REDIRECT] [Fatal Error] :1:1: Premature end of file.
2026-01-11 13:50:31,711 [ERROR] LogOutputStream:75 - [STDERR_REDIRECT] 
2026-01-11 13:50:32,708 [ERROR] LogOutputStream:75 - [STDERR_REDIRECT] [Fatal Error] :1:1: Premature end of file.
2026-01-11 13:50:32,708 [ERROR] LogOutputStream:75 - [STDERR_REDIRECT] 
2026-01-11 13:50:33,708 [ERROR] LogOutputStream:75 - [STDERR_REDIRECT] [Fatal Error] :1:1: Premature end of file.
2026-01-11 13:50:33,709 [ERROR] LogOutputStream:75 - [STDERR_REDIRECT] 
2026-01-11 13:50:34,709 [ERROR] LogOutputStream:75 - [STDERR_REDIRECT] [Fatal Error] :1:1: Premature end of file.
2026-01-11 13:50:34,709 [ERROR] LogOutputStream:75 - [STDERR_REDIRECT] 
2026-01-11 13:50:35,713 [ERROR] LogOutputStream:75 - [STDERR_REDIRECT] [Fatal Error] :1:1: Premature end of file.
2026-01-11 13:50:35,713 [ERROR] LogOutputStream:75 - [STDERR_REDIRECT] 
2026-01-11 13:50:36,707 [ERROR] LogOutputStream:75 - [STDERR_REDIRECT] [Fatal Error] :1:1: Premature end of file.
2026-01-11 13:50:36,708 [ERROR] LogOutputStream:75 - [STDERR_REDIRECT] 
2026-01-11 13:50:37,709 [ERROR] LogOutputStream:75 - [STDERR_REDIRECT] [Fatal Error] :1:1: Premature end of file.
2026-01-11 13:50:37,709 [ERROR] LogOutputStream:75 - [STDERR_REDIRECT] 
2026-01-11 13:50:38,710 [ERROR] LogOutputStream:75 - [STDERR_REDIRECT] [Fatal Error] :1:1: Premature end of file.
2026-01-11 13:50:38,710 [ERROR] LogOutputStream:75 - [STDERR_REDIRECT] 
2026-01-11 13:50:39,710 [ERROR] LogOutputStream:75 - [STDERR_REDIRECT] [Fatal Error] :1:1: Premature end of file.
2026-01-11 13:50:39,710 [ERROR] LogOutputStream:75 - [STDERR_REDIRECT] 
2026-01-11 13:50:40,712 [ERROR] LogOutputStream:75 - [STDERR_REDIRECT] [Fatal Error] :1:1: Premature end of file.
2026-01-11 13:50:40,712 [ERROR] LogOutputStream:75 - [STDERR_REDIRECT] 
2026-01-11 13:50:41,710 [ERROR] LogOutputStream:75 - [STDERR_REDIRECT] [Fatal Error] :1:1: Premature end of file.
2026-01-11 13:50:41,711 [ERROR] LogOutputStream:75 - [STDERR_REDIRECT] 
2026-01-11 13:50:42,711 [ERROR] LogOutputStream:75 - [STDERR_REDIRECT] [Fatal Error] :1:1: Premature end of file.
2026-01-11 13:50:42,711 [ERROR] LogOutputStream:75 - [STDERR_REDIRECT] 
2026-01-11 13:50:43,703 [ERROR] LogOutputStream:75 - [STDERR_REDIRECT] [Fatal Error] :1:1: Premature end of file.
2026-01-11 13:50:43,704 [ERROR] LogOutputStream:75 - [STDERR_REDIRECT] 
2026-01-11 13:50:44,705 [ERROR] LogOutputStream:75 - [STDERR_REDIRECT] [Fatal Error] :1:1: Premature end of file.
2026-01-11 13:50:44,705 [ERROR] LogOutputStream:75 - [STDERR_REDIRECT] 
2026-01-11 13:50:45,705 [ERROR] LogOutputStream:75 - [STDERR_REDIRECT] [Fatal Error] :1:1: Premature end of file.
2026-01-11 13:50:45,705 [ERROR] LogOutputStream:75 - [STDERR_REDIRECT] 
2026-01-11 13:50:46,705 [ERROR] LogOutputStream:75 - [STDERR_REDIRECT] [Fatal Error] :1:1: Premature end of file.
2026-01-11 13:50:46,705 [ERROR] LogOutputStream:75 - [STDERR_REDIRECT] 
2026-01-11 13:50:47,704 [ERROR] LogOutputStream:75 - [STDERR_REDIRECT] [Fatal Error] :1:1: Premature end of file.
2026-01-11 13:50:47,704 [ERROR] LogOutputStream:75 - [STDERR_REDIRECT] 
2026-01-11 13:50:48,704 [ERROR] LogOutputStream:75 - [STDERR_REDIRECT] [Fatal Error] :1:1: Premature end of file.
2026-01-11 13:50:48,704 [ERROR] LogOutputStream:75 - [STDERR_REDIRECT] 
2026-01-11 13:50:49,705 [ERROR] LogOutputStream:75 - [STDERR_REDIRECT] [Fatal Error] :1:1: Premature end of file.
2026-01-11 13:50:49,705 [ERROR] LogOutputStream:75 - [STDERR_REDIRECT] 
2026-01-11 13:50:50,706 [ERROR] LogOutputStream:75 - [STDERR_REDIRECT] [Fatal Error] :1:1: Premature end of file.
2026-01-11 13:50:50,706 [ERROR] LogOutputStream:75 - [STDERR_REDIRECT] 
2026-01-11 13:50:51,704 [ERROR] LogOutputStream:75 - [STDERR_REDIRECT] [Fatal Error] :1:1: Premature end of file.
2026-01-11 13:50:51,704 [ERROR] LogOutputStream:75 - [STDERR_REDIRECT] 
2026-01-11 13:50:52,704 [ERROR] LogOutputStream:75 - [STDERR_REDIRECT] [Fatal Error] :1:1: Premature end of file.
2026-01-11 13:50:52,704 [ERROR] LogOutputStream:75 - [STDERR_REDIRECT] 
2026-01-11 13:50:53,704 [ERROR] LogOutputStream:75 - [STDERR_REDIRECT] [Fatal Error] :1:1: Premature end of file.
2026-01-11 13:50:53,704 [ERROR] LogOutputStream:75 - [STDERR_REDIRECT] 
2026-01-11 13:50:54,710 [ERROR] LogOutputStream:75 - [STDERR_REDIRECT] [Fatal Error] :1:1: Premature end of file.
2026-01-11 13:50:54,710 [ERROR] LogOutputStream:75 - [STDERR_REDIRECT] 
2026-01-11 13:50:55,708 [ERROR] LogOutputStream:75 - [STDERR_REDIRECT] [Fatal Error] :1:1: Premature end of file.
2026-01-11 13:50:55,708 [ERROR] LogOutputStream:75 - [STDERR_REDIRECT] 
2026-01-11 13:50:56,729 [ERROR] LogOutputStream:75 - [STDERR_REDIRECT] [Fatal Error] :1:1: Premature end of file.
2026-01-11 13:50:56,729 [ERROR] LogOutputStream:75 - [STDERR_REDIRECT] 
2026-01-11 13:50:57,709 [ERROR] LogOutputStream:75 - [STDERR_REDIRECT] [Fatal Error] :1:1: Premature end of file.
2026-01-11 13:50:57,709 [ERROR] LogOutputStream:75 - [STDERR_REDIRECT] 
2026-01-11 13:50:58,713 [ERROR] LogOutputStream:75 - [STDERR_REDIRECT] [Fatal Error] :1:1: Premature end of file.
2026-01-11 13:50:58,713 [ERROR] LogOutputStream:75 - [STDERR_REDIRECT] 
2026-01-11 13:50:59,709 [ERROR] LogOutputStream:75 - [STDERR_REDIRECT] [Fatal Error] :1:1: Premature end of file.
2026-01-11 13:50:59,709 [ERROR] LogOutputStream:75 - [STDERR_REDIRECT] 
2026-01-11 13:51:00,707 [ERROR] LogOutputStream:75 - [STDERR_REDIRECT] [Fatal Error] :1:1: Premature end of file.
2026-01-11 13:51:00,707 [ERROR] LogOutputStream:75 - [STDERR_REDIRECT] 
2026-01-11 13:51:01,703 [ERROR] LogOutputStream:75 - [STDERR_REDIRECT] [Fatal Error] :1:1: Premature end of file.
2026-01-11 13:51:01,703 [ERROR] LogOutputStream:75 - [STDERR_REDIRECT] 
2026-01-11 13:51:02,703 [ERROR] LogOutputStream:75 - [STDERR_REDIRECT] [Fatal Error] :1:1: Premature end of file.
2026-01-11 13:51:02,704 [ERROR] LogOutputStream:75 - [STDERR_REDIRECT] 
2026-01-11 13:51:03,706 [ERROR] LogOutputStream:75 - [STDERR_REDIRECT] [Fatal Error] :1:1: Premature end of file.
2026-01-11 13:51:03,707 [ERROR] LogOutputStream:75 - [STDERR_REDIRECT] 
2026-01-11 13:51:04,703 [ERROR] LogOutputStream:75 - [STDERR_REDIRECT] [Fatal Error] :1:1: Premature end of file.
2026-01-11 13:51:04,703 [ERROR] LogOutputStream:75 - [STDERR_REDIRECT] 
2026-01-11 13:51:05,705 [ERROR] LogOutputStream:75 - [STDERR_REDIRECT] [Fatal Error] :1:1: Premature end of file.
2026-01-11 13:51:05,705 [ERROR] LogOutputStream:75 - [STDERR_REDIRECT] 
2026-01-11 13:51:06,705 [ERROR] LogOutputStream:75 - [STDERR_REDIRECT] [Fatal Error] :1:1: Premature end of file.
2026-01-11 13:51:06,706 [ERROR] LogOutputStream:75 - [STDERR_REDIRECT] 
2026-01-11 13:51:07,705 [ERROR] LogOutputStream:75 - [STDERR_REDIRECT] [Fatal Error] :1:1: Premature end of file.
2026-01-11 13:51:07,705 [ERROR] LogOutputStream:75 - [STDERR_REDIRECT] 
2026-01-11 13:51:08,705 [ERROR] LogOutputStream:75 - [STDERR_REDIRECT] [Fatal Error] :1:1: Premature end of file.
2026-01-11 13:51:08,705 [ERROR] LogOutputStream:75 - [STDERR_REDIRECT] 
2026-01-11 13:51:09,706 [ERROR] LogOutputStream:75 - [STDERR_REDIRECT] [Fatal Error] :1:1: Premature end of file.
2026-01-11 13:51:09,706 [ERROR] LogOutputStream:75 - [STDERR_REDIRECT] 
2026-01-11 13:51:10,703 [ERROR] LogOutputStream:75 - [STDERR_REDIRECT] [Fatal Error] :1:1: Premature end of file.
2026-01-11 13:51:10,703 [ERROR] LogOutputStream:75 - [STDERR_REDIRECT] 
2026-01-11 13:51:11,705 [ERROR] LogOutputStream:75 - [STDERR_REDIRECT] [Fatal Error] :1:1: Premature end of file.
2026-01-11 13:51:11,705 [ERROR] LogOutputStream:75 - [STDERR_REDIRECT] 
2026-01-11 13:51:12,704 [ERROR] LogOutputStream:75 - [STDERR_REDIRECT] [Fatal Error] :1:1: Premature end of file.
2026-01-11 13:51:12,704 [ERROR] LogOutputStream:75 - [STDERR_REDIRECT] 
2026-01-11 13:51:13,705 [ERROR] LogOutputStream:75 - [STDERR_REDIRECT] [Fatal Error] :1:1: Premature end of file.
2026-01-11 13:51:13,705 [ERROR] LogOutputStream:75 - [STDERR_REDIRECT] 
2026-01-11 13:51:14,704 [ERROR] LogOutputStream:75 - [STDERR_REDIRECT] [Fatal Error] :1:1: Premature end of file.
2026-01-11 13:51:14,704 [ERROR] LogOutputStream:75 - [STDERR_REDIRECT] 
2026-01-11 13:51:15,704 [ERROR] LogOutputStream:75 - [STDERR_REDIRECT] [Fatal Error] :1:1: Premature end of file.
2026-01-11 13:51:15,704 [ERROR] LogOutputStream:75 - [STDERR_REDIRECT] 
2026-01-11 13:51:16,703 [ERROR] LogOutputStream:75 - [STDERR_REDIRECT] [Fatal Error] :1:1: Premature end of file.
2026-01-11 13:51:16,703 [ERROR] LogOutputStream:75 - [STDERR_REDIRECT] 
2026-01-11 13:51:17,710 [ERROR] LogOutputStream:75 - [STDERR_REDIRECT] [Fatal Error] :1:1: Premature end of file.
2026-01-11 13:51:17,710 [ERROR] LogOutputStream:75 - [STDERR_REDIRECT] 
2026-01-11 13:51:18,707 [ERROR] LogOutputStream:75 - [STDERR_REDIRECT] [Fatal Error] :1:1: Premature end of file.
2026-01-11 13:51:18,707 [ERROR] LogOutputStream:75 - [STDERR_REDIRECT] 
2026-01-11 13:51:19,703 [ERROR] LogOutputStream:75 - [STDERR_REDIRECT] [Fatal Error] :1:1: Premature end of file.
2026-01-11 13:51:19,703 [ERROR] LogOutputStream:75 - [STDERR_REDIRECT] 
2026-01-11 13:51:20,705 [ERROR] LogOutputStream:75 - [STDERR_REDIRECT] [Fatal Error] :1:1: Premature end of file.
2026-01-11 13:51:20,705 [ERROR] LogOutputStream:75 - [STDERR_REDIRECT] 
2026-01-11 13:51:21,704 [ERROR] LogOutputStream:75 - [STDERR_REDIRECT] [Fatal Error] :1:1: Premature end of file.
2026-01-11 13:51:21,704 [ERROR] LogOutputStream:75 - [STDERR_REDIRECT] 
2026-01-11 13:51:22,703 [ERROR] LogOutputStream:75 - [STDERR_REDIRECT] [Fatal Error] :1:1: Premature end of file.
2026-01-11 13:51:22,703 [ERROR] LogOutputStream:75 - [STDERR_REDIRECT] 
2026-01-11 13:51:23,705 [ERROR] LogOutputStream:75 - [STDERR_REDIRECT] [Fatal Error] :1:1: Premature end of file.
2026-01-11 13:51:23,705 [ERROR] LogOutputStream:75 - [STDERR_REDIRECT] 
2026-01-11 13:51:24,704 [ERROR] LogOutputStream:75 - [STDERR_REDIRECT] [Fatal Error] :1:1: Premature end of file.
2026-01-11 13:51:24,705 [ERROR] LogOutputStream:75 - [STDERR_REDIRECT] 
2026-01-11 13:51:25,705 [ERROR] LogOutputStream:75 - [STDERR_REDIRECT] [Fatal Error] :1:1: Premature end of file.
2026-01-11 13:51:25,705 [ERROR] LogOutputStream:75 - [STDERR_REDIRECT] 
2026-01-11 13:51:26,706 [ERROR] LogOutputStream:75 - [STDERR_REDIRECT] [Fatal Error] :1:1: Premature end of file.
2026-01-11 13:51:26,706 [ERROR] LogOutputStream:75 - [STDERR_REDIRECT] 
2026-01-11 13:51:27,707 [ERROR] LogOutputStream:75 - [STDERR_REDIRECT] [Fatal Error] :1:1: Premature end of file.
2026-01-11 13:51:27,707 [ERROR] LogOutputStream:75 - [STDERR_REDIRECT] 
2026-01-11 13:51:28,712 [ERROR] LogOutputStream:75 - [STDERR_REDIRECT] [Fatal Error] :1:1: Premature end of file.
2026-01-11 13:51:28,713 [ERROR] LogOutputStream:75 - [STDERR_REDIRECT] 
2026-01-11 13:51:29,706 [ERROR] LogOutputStream:75 - [STDERR_REDIRECT] [Fatal Error] :1:1: Premature end of file.
2026-01-11 13:51:29,706 [ERROR] LogOutputStream:75 - [STDERR_REDIRECT] 
2026-01-11 13:51:30,705 [ERROR] LogOutputStream:75 - [STDERR_REDIRECT] [Fatal Error] :1:1: Premature end of file.
2026-01-11 13:51:30,705 [ERROR] LogOutputStream:75 - [STDERR_REDIRECT] 
2026-01-11 13:51:31,705 [ERROR] LogOutputStream:75 - [STDERR_REDIRECT] [Fatal Error] :1:1: Premature end of file.
2026-01-11 13:51:31,705 [ERROR] LogOutputStream:75 - [STDERR_REDIRECT] 
2026-01-11 13:51:32,705 [ERROR] LogOutputStream:75 - [STDERR_REDIRECT] [Fatal Error] :1:1: Premature end of file.
2026-01-11 13:51:32,705 [ERROR] LogOutputStream:75 - [STDERR_REDIRECT] 
2026-01-11 13:51:33,703 [ERROR] LogOutputStream:75 - [STDERR_REDIRECT] [Fatal Error] :1:1: Premature end of file.
2026-01-11 13:51:33,704 [ERROR] LogOutputStream:75 - [STDERR_REDIRECT] 
2026-01-11 13:51:34,704 [ERROR] LogOutputStream:75 - [STDERR_REDIRECT] [Fatal Error] :1:1: Premature end of file.
2026-01-11 13:51:34,704 [ERROR] LogOutputStream:75 - [STDERR_REDIRECT] 
2026-01-11 13:51:35,704 [ERROR] LogOutputStream:75 - [STDERR_REDIRECT] [Fatal Error] :1:1: Premature end of file.
2026-01-11 13:51:35,704 [ERROR] LogOutputStream:75 - [STDERR_REDIRECT] 
2026-01-11 13:51:36,704 [ERROR] LogOutputStream:75 - [STDERR_REDIRECT] [Fatal Error] :1:1: Premature end of file.
2026-01-11 13:51:36,704 [ERROR] LogOutputStream:75 - [STDERR_REDIRECT] 
2026-01-11 13:51:37,707 [ERROR] LogOutputStream:75 - [STDERR_REDIRECT] [Fatal Error] :1:1: Premature end of file.
2026-01-11 13:51:37,708 [ERROR] LogOutputStream:75 - [STDERR_REDIRECT] 
2026-01-11 13:51:38,705 [ERROR] LogOutputStream:75 - [STDERR_REDIRECT] [Fatal Error] :1:1: Premature end of file.
2026-01-11 13:51:38,705 [ERROR] LogOutputStream:75 - [STDERR_REDIRECT] 
2026-01-11 13:51:39,710 [ERROR] LogOutputStream:75 - [STDERR_REDIRECT] [Fatal Error] :1:1: Premature end of file.
2026-01-11 13:51:39,710 [ERROR] LogOutputStream:75 - [STDERR_REDIRECT] 
2026-01-11 13:51:40,707 [ERROR] LogOutputStream:75 - [STDERR_REDIRECT] [Fatal Error] :1:1: Premature end of file.
2026-01-11 13:51:40,707 [ERROR] LogOutputStream:75 - [STDERR_REDIRECT] 
2026-01-11 13:51:41,706 [ERROR] LogOutputStream:75 - [STDERR_REDIRECT] [Fatal Error] :1:1: Premature end of file.
2026-01-11 13:51:41,706 [ERROR] LogOutputStream:75 - [STDERR_REDIRECT] 
2026-01-11 13:51:42,704 [ERROR] LogOutputStream:75 - [STDERR_REDIRECT] [Fatal Error] :1:1: Premature end of file.
2026-01-11 13:51:42,704 [ERROR] LogOutputStream:75 - [STDERR_REDIRECT] 
2026-01-11 13:51:43,708 [ERROR] LogOutputStream:75 - [STDERR_REDIRECT] [Fatal Error] :1:1: Premature end of file.
2026-01-11 13:51:43,708 [ERROR] LogOutputStream:75 - [STDERR_REDIRECT] 
2026-01-11 13:51:44,707 [ERROR] LogOutputStream:75 - [STDERR_REDIRECT] [Fatal Error] :1:1: Premature end of file.
2026-01-11 13:51:44,707 [ERROR] LogOutputStream:75 - [STDERR_REDIRECT] 
2026-01-11 13:51:45,705 [ERROR] LogOutputStream:75 - [STDERR_REDIRECT] [Fatal Error] :1:1: Premature end of file.
2026-01-11 13:51:45,705 [ERROR] LogOutputStream:75 - [STDERR_REDIRECT] 
2026-01-11 13:51:46,706 [ERROR] LogOutputStream:75 - [STDERR_REDIRECT] [Fatal Error] :1:1: Premature end of file.
2026-01-11 13:51:46,706 [ERROR] LogOutputStream:75 - [STDERR_REDIRECT] 
2026-01-11 13:51:47,705 [ERROR] LogOutputStream:75 - [STDERR_REDIRECT] [Fatal Error] :1:1: Premature end of file.
2026-01-11 13:51:47,705 [ERROR] LogOutputStream:75 - [STDERR_REDIRECT] 
2026-01-11 13:51:48,704 [ERROR] LogOutputStream:75 - [STDERR_REDIRECT] [Fatal Error] :1:1: Premature end of file.
2026-01-11 13:51:48,704 [ERROR] LogOutputStream:75 - [STDERR_REDIRECT] 
2026-01-11 13:51:49,708 [ERROR] LogOutputStream:75 - [STDERR_REDIRECT] [Fatal Error] :1:1: Premature end of file.
2026-01-11 13:51:49,708 [ERROR] LogOutputStream:75 - [STDERR_REDIRECT] 
2026-01-11 13:51:50,709 [ERROR] LogOutputStream:75 - [STDERR_REDIRECT] [Fatal Error] :1:1: Premature end of file.
2026-01-11 13:51:50,709 [ERROR] LogOutputStream:75 - [STDERR_REDIRECT] 
2026-01-11 13:51:51,710 [ERROR] LogOutputStream:75 - [STDERR_REDIRECT] [Fatal Error] :1:1: Premature end of file.
2026-01-11 13:51:51,711 [ERROR] LogOutputStream:75 - [STDERR_REDIRECT] 
2026-01-11 13:51:52,709 [ERROR] LogOutputStream:75 - [STDERR_REDIRECT] [Fatal Error] :1:1: Premature end of file.
2026-01-11 13:51:52,709 [ERROR] LogOutputStream:75 - [STDERR_REDIRECT] 
2026-01-11 13:51:53,703 [ERROR] LogOutputStream:75 - [STDERR_REDIRECT] [Fatal Error] :1:1: Premature end of file.
2026-01-11 13:51:53,704 [ERROR] LogOutputStream:75 - [STDERR_REDIRECT] 
2026-01-11 13:51:54,707 [ERROR] LogOutputStream:75 - [STDERR_REDIRECT] [Fatal Error] :1:1: Premature end of file.
2026-01-11 13:51:54,707 [ERROR] LogOutputStream:75 - [STDERR_REDIRECT] 
2026-01-11 13:51:55,709 [ERROR] LogOutputStream:75 - [STDERR_REDIRECT] [Fatal Error] :1:1: Premature end of file.
2026-01-11 13:51:55,709 [ERROR] LogOutputStream:75 - [STDERR_REDIRECT] 
2026-01-11 13:51:56,708 [ERROR] LogOutputStream:75 - [STDERR_REDIRECT] [Fatal Error] :1:1: Premature end of file.
2026-01-11 13:51:56,708 [ERROR] LogOutputStream:75 - [STDERR_REDIRECT] 
2026-01-11 13:51:57,711 [ERROR] LogOutputStream:75 - [STDERR_REDIRECT] [Fatal Error] :1:1: Premature end of file.
2026-01-11 13:51:57,712 [ERROR] LogOutputStream:75 - [STDERR_REDIRECT] 
2026-01-11 13:51:58,706 [ERROR] LogOutputStream:75 - [STDERR_REDIRECT] [Fatal Error] :1:1: Premature end of file.
2026-01-11 13:51:58,706 [ERROR] LogOutputStream:75 - [STDERR_REDIRECT] 
2026-01-11 13:51:59,709 [ERROR] LogOutputStream:75 - [STDERR_REDIRECT] [Fatal Error] :1:1: Premature end of file.
2026-01-11 13:51:59,709 [ERROR] LogOutputStream:75 - [STDERR_REDIRECT] 
2026-01-11 13:52:00,711 [ERROR] LogOutputStream:75 - [STDERR_REDIRECT] [Fatal Error] :1:1: Premature end of file.
2026-01-11 13:52:00,711 [ERROR] LogOutputStream:75 - [STDERR_REDIRECT] 
2026-01-11 13:52:01,709 [ERROR] LogOutputStream:75 - [STDERR_REDIRECT] [Fatal Error] :1:1: Premature end of file.
2026-01-11 13:52:01,709 [ERROR] LogOutputStream:75 - [STDERR_REDIRECT] 
2026-01-11 13:52:02,708 [ERROR] LogOutputStream:75 - [STDERR_REDIRECT] [Fatal Error] :1:1: Premature end of file.
2026-01-11 13:52:02,708 [ERROR] LogOutputStream:75 - [STDERR_REDIRECT] 
2026-01-11 13:52:03,714 [ERROR] LogOutputStream:75 - [STDERR_REDIRECT] [Fatal Error] :1:1: Premature end of file.
2026-01-11 13:52:03,715 [ERROR] LogOutputStream:75 - [STDERR_REDIRECT] 
2026-01-11 13:52:04,709 [ERROR] LogOutputStream:75 - [STDERR_REDIRECT] [Fatal Error] :1:1: Premature end of file.
2026-01-11 13:52:04,709 [ERROR] LogOutputStream:75 - [STDERR_REDIRECT] 
2026-01-11 13:52:05,722 [ERROR] LogOutputStream:75 - [STDERR_REDIRECT] [Fatal Error] :1:1: Premature end of file.
2026-01-11 13:52:05,722 [ERROR] LogOutputStream:75 - [STDERR_REDIRECT] 
2026-01-11 13:52:06,707 [ERROR] LogOutputStream:75 - [STDERR_REDIRECT] [Fatal Error] :1:1: Premature end of file.
2026-01-11 13:52:06,708 [ERROR] LogOutputStream:75 - [STDERR_REDIRECT] 
2026-01-11 13:52:07,709 [ERROR] LogOutputStream:75 - [STDERR_REDIRECT] [Fatal Error] :1:1: Premature end of file.
2026-01-11 13:52:07,709 [ERROR] LogOutputStream:75 - [STDERR_REDIRECT] 
2026-01-11 13:52:08,717 [ERROR] LogOutputStream:75 - [STDERR_REDIRECT] [Fatal Error] :1:1: Premature end of file.
2026-01-11 13:52:08,717 [ERROR] LogOutputStream:75 - [STDERR_REDIRECT] 
2026-01-11 13:52:09,707 [ERROR] LogOutputStream:75 - [STDERR_REDIRECT] [Fatal Error] :1:1: Premature end of file.
2026-01-11 13:52:09,707 [ERROR] LogOutputStream:75 - [STDERR_REDIRECT] 
2026-01-11 13:52:10,709 [ERROR] LogOutputStream:75 - [STDERR_REDIRECT] [Fatal Error] :1:1: Premature end of file.
2026-01-11 13:52:10,709 [ERROR] LogOutputStream:75 - [STDERR_REDIRECT] 
2026-01-11 13:52:11,709 [ERROR] LogOutputStream:75 - [STDERR_REDIRECT] [Fatal Error] :1:1: Premature end of file.
2026-01-11 13:52:11,709 [ERROR] LogOutputStream:75 - [STDERR_REDIRECT] 
2026-01-11 13:52:12,719 [ERROR] LogOutputStream:75 - [STDERR_REDIRECT] [Fatal Error] :1:1: Premature end of file.
2026-01-11 13:52:12,719 [ERROR] LogOutputStream:75 - [STDERR_REDIRECT] 
2026-01-11 13:52:13,712 [ERROR] LogOutputStream:75 - [STDERR_REDIRECT] [Fatal Error] :1:1: Premature end of file.
2026-01-11 13:52:13,712 [ERROR] LogOutputStream:75 - [STDERR_REDIRECT] 
2026-01-11 13:52:14,703 [ERROR] LogOutputStream:75 - [STDERR_REDIRECT] [Fatal Error] :1:1: Premature end of file.
2026-01-11 13:52:14,703 [ERROR] LogOutputStream:75 - [STDERR_REDIRECT] 
2026-01-11 13:52:15,706 [ERROR] LogOutputStream:75 - [STDERR_REDIRECT] [Fatal Error] :1:1: Premature end of file.
2026-01-11 13:52:15,706 [ERROR] LogOutputStream:75 - [STDERR_REDIRECT] 
2026-01-11 13:52:16,704 [ERROR] LogOutputStream:75 - [STDERR_REDIRECT] [Fatal Error] :1:1: Premature end of file.
2026-01-11 13:52:16,704 [ERROR] LogOutputStream:75 - [STDERR_REDIRECT] 
2026-01-11 13:52:17,709 [ERROR] LogOutputStream:75 - [STDERR_REDIRECT] [Fatal Error] :1:1: Premature end of file.
2026-01-11 13:52:17,709 [ERROR] LogOutputStream:75 - [STDERR_REDIRECT] 
2026-01-11 13:52:18,714 [ERROR] LogOutputStream:75 - [STDERR_REDIRECT] [Fatal Error] :1:1: Premature end of file.
2026-01-11 13:52:18,714 [ERROR] LogOutputStream:75 - [STDERR_REDIRECT] 
2026-01-11 13:52:19,708 [ERROR] LogOutputStream:75 - [STDERR_REDIRECT] [Fatal Error] :1:1: Premature end of file.
2026-01-11 13:52:19,708 [ERROR] LogOutputStream:75 - [STDERR_REDIRECT] 
2026-01-11 13:52:20,707 [ERROR] LogOutputStream:75 - [STDERR_REDIRECT] [Fatal Error] :1:1: Premature end of file.
2026-01-11 13:52:20,707 [ERROR] LogOutputStream:75 - [STDERR_REDIRECT] 
2026-01-11 13:52:21,710 [ERROR] LogOutputStream:75 - [STDERR_REDIRECT] [Fatal Error] :1:1: Premature end of file.
2026-01-11 13:52:21,710 [ERROR] LogOutputStream:75 - [STDERR_REDIRECT] 
2026-01-11 13:52:22,709 [ERROR] LogOutputStream:75 - [STDERR_REDIRECT] [Fatal Error] :1:1: Premature end of file.
2026-01-11 13:52:22,709 [ERROR] LogOutputStream:75 - [STDERR_REDIRECT] 
2026-01-11 13:52:23,703 [ERROR] LogOutputStream:75 - [STDERR_REDIRECT] [Fatal Error] :1:1: Premature end of file.
2026-01-11 13:52:23,704 [ERROR] LogOutputStream:75 - [STDERR_REDIRECT] 
2026-01-11 13:52:24,708 [ERROR] LogOutputStream:75 - [STDERR_REDIRECT] [Fatal Error] :1:1: Premature end of file.
2026-01-11 13:52:24,708 [ERROR] LogOutputStream:75 - [STDERR_REDIRECT] 
2026-01-11 13:52:25,707 [ERROR] LogOutputStream:75 - [STDERR_REDIRECT] [Fatal Error] :1:1: Premature end of file.
2026-01-11 13:52:25,707 [ERROR] LogOutputStream:75 - [STDERR_REDIRECT] 
2026-01-11 13:52:26,704 [ERROR] LogOutputStream:75 - [STDERR_REDIRECT] [Fatal Error] :1:1: Premature end of file.
2026-01-11 13:52:26,704 [ERROR] LogOutputStream:75 - [STDERR_REDIRECT] 
2026-01-11 13:52:27,704 [ERROR] LogOutputStream:75 - [STDERR_REDIRECT] [Fatal Error] :1:1: Premature end of file.
2026-01-11 13:52:27,704 [ERROR] LogOutputStream:75 - [STDERR_REDIRECT] 
2026-01-11 13:52:28,704 [ERROR] LogOutputStream:75 - [STDERR_REDIRECT] [Fatal Error] :1:1: Premature end of file.
2026-01-11 13:52:28,704 [ERROR] LogOutputStream:75 - [STDERR_REDIRECT] 
2026-01-11 13:52:29,705 [ERROR] LogOutputStream:75 - [STDERR_REDIRECT] [Fatal Error] :1:1: Premature end of file.
2026-01-11 13:52:29,705 [ERROR] LogOutputStream:75 - [STDERR_REDIRECT] 
2026-01-11 13:52:30,706 [ERROR] LogOutputStream:75 - [STDERR_REDIRECT] [Fatal Error] :1:1: Premature end of file.
2026-01-11 13:52:30,707 [ERROR] LogOutputStream:75 - [STDERR_REDIRECT] 
2026-01-11 13:52:31,703 [ERROR] LogOutputStream:75 - [STDERR_REDIRECT] [Fatal Error] :1:1: Premature end of file.
2026-01-11 13:52:31,703 [ERROR] LogOutputStream:75 - [STDERR_REDIRECT] 
2026-01-11 13:52:32,704 [ERROR] LogOutputStream:75 - [STDERR_REDIRECT] [Fatal Error] :1:1: Premature end of file.
2026-01-11 13:52:32,704 [ERROR] LogOutputStream:75 - [STDERR_REDIRECT] 
2026-01-11 13:52:33,704 [ERROR] LogOutputStream:75 - [STDERR_REDIRECT] [Fatal Error] :1:1: Premature end of file.
2026-01-11 13:52:33,704 [ERROR] LogOutputStream:75 - [STDERR_REDIRECT] 
2026-01-11 13:52:34,704 [ERROR] LogOutputStream:75 - [STDERR_REDIRECT] [Fatal Error] :1:1: Premature end of file.
2026-01-11 13:52:34,704 [ERROR] LogOutputStream:75 - [STDERR_REDIRECT] 
2026-01-11 13:52:35,703 [ERROR] LogOutputStream:75 - [STDERR_REDIRECT] [Fatal Error] :1:1: Premature end of file.
2026-01-11 13:52:35,704 [ERROR] LogOutputStream:75 - [STDERR_REDIRECT] 
2026-01-11 13:52:36,705 [ERROR] LogOutputStream:75 - [STDERR_REDIRECT] [Fatal Error] :1:1: Premature end of file.
2026-01-11 13:52:36,705 [ERROR] LogOutputStream:75 - [STDERR_REDIRECT] 
2026-01-11 13:52:37,705 [ERROR] LogOutputStream:75 - [STDERR_REDIRECT] [Fatal Error] :1:1: Premature end of file.
2026-01-11 13:52:37,705 [ERROR] LogOutputStream:75 - [STDERR_REDIRECT] 
2026-01-11 13:52:38,705 [ERROR] LogOutputStream:75 - [STDERR_REDIRECT] [Fatal Error] :1:1: Premature end of file.
2026-01-11 13:52:38,705 [ERROR] LogOutputStream:75 - [STDERR_REDIRECT] 
2026-01-11 13:52:39,703 [ERROR] LogOutputStream:75 - [STDERR_REDIRECT] [Fatal Error] :1:1: Premature end of file.
2026-01-11 13:52:39,703 [ERROR] LogOutputStream:75 - [STDERR_REDIRECT] 
2026-01-11 13:52:40,709 [ERROR] LogOutputStream:75 - [STDERR_REDIRECT] [Fatal Error] :1:1: Premature end of file.
2026-01-11 13:52:40,709 [ERROR] LogOutputStream:75 - [STDERR_REDIRECT] 
2026-01-11 13:52:41,705 [ERROR] LogOutputStream:75 - [STDERR_REDIRECT] [Fatal Error] :1:1: Premature end of file.
2026-01-11 13:52:41,705 [ERROR] LogOutputStream:75 - [STDERR_REDIRECT] 
2026-01-11 13:52:42,704 [ERROR] LogOutputStream:75 - [STDERR_REDIRECT] [Fatal Error] :1:1: Premature end of file.
2026-01-11 13:52:42,704 [ERROR] LogOutputStream:75 - [STDERR_REDIRECT] 
2026-01-11 13:52:43,704 [ERROR] LogOutputStream:75 - [STDERR_REDIRECT] [Fatal Error] :1:1: Premature end of file.
2026-01-11 13:52:43,704 [ERROR] LogOutputStream:75 - [STDERR_REDIRECT] 
2026-01-11 13:52:44,705 [ERROR] LogOutputStream:75 - [STDERR_REDIRECT] [Fatal Error] :1:1: Premature end of file.
2026-01-11 13:52:44,705 [ERROR] LogOutputStream:75 - [STDERR_REDIRECT] 
2026-01-11 13:52:45,708 [ERROR] LogOutputStream:75 - [STDERR_REDIRECT] [Fatal Error] :1:1: Premature end of file.
2026-01-11 13:52:45,708 [ERROR] LogOutputStream:75 - [STDERR_REDIRECT] 
2026-01-11 13:52:46,709 [ERROR] LogOutputStream:75 - [STDERR_REDIRECT] [Fatal Error] :1:1: Premature end of file.
2026-01-11 13:52:46,709 [ERROR] LogOutputStream:75 - [STDERR_REDIRECT] 
2026-01-11 13:52:47,705 [ERROR] LogOutputStream:75 - [STDERR_REDIRECT] [Fatal Error] :1:1: Premature end of file.
2026-01-11 13:52:47,705 [ERROR] LogOutputStream:75 - [STDERR_REDIRECT] 
2026-01-11 13:52:48,703 [ERROR] LogOutputStream:75 - [STDERR_REDIRECT] [Fatal Error] :1:1: Premature end of file.
2026-01-11 13:52:48,703 [ERROR] LogOutputStream:75 - [STDERR_REDIRECT] 
2026-01-11 13:52:49,704 [ERROR] LogOutputStream:75 - [STDERR_REDIRECT] [Fatal Error] :1:1: Premature end of file.
2026-01-11 13:52:49,704 [ERROR] LogOutputStream:75 - [STDERR_REDIRECT] 
2026-01-11 13:52:50,704 [ERROR] LogOutputStream:75 - [STDERR_REDIRECT] [Fatal Error] :1:1: Premature end of file.
2026-01-11 13:52:50,704 [ERROR] LogOutputStream:75 - [STDERR_REDIRECT] 
2026-01-11 13:52:51,704 [ERROR] LogOutputStream:75 - [STDERR_REDIRECT] [Fatal Error] :1:1: Premature end of file.
2026-01-11 13:52:51,704 [ERROR] LogOutputStream:75 - [STDERR_REDIRECT] 
2026-01-11 13:52:52,709 [ERROR] LogOutputStream:75 - [STDERR_REDIRECT] [Fatal Error] :1:1: Premature end of file.
2026-01-11 13:52:52,709 [ERROR] LogOutputStream:75 - [STDERR_REDIRECT] 
2026-01-11 13:52:53,715 [ERROR] LogOutputStream:75 - [STDERR_REDIRECT] [Fatal Error] :1:1: Premature end of file.
2026-01-11 13:52:53,715 [ERROR] LogOutputStream:75 - [STDERR_REDIRECT] 
2026-01-11 13:52:54,709 [ERROR] LogOutputStream:75 - [STDERR_REDIRECT] [Fatal Error] :1:1: Premature end of file.
2026-01-11 13:52:54,710 [ERROR] LogOutputStream:75 - [STDERR_REDIRECT] 
2026-01-11 13:52:55,708 [ERROR] LogOutputStream:75 - [STDERR_REDIRECT] [Fatal Error] :1:1: Premature end of file.
2026-01-11 13:52:55,708 [ERROR] LogOutputStream:75 - [STDERR_REDIRECT] 
2026-01-11 13:52:56,710 [ERROR] LogOutputStream:75 - [STDERR_REDIRECT] [Fatal Error] :1:1: Premature end of file.
2026-01-11 13:52:56,710 [ERROR] LogOutputStream:75 - [STDERR_REDIRECT] 
2026-01-11 13:52:57,710 [ERROR] LogOutputStream:75 - [STDERR_REDIRECT] [Fatal Error] :1:1: Premature end of file.
2026-01-11 13:52:57,710 [ERROR] LogOutputStream:75 - [STDERR_REDIRECT] 
2026-01-11 13:52:58,709 [ERROR] LogOutputStream:75 - [STDERR_REDIRECT] [Fatal Error] :1:1: Premature end of file.
2026-01-11 13:52:58,709 [ERROR] LogOutputStream:75 - [STDERR_REDIRECT] 
2026-01-11 13:52:59,708 [ERROR] LogOutputStream:75 - [STDERR_REDIRECT] [Fatal Error] :1:1: Premature end of file.
2026-01-11 13:52:59,708 [ERROR] LogOutputStream:75 - [STDERR_REDIRECT] 
2026-01-11 13:53:00,705 [ERROR] LogOutputStream:75 - [STDERR_REDIRECT] [Fatal Error] :1:1: Premature end of file.
2026-01-11 13:53:00,705 [ERROR] LogOutputStream:75 - [STDERR_REDIRECT] 
2026-01-11 13:53:01,709 [ERROR] LogOutputStream:75 - [STDERR_REDIRECT] [Fatal Error] :1:1: Premature end of file.
2026-01-11 13:53:01,709 [ERROR] LogOutputStream:75 - [STDERR_REDIRECT] 
2026-01-11 13:53:02,705 [ERROR] LogOutputStream:75 - [STDERR_REDIRECT] [Fatal Error] :1:1: Premature end of file.
2026-01-11 13:53:02,705 [ERROR] LogOutputStream:75 - [STDERR_REDIRECT] 
2026-01-11 13:53:03,708 [ERROR] LogOutputStream:75 - [STDERR_REDIRECT] [Fatal Error] :1:1: Premature end of file.
2026-01-11 13:53:03,708 [ERROR] LogOutputStream:75 - [STDERR_REDIRECT] 
2026-01-11 13:53:04,713 [ERROR] LogOutputStream:75 - [STDERR_REDIRECT] [Fatal Error] :1:1: Premature end of file.
2026-01-11 13:53:04,713 [ERROR] LogOutputStream:75 - [STDERR_REDIRECT] 
2026-01-11 13:53:05,702 [ERROR] LogOutputStream:75 - [STDERR_REDIRECT] [Fatal Error] :1:1: Premature end of file.
2026-01-11 13:53:05,703 [ERROR] LogOutputStream:75 - [STDERR_REDIRECT] 
2026-01-11 13:53:06,706 [ERROR] LogOutputStream:75 - [STDERR_REDIRECT] [Fatal Error] :1:1: Premature end of file.
2026-01-11 13:53:06,706 [ERROR] LogOutputStream:75 - [STDERR_REDIRECT] 
2026-01-11 13:53:07,704 [ERROR] LogOutputStream:75 - [STDERR_REDIRECT] [Fatal Error] :1:1: Premature end of file.
2026-01-11 13:53:07,704 [ERROR] LogOutputStream:75 - [STDERR_REDIRECT] 
2026-01-11 13:53:08,704 [ERROR] LogOutputStream:75 - [STDERR_REDIRECT] [Fatal Error] :1:1: Premature end of file.
2026-01-11 13:53:08,704 [ERROR] LogOutputStream:75 - [STDERR_REDIRECT] 
2026-01-11 13:53:09,706 [ERROR] LogOutputStream:75 - [STDERR_REDIRECT] [Fatal Error] :1:1: Premature end of file.
2026-01-11 13:53:09,707 [ERROR] LogOutputStream:75 - [STDERR_REDIRECT] 
2026-01-11 13:53:10,705 [ERROR] LogOutputStream:75 - [STDERR_REDIRECT] [Fatal Error] :1:1: Premature end of file.
2026-01-11 13:53:10,705 [ERROR] LogOutputStream:75 - [STDERR_REDIRECT] 
2026-01-11 13:53:11,705 [ERROR] LogOutputStream:75 - [STDERR_REDIRECT] [Fatal Error] :1:1: Premature end of file.
2026-01-11 13:53:11,705 [ERROR] LogOutputStream:75 - [STDERR_REDIRECT] 
2026-01-11 13:53:12,707 [ERROR] LogOutputStream:75 - [STDERR_REDIRECT] [Fatal Error] :1:1: Premature end of file.
2026-01-11 13:53:12,707 [ERROR] LogOutputStream:75 - [STDERR_REDIRECT] 
2026-01-11 13:53:13,704 [ERROR] LogOutputStream:75 - [STDERR_REDIRECT] [Fatal Error] :1:1: Premature end of file.
2026-01-11 13:53:13,704 [ERROR] LogOutputStream:75 - [STDERR_REDIRECT] 
2026-01-11 13:53:14,708 [ERROR] LogOutputStream:75 - [STDERR_REDIRECT] [Fatal Error] :1:1: Premature end of file.
2026-01-11 13:53:14,708 [ERROR] LogOutputStream:75 - [STDERR_REDIRECT] 
2026-01-11 13:53:15,705 [ERROR] LogOutputStream:75 - [STDERR_REDIRECT] [Fatal Error] :1:1: Premature end of file.
2026-01-11 13:53:15,705 [ERROR] LogOutputStream:75 - [STDERR_REDIRECT] 
2026-01-11 13:53:16,705 [ERROR] LogOutputStream:75 - [STDERR_REDIRECT] [Fatal Error] :1:1: Premature end of file.
2026-01-11 13:53:16,705 [ERROR] LogOutputStream:75 - [STDERR_REDIRECT] 
2026-01-11 13:53:17,710 [ERROR] LogOutputStream:75 - [STDERR_REDIRECT] [Fatal Error] :1:1: Premature end of file.
2026-01-11 13:53:17,710 [ERROR] LogOutputStream:75 - [STDERR_REDIRECT] 
2026-01-11 13:53:18,709 [ERROR] LogOutputStream:75 - [STDERR_REDIRECT] [Fatal Error] :1:1: Premature end of file.
2026-01-11 13:53:18,709 [ERROR] LogOutputStream:75 - [STDERR_REDIRECT] 
2026-01-11 13:53:19,709 [ERROR] LogOutputStream:75 - [STDERR_REDIRECT] [Fatal Error] :1:1: Premature end of file.
2026-01-11 13:53:19,709 [ERROR] LogOutputStream:75 - [STDERR_REDIRECT] 
2026-01-11 13:53:20,712 [ERROR] LogOutputStream:75 - [STDERR_REDIRECT] [Fatal Error] :1:1: Premature end of file.
2026-01-11 13:53:20,712 [ERROR] LogOutputStream:75 - [STDERR_REDIRECT] 
2026-01-11 13:53:21,706 [ERROR] LogOutputStream:75 - [STDERR_REDIRECT] [Fatal Error] :1:1: Premature end of file.
2026-01-11 13:53:21,706 [ERROR] LogOutputStream:75 - [STDERR_REDIRECT] 
2026-01-11 13:53:22,711 [ERROR] LogOutputStream:75 - [STDERR_REDIRECT] [Fatal Error] :1:1: Premature end of file.
2026-01-11 13:53:22,711 [ERROR] LogOutputStream:75 - [STDERR_REDIRECT] 
2026-01-11 13:53:23,708 [ERROR] LogOutputStream:75 - [STDERR_REDIRECT] [Fatal Error] :1:1: Premature end of file.
2026-01-11 13:53:23,708 [ERROR] LogOutputStream:75 - [STDERR_REDIRECT] 
2026-01-11 13:53:24,712 [ERROR] LogOutputStream:75 - [STDERR_REDIRECT] [Fatal Error] :1:1: Premature end of file.
2026-01-11 13:53:24,712 [ERROR] LogOutputStream:75 - [STDERR_REDIRECT] 
2026-01-11 13:53:25,705 [ERROR] LogOutputStream:75 - [STDERR_REDIRECT] [Fatal Error] :1:1: Premature end of file.
2026-01-11 13:53:25,705 [ERROR] LogOutputStream:75 - [STDERR_REDIRECT] 
2026-01-11 13:53:26,712 [ERROR] LogOutputStream:75 - [STDERR_REDIRECT] [Fatal Error] :1:1: Premature end of file.
2026-01-11 13:53:26,713 [ERROR] LogOutputStream:75 - [STDERR_REDIRECT] 
2026-01-11 13:53:27,705 [ERROR] LogOutputStream:75 - [STDERR_REDIRECT] [Fatal Error] :1:1: Premature end of file.
2026-01-11 13:53:27,705 [ERROR] LogOutputStream:75 - [STDERR_REDIRECT] 
2026-01-11 13:53:28,709 [ERROR] LogOutputStream:75 - [STDERR_REDIRECT] [Fatal Error] :1:1: Premature end of file.
2026-01-11 13:53:28,709 [ERROR] LogOutputStream:75 - [STDERR_REDIRECT] 
2026-01-11 13:53:29,704 [ERROR] LogOutputStream:75 - [STDERR_REDIRECT] [Fatal Error] :1:1: Premature end of file.
2026-01-11 13:53:29,704 [ERROR] LogOutputStream:75 - [STDERR_REDIRECT] 
2026-01-11 13:53:30,710 [ERROR] LogOutputStream:75 - [STDERR_REDIRECT] [Fatal Error] :1:1: Premature end of file.
2026-01-11 13:53:30,711 [ERROR] LogOutputStream:75 - [STDERR_REDIRECT] 
2026-01-11 13:53:31,710 [ERROR] LogOutputStream:75 - [STDERR_REDIRECT] [Fatal Error] :1:1: Premature end of file.
2026-01-11 13:53:31,710 [ERROR] LogOutputStream:75 - [STDERR_REDIRECT] 
2026-01-11 13:53:32,708 [ERROR] LogOutputStream:75 - [STDERR_REDIRECT] [Fatal Error] :1:1: Premature end of file.
2026-01-11 13:53:32,708 [ERROR] LogOutputStream:75 - [STDERR_REDIRECT] 
2026-01-11 13:53:33,706 [ERROR] LogOutputStream:75 - [STDERR_REDIRECT] [Fatal Error] :1:1: Premature end of file.
2026-01-11 13:53:33,706 [ERROR] LogOutputStream:75 - [STDERR_REDIRECT] 
2026-01-11 13:53:34,709 [ERROR] LogOutputStream:75 - [STDERR_REDIRECT] [Fatal Error] :1:1: Premature end of file.
2026-01-11 13:53:34,709 [ERROR] LogOutputStream:75 - [STDERR_REDIRECT] 
2026-01-11 13:53:35,710 [ERROR] LogOutputStream:75 - [STDERR_REDIRECT] [Fatal Error] :1:1: Premature end of file.
2026-01-11 13:53:35,710 [ERROR] LogOutputStream:75 - [STDERR_REDIRECT] 
2026-01-11 13:53:36,705 [ERROR] LogOutputStream:75 - [STDERR_REDIRECT] [Fatal Error] :1:1: Premature end of file.
2026-01-11 13:53:36,705 [ERROR] LogOutputStream:75 - [STDERR_REDIRECT] 
2026-01-11 13:53:37,705 [ERROR] LogOutputStream:75 - [STDERR_REDIRECT] [Fatal Error] :1:1: Premature end of file.
2026-01-11 13:53:37,705 [ERROR] LogOutputStream:75 - [STDERR_REDIRECT] 
2026-01-11 13:53:38,704 [ERROR] LogOutputStream:75 - [STDERR_REDIRECT] [Fatal Error] :1:1: Premature end of file.
2026-01-11 13:53:38,704 [ERROR] LogOutputStream:75 - [STDERR_REDIRECT] 
2026-01-11 13:53:39,706 [ERROR] LogOutputStream:75 - [STDERR_REDIRECT] [Fatal Error] :1:1: Premature end of file.
2026-01-11 13:53:39,706 [ERROR] LogOutputStream:75 - [STDERR_REDIRECT] 
2026-01-11 13:53:40,704 [ERROR] LogOutputStream:75 - [STDERR_REDIRECT] [Fatal Error] :1:1: Premature end of file.
2026-01-11 13:53:40,704 [ERROR] LogOutputStream:75 - [STDERR_REDIRECT] 
2026-01-11 13:53:41,704 [ERROR] LogOutputStream:75 - [STDERR_REDIRECT] [Fatal Error] :1:1: Premature end of file.
2026-01-11 13:53:41,704 [ERROR] LogOutputStream:75 - [STDERR_REDIRECT] 
2026-01-11 13:53:42,706 [ERROR] LogOutputStream:75 - [STDERR_REDIRECT] [Fatal Error] :1:1: Premature end of file.
2026-01-11 13:53:42,706 [ERROR] LogOutputStream:75 - [STDERR_REDIRECT] 
2026-01-11 13:53:43,704 [ERROR] LogOutputStream:75 - [STDERR_REDIRECT] [Fatal Error] :1:1: Premature end of file.
2026-01-11 13:53:43,704 [ERROR] LogOutputStream:75 - [STDERR_REDIRECT] 
2026-01-11 13:53:44,705 [ERROR] LogOutputStream:75 - [STDERR_REDIRECT] [Fatal Error] :1:1: Premature end of file.
2026-01-11 13:53:44,705 [ERROR] LogOutputStream:75 - [STDERR_REDIRECT] 
2026-01-11 13:53:45,704 [ERROR] LogOutputStream:75 - [STDERR_REDIRECT] [Fatal Error] :1:1: Premature end of file.
2026-01-11 13:53:45,704 [ERROR] LogOutputStream:75 - [STDERR_REDIRECT] 
2026-01-11 13:53:46,707 [ERROR] LogOutputStream:75 - [STDERR_REDIRECT] [Fatal Error] :1:1: Premature end of file.
2026-01-11 13:53:46,707 [ERROR] LogOutputStream:75 - [STDERR_REDIRECT] 
2026-01-11 13:53:47,706 [ERROR] LogOutputStream:75 - [STDERR_REDIRECT] [Fatal Error] :1:1: Premature end of file.
2026-01-11 13:53:47,706 [ERROR] LogOutputStream:75 - [STDERR_REDIRECT] 
2026-01-11 13:53:48,704 [ERROR] LogOutputStream:75 - [STDERR_REDIRECT] [Fatal Error] :1:1: Premature end of file.
2026-01-11 13:53:48,705 [ERROR] LogOutputStream:75 - [STDERR_REDIRECT] 
2026-01-11 13:53:49,705 [ERROR] LogOutputStream:75 - [STDERR_REDIRECT] [Fatal Error] :1:1: Premature end of file.
2026-01-11 13:53:49,705 [ERROR] LogOutputStream:75 - [STDERR_REDIRECT] 
2026-01-11 13:53:50,720 [ERROR] LogOutputStream:75 - [STDERR_REDIRECT] [Fatal Error] :1:1: Premature end of file.
2026-01-11 13:53:50,720 [ERROR] LogOutputStream:75 - [STDERR_REDIRECT] 
2026-01-11 13:53:51,708 [ERROR] LogOutputStream:75 - [STDERR_REDIRECT] [Fatal Error] :1:1: Premature end of file.
2026-01-11 13:53:51,709 [ERROR] LogOutputStream:75 - [STDERR_REDIRECT] 
2026-01-11 13:53:52,704 [ERROR] LogOutputStream:75 - [STDERR_REDIRECT] [Fatal Error] :1:1: Premature end of file.
2026-01-11 13:53:52,704 [ERROR] LogOutputStream:75 - [STDERR_REDIRECT] 
2026-01-11 13:53:53,704 [ERROR] LogOutputStream:75 - [STDERR_REDIRECT] [Fatal Error] :1:1: Premature end of file.
2026-01-11 13:53:53,704 [ERROR] LogOutputStream:75 - [STDERR_REDIRECT] 
2026-01-11 13:53:54,706 [ERROR] LogOutputStream:75 - [STDERR_REDIRECT] [Fatal Error] :1:1: Premature end of file.
2026-01-11 13:53:54,706 [ERROR] LogOutputStream:75 - [STDERR_REDIRECT] 
2026-01-11 13:53:55,705 [ERROR] LogOutputStream:75 - [STDERR_REDIRECT] [Fatal Error] :1:1: Premature end of file.
2026-01-11 13:53:55,705 [ERROR] LogOutputStream:75 - [STDERR_REDIRECT] 
2026-01-11 13:53:56,711 [ERROR] LogOutputStream:75 - [STDERR_REDIRECT] [Fatal Error] :1:1: Premature end of file.
2026-01-11 13:53:56,711 [ERROR] LogOutputStream:75 - [STDERR_REDIRECT] 
2026-01-11 13:53:57,706 [ERROR] LogOutputStream:75 - [STDERR_REDIRECT] [Fatal Error] :1:1: Premature end of file.
2026-01-11 13:53:57,706 [ERROR] LogOutputStream:75 - [STDERR_REDIRECT] 
2026-01-11 13:53:58,704 [ERROR] LogOutputStream:75 - [STDERR_REDIRECT] [Fatal Error] :1:1: Premature end of file.
2026-01-11 13:53:58,704 [ERROR] LogOutputStream:75 - [STDERR_REDIRECT] 
2026-01-11 13:53:59,707 [ERROR] LogOutputStream:75 - [STDERR_REDIRECT] [Fatal Error] :1:1: Premature end of file.
2026-01-11 13:53:59,707 [ERROR] LogOutputStream:75 - [STDERR_REDIRECT] 
2026-01-11 13:54:00,713 [ERROR] LogOutputStream:75 - [STDERR_REDIRECT] [Fatal Error] :1:1: Premature end of file.
2026-01-11 13:54:00,713 [ERROR] LogOutputStream:75 - [STDERR_REDIRECT] 
2026-01-11 13:54:01,714 [ERROR] LogOutputStream:75 - [STDERR_REDIRECT] [Fatal Error] :1:1: Premature end of file.
2026-01-11 13:54:01,714 [ERROR] LogOutputStream:75 - [STDERR_REDIRECT] 
2026-01-11 13:54:02,709 [ERROR] LogOutputStream:75 - [STDERR_REDIRECT] [Fatal Error] :1:1: Premature end of file.
2026-01-11 13:54:02,709 [ERROR] LogOutputStream:75 - [STDERR_REDIRECT] 
2026-01-11 13:54:03,708 [ERROR] LogOutputStream:75 - [STDERR_REDIRECT] [Fatal Error] :1:1: Premature end of file.
2026-01-11 13:54:03,708 [ERROR] LogOutputStream:75 - [STDERR_REDIRECT] 
2026-01-11 13:54:04,705 [ERROR] LogOutputStream:75 - [STDERR_REDIRECT] [Fatal Error] :1:1: Premature end of file.
2026-01-11 13:54:04,705 [ERROR] LogOutputStream:75 - [STDERR_REDIRECT] 
2026-01-11 13:54:05,708 [ERROR] LogOutputStream:75 - [STDERR_REDIRECT] [Fatal Error] :1:1: Premature end of file.
2026-01-11 13:54:05,708 [ERROR] LogOutputStream:75 - [STDERR_REDIRECT] 
2026-01-11 13:54:06,705 [ERROR] LogOutputStream:75 - [STDERR_REDIRECT] [Fatal Error] :1:1: Premature end of file.
2026-01-11 13:54:06,705 [ERROR] LogOutputStream:75 - [STDERR_REDIRECT] 
2026-01-11 13:54:07,707 [ERROR] LogOutputStream:75 - [STDERR_REDIRECT] [Fatal Error] :1:1: Premature end of file.
2026-01-11 13:54:07,707 [ERROR] LogOutputStream:75 - [STDERR_REDIRECT] 
2026-01-11 13:54:08,714 [ERROR] LogOutputStream:75 - [STDERR_REDIRECT] [Fatal Error] :1:1: Premature end of file.
2026-01-11 13:54:08,714 [ERROR] LogOutputStream:75 - [STDERR_REDIRECT] 
2026-01-11 13:54:09,716 [ERROR] LogOutputStream:75 - [STDERR_REDIRECT] [Fatal Error] :1:1: Premature end of file.
2026-01-11 13:54:09,716 [ERROR] LogOutputStream:75 - [STDERR_REDIRECT] 
2026-01-11 13:54:10,710 [ERROR] LogOutputStream:75 - [STDERR_REDIRECT] [Fatal Error] :1:1: Premature end of file.
2026-01-11 13:54:10,710 [ERROR] LogOutputStream:75 - [STDERR_REDIRECT] 
2026-01-11 13:54:11,710 [ERROR] LogOutputStream:75 - [STDERR_REDIRECT] [Fatal Error] :1:1: Premature end of file.
2026-01-11 13:54:11,710 [ERROR] LogOutputStream:75 - [STDERR_REDIRECT] 
2026-01-11 13:54:12,704 [ERROR] LogOutputStream:75 - [STDERR_REDIRECT] [Fatal Error] :1:1: Premature end of file.
2026-01-11 13:54:12,704 [ERROR] LogOutputStream:75 - [STDERR_REDIRECT] 
2026-01-11 13:54:13,705 [ERROR] LogOutputStream:75 - [STDERR_REDIRECT] [Fatal Error] :1:1: Premature end of file.
2026-01-11 13:54:13,705 [ERROR] LogOutputStream:75 - [STDERR_REDIRECT] 
2026-01-11 13:54:14,703 [ERROR] LogOutputStream:75 - [STDERR_REDIRECT] [Fatal Error] :1:1: Premature end of file.
2026-01-11 13:54:14,703 [ERROR] LogOutputStream:75 - [STDERR_REDIRECT] 
2026-01-11 13:54:15,710 [ERROR] LogOutputStream:75 - [STDERR_REDIRECT] [Fatal Error] :1:1: Premature end of file.
2026-01-11 13:54:15,710 [ERROR] LogOutputStream:75 - [STDERR_REDIRECT] 
2026-01-11 13:54:16,706 [ERROR] LogOutputStream:75 - [STDERR_REDIRECT] [Fatal Error] :1:1: Premature end of file.
2026-01-11 13:54:16,706 [ERROR] LogOutputStream:75 - [STDERR_REDIRECT] 
2026-01-11 13:54:17,705 [ERROR] LogOutputStream:75 - [STDERR_REDIRECT] [Fatal Error] :1:1: Premature end of file.
2026-01-11 13:54:17,705 [ERROR] LogOutputStream:75 - [STDERR_REDIRECT] 
2026-01-11 13:54:18,706 [ERROR] LogOutputStream:75 - [STDERR_REDIRECT] [Fatal Error] :1:1: Premature end of file.
2026-01-11 13:54:18,706 [ERROR] LogOutputStream:75 - [STDERR_REDIRECT] 
2026-01-11 13:54:19,704 [ERROR] LogOutputStream:75 - [STDERR_REDIRECT] [Fatal Error] :1:1: Premature end of file.
2026-01-11 13:54:19,704 [ERROR] LogOutputStream:75 - [STDERR_REDIRECT] 
2026-01-11 13:54:20,704 [ERROR] LogOutputStream:75 - [STDERR_REDIRECT] [Fatal Error] :1:1: Premature end of file.
2026-01-11 13:54:20,704 [ERROR] LogOutputStream:75 - [STDERR_REDIRECT] 
2026-01-11 13:54:21,704 [ERROR] LogOutputStream:75 - [STDERR_REDIRECT] [Fatal Error] :1:1: Premature end of file.
2026-01-11 13:54:21,704 [ERROR] LogOutputStream:75 - [STDERR_REDIRECT] 
2026-01-11 13:54:22,704 [ERROR] LogOutputStream:75 - [STDERR_REDIRECT] [Fatal Error] :1:1: Premature end of file.
2026-01-11 13:54:22,704 [ERROR] LogOutputStream:75 - [STDERR_REDIRECT] 
2026-01-11 13:54:23,705 [ERROR] LogOutputStream:75 - [STDERR_REDIRECT] [Fatal Error] :1:1: Premature end of file.
2026-01-11 13:54:23,705 [ERROR] LogOutputStream:75 - [STDERR_REDIRECT] 
2026-01-11 13:54:24,706 [ERROR] LogOutputStream:75 - [STDERR_REDIRECT] [Fatal Error] :1:1: Premature end of file.
2026-01-11 13:54:24,706 [ERROR] LogOutputStream:75 - [STDERR_REDIRECT] 
2026-01-11 13:54:25,705 [ERROR] LogOutputStream:75 - [STDERR_REDIRECT] [Fatal Error] :1:1: Premature end of file.
2026-01-11 13:54:25,705 [ERROR] LogOutputStream:75 - [STDERR_REDIRECT] 
2026-01-11 13:54:26,708 [ERROR] LogOutputStream:75 - [STDERR_REDIRECT] [Fatal Error] :1:1: Premature end of file.
2026-01-11 13:54:26,708 [ERROR] LogOutputStream:75 - [STDERR_REDIRECT] 
2026-01-11 13:54:27,704 [ERROR] LogOutputStream:75 - [STDERR_REDIRECT] [Fatal Error] :1:1: Premature end of file.
2026-01-11 13:54:27,704 [ERROR] LogOutputStream:75 - [STDERR_REDIRECT] 
2026-01-11 13:54:28,712 [ERROR] LogOutputStream:75 - [STDERR_REDIRECT] [Fatal Error] :1:1: Premature end of file.
2026-01-11 13:54:28,712 [ERROR] LogOutputStream:75 - [STDERR_REDIRECT] 
2026-01-11 13:54:29,704 [ERROR] LogOutputStream:75 - [STDERR_REDIRECT] [Fatal Error] :1:1: Premature end of file.
2026-01-11 13:54:29,704 [ERROR] LogOutputStream:75 - [STDERR_REDIRECT] 
2026-01-11 13:54:30,704 [ERROR] LogOutputStream:75 - [STDERR_REDIRECT] [Fatal Error] :1:1: Premature end of file.
2026-01-11 13:54:30,704 [ERROR] LogOutputStream:75 - [STDERR_REDIRECT] 
2026-01-11 13:54:31,704 [ERROR] LogOutputStream:75 - [STDERR_REDIRECT] [Fatal Error] :1:1: Premature end of file.
2026-01-11 13:54:31,704 [ERROR] LogOutputStream:75 - [STDERR_REDIRECT] 
2026-01-11 13:54:32,704 [ERROR] LogOutputStream:75 - [STDERR_REDIRECT] [Fatal Error] :1:1: Premature end of file.
2026-01-11 13:54:32,704 [ERROR] LogOutputStream:75 - [STDERR_REDIRECT] 
2026-01-11 13:54:33,704 [ERROR] LogOutputStream:75 - [STDERR_REDIRECT] [Fatal Error] :1:1: Premature end of file.
2026-01-11 13:54:33,704 [ERROR] LogOutputStream:75 - [STDERR_REDIRECT] 
2026-01-11 13:54:34,705 [ERROR] LogOutputStream:75 - [STDERR_REDIRECT] [Fatal Error] :1:1: Premature end of file.
2026-01-11 13:54:34,705 [ERROR] LogOutputStream:75 - [STDERR_REDIRECT] 
2026-01-11 13:54:35,717 [ERROR] LogOutputStream:75 - [STDERR_REDIRECT] [Fatal Error] :1:1: Premature end of file.
2026-01-11 13:54:35,717 [ERROR] LogOutputStream:75 - [STDERR_REDIRECT] 
2026-01-11 13:54:36,708 [ERROR] LogOutputStream:75 - [STDERR_REDIRECT] [Fatal Error] :1:1: Premature end of file.
2026-01-11 13:54:36,708 [ERROR] LogOutputStream:75 - [STDERR_REDIRECT] 
2026-01-11 13:54:37,711 [ERROR] LogOutputStream:75 - [STDERR_REDIRECT] [Fatal Error] :1:1: Premature end of file.
2026-01-11 13:54:37,711 [ERROR] LogOutputStream:75 - [STDERR_REDIRECT] 
2026-01-11 13:54:38,714 [ERROR] LogOutputStream:75 - [STDERR_REDIRECT] [Fatal Error] :1:1: Premature end of file.
2026-01-11 13:54:38,714 [ERROR] LogOutputStream:75 - [STDERR_REDIRECT] 
2026-01-11 13:54:39,708 [ERROR] LogOutputStream:75 - [STDERR_REDIRECT] [Fatal Error] :1:1: Premature end of file.
2026-01-11 13:54:39,708 [ERROR] LogOutputStream:75 - [STDERR_REDIRECT] 
2026-01-11 13:54:40,705 [ERROR] LogOutputStream:75 - [STDERR_REDIRECT] [Fatal Error] :1:1: Premature end of file.
2026-01-11 13:54:40,705 [ERROR] LogOutputStream:75 - [STDERR_REDIRECT] 
2026-01-11 13:54:41,711 [ERROR] LogOutputStream:75 - [STDERR_REDIRECT] [Fatal Error] :1:1: Premature end of file.
2026-01-11 13:54:41,711 [ERROR] LogOutputStream:75 - [STDERR_REDIRECT] 
2026-01-11 13:54:42,712 [ERROR] LogOutputStream:75 - [STDERR_REDIRECT] [Fatal Error] :1:1: Premature end of file.
2026-01-11 13:54:42,713 [ERROR] LogOutputStream:75 - [STDERR_REDIRECT] 
2026-01-11 13:54:43,708 [ERROR] LogOutputStream:75 - [STDERR_REDIRECT] [Fatal Error] :1:1: Premature end of file.
2026-01-11 13:54:43,708 [ERROR] LogOutputStream:75 - [STDERR_REDIRECT] 
2026-01-11 13:54:44,706 [ERROR] LogOutputStream:75 - [STDERR_REDIRECT] [Fatal Error] :1:1: Premature end of file.
2026-01-11 13:54:44,706 [ERROR] LogOutputStream:75 - [STDERR_REDIRECT] 
2026-01-11 13:54:45,704 [ERROR] LogOutputStream:75 - [STDERR_REDIRECT] [Fatal Error] :1:1: Premature end of file.
2026-01-11 13:54:45,705 [ERROR] LogOutputStream:75 - [STDERR_REDIRECT] 
2026-01-11 13:54:46,706 [ERROR] LogOutputStream:75 - [STDERR_REDIRECT] [Fatal Error] :1:1: Premature end of file.
2026-01-11 13:54:46,706 [ERROR] LogOutputStream:75 - [STDERR_REDIRECT] 
2026-01-11 13:54:47,709 [ERROR] LogOutputStream:75 - [STDERR_REDIRECT] [Fatal Error] :1:1: Premature end of file.
2026-01-11 13:54:47,709 [ERROR] LogOutputStream:75 - [STDERR_REDIRECT] 
2026-01-11 13:54:48,710 [ERROR] LogOutputStream:75 - [STDERR_REDIRECT] [Fatal Error] :1:1: Premature end of file.
2026-01-11 13:54:48,710 [ERROR] LogOutputStream:75 - [STDERR_REDIRECT] 
2026-01-11 13:54:49,706 [ERROR] LogOutputStream:75 - [STDERR_REDIRECT] [Fatal Error] :1:1: Premature end of file.
2026-01-11 13:54:49,706 [ERROR] LogOutputStream:75 - [STDERR_REDIRECT] 
2026-01-11 13:54:50,704 [ERROR] LogOutputStream:75 - [STDERR_REDIRECT] [Fatal Error] :1:1: Premature end of file.
2026-01-11 13:54:50,704 [ERROR] LogOutputStream:75 - [STDERR_REDIRECT] 
2026-01-11 13:54:51,706 [ERROR] LogOutputStream:75 - [STDERR_REDIRECT] [Fatal Error] :1:1: Premature end of file.
2026-01-11 13:54:51,706 [ERROR] LogOutputStream:75 - [STDERR_REDIRECT] 
2026-01-11 13:54:52,705 [ERROR] LogOutputStream:75 - [STDERR_REDIRECT] [Fatal Error] :1:1: Premature end of file.
2026-01-11 13:54:52,705 [ERROR] LogOutputStream:75 - [STDERR_REDIRECT] 
2026-01-11 13:54:53,704 [ERROR] LogOutputStream:75 - [STDERR_REDIRECT] [Fatal Error] :1:1: Premature end of file.
2026-01-11 13:54:53,704 [ERROR] LogOutputStream:75 - [STDERR_REDIRECT] 
2026-01-11 13:54:54,704 [ERROR] LogOutputStream:75 - [STDERR_REDIRECT] [Fatal Error] :1:1: Premature end of file.
2026-01-11 13:54:54,704 [ERROR] LogOutputStream:75 - [STDERR_REDIRECT] 
2026-01-11 13:54:55,711 [ERROR] LogOutputStream:75 - [STDERR_REDIRECT] [Fatal Error] :1:1: Premature end of file.
2026-01-11 13:54:55,711 [ERROR] LogOutputStream:75 - [STDERR_REDIRECT] 
2026-01-11 13:54:56,710 [ERROR] LogOutputStream:75 - [STDERR_REDIRECT] [Fatal Error] :1:1: Premature end of file.
2026-01-11 13:54:56,711 [ERROR] LogOutputStream:75 - [STDERR_REDIRECT] 
2026-01-11 13:54:57,707 [ERROR] LogOutputStream:75 - [STDERR_REDIRECT] [Fatal Error] :1:1: Premature end of file.
2026-01-11 13:54:57,707 [ERROR] LogOutputStream:75 - [STDERR_REDIRECT] 
2026-01-11 13:54:58,714 [ERROR] LogOutputStream:75 - [STDERR_REDIRECT] [Fatal Error] :1:1: Premature end of file.
2026-01-11 13:54:58,714 [ERROR] LogOutputStream:75 - [STDERR_REDIRECT] 
2026-01-11 13:54:59,709 [ERROR] LogOutputStream:75 - [STDERR_REDIRECT] [Fatal Error] :1:1: Premature end of file.
2026-01-11 13:54:59,711 [ERROR] LogOutputStream:75 - [STDERR_REDIRECT] 
2026-01-11 13:55:00,705 [ERROR] LogOutputStream:75 - [STDERR_REDIRECT] [Fatal Error] :1:1: Premature end of file.
2026-01-11 13:55:00,705 [ERROR] LogOutputStream:75 - [STDERR_REDIRECT] 
2026-01-11 13:55:01,706 [ERROR] LogOutputStream:75 - [STDERR_REDIRECT] [Fatal Error] :1:1: Premature end of file.
2026-01-11 13:55:01,706 [ERROR] LogOutputStream:75 - [STDERR_REDIRECT] 
2026-01-11 13:55:02,705 [ERROR] LogOutputStream:75 - [STDERR_REDIRECT] [Fatal Error] :1:1: Premature end of file.
2026-01-11 13:55:02,705 [ERROR] LogOutputStream:75 - [STDERR_REDIRECT] 
2026-01-11 13:55:03,706 [ERROR] LogOutputStream:75 - [STDERR_REDIRECT] [Fatal Error] :1:1: Premature end of file.
2026-01-11 13:55:03,706 [ERROR] LogOutputStream:75 - [STDERR_REDIRECT] 
2026-01-11 13:55:04,704 [ERROR] LogOutputStream:75 - [STDERR_REDIRECT] [Fatal Error] :1:1: Premature end of file.
2026-01-11 13:55:04,704 [ERROR] LogOutputStream:75 - [STDERR_REDIRECT] 
2026-01-11 13:55:05,705 [ERROR] LogOutputStream:75 - [STDERR_REDIRECT] [Fatal Error] :1:1: Premature end of file.
2026-01-11 13:55:05,705 [ERROR] LogOutputStream:75 - [STDERR_REDIRECT] 
2026-01-11 13:55:06,704 [ERROR] LogOutputStream:75 - [STDERR_REDIRECT] [Fatal Error] :1:1: Premature end of file.
2026-01-11 13:55:06,704 [ERROR] LogOutputStream:75 - [STDERR_REDIRECT] 
2026-01-11 13:55:07,716 [ERROR] LogOutputStream:75 - [STDERR_REDIRECT] [Fatal Error] :1:1: Premature end of file.
2026-01-11 13:55:07,716 [ERROR] LogOutputStream:75 - [STDERR_REDIRECT] 
2026-01-11 13:55:08,705 [ERROR] LogOutputStream:75 - [STDERR_REDIRECT] [Fatal Error] :1:1: Premature end of file.
2026-01-11 13:55:08,705 [ERROR] LogOutputStream:75 - [STDERR_REDIRECT] 
2026-01-11 13:55:09,704 [ERROR] LogOutputStream:75 - [STDERR_REDIRECT] [Fatal Error] :1:1: Premature end of file.
2026-01-11 13:55:09,704 [ERROR] LogOutputStream:75 - [STDERR_REDIRECT] 
2026-01-11 13:55:10,707 [ERROR] LogOutputStream:75 - [STDERR_REDIRECT] [Fatal Error] :1:1: Premature end of file.
2026-01-11 13:55:10,707 [ERROR] LogOutputStream:75 - [STDERR_REDIRECT] 
2026-01-11 13:55:11,705 [ERROR] LogOutputStream:75 - [STDERR_REDIRECT] [Fatal Error] :1:1: Premature end of file.
2026-01-11 13:55:11,705 [ERROR] LogOutputStream:75 - [STDERR_REDIRECT] 
2026-01-11 13:55:12,705 [ERROR] LogOutputStream:75 - [STDERR_REDIRECT] [Fatal Error] :1:1: Premature end of file.
2026-01-11 13:55:12,705 [ERROR] LogOutputStream:75 - [STDERR_REDIRECT] 
2026-01-11 13:55:13,704 [ERROR] LogOutputStream:75 - [STDERR_REDIRECT] [Fatal Error] :1:1: Premature end of file.
2026-01-11 13:55:13,704 [ERROR] LogOutputStream:75 - [STDERR_REDIRECT] 
2026-01-11 13:55:14,705 [ERROR] LogOutputStream:75 - [STDERR_REDIRECT] [Fatal Error] :1:1: Premature end of file.
2026-01-11 13:55:14,705 [ERROR] LogOutputStream:75 - [STDERR_REDIRECT] 
2026-01-11 13:55:15,704 [ERROR] LogOutputStream:75 - [STDERR_REDIRECT] [Fatal Error] :1:1: Premature end of file.
2026-01-11 13:55:15,704 [ERROR] LogOutputStream:75 - [STDERR_REDIRECT] 
2026-01-11 13:55:16,703 [ERROR] LogOutputStream:75 - [STDERR_REDIRECT] [Fatal Error] :1:1: Premature end of file.
2026-01-11 13:55:16,704 [ERROR] LogOutputStream:75 - [STDERR_REDIRECT] 
2026-01-11 13:55:17,704 [ERROR] LogOutputStream:75 - [STDERR_REDIRECT] [Fatal Error] :1:1: Premature end of file.
2026-01-11 13:55:17,704 [ERROR] LogOutputStream:75 - [STDERR_REDIRECT] 
2026-01-11 13:55:18,704 [ERROR] LogOutputStream:75 - [STDERR_REDIRECT] [Fatal Error] :1:1: Premature end of file.
2026-01-11 13:55:18,704 [ERROR] LogOutputStream:75 - [STDERR_REDIRECT] 
2026-01-11 13:55:19,704 [ERROR] LogOutputStream:75 - [STDERR_REDIRECT] [Fatal Error] :1:1: Premature end of file.
2026-01-11 13:55:19,704 [ERROR] LogOutputStream:75 - [STDERR_REDIRECT] 
2026-01-11 13:55:20,704 [ERROR] LogOutputStream:75 - [STDERR_REDIRECT] [Fatal Error] :1:1: Premature end of file.
2026-01-11 13:55:20,704 [ERROR] LogOutputStream:75 - [STDERR_REDIRECT] 
2026-01-11 13:55:21,706 [ERROR] LogOutputStream:75 - [STDERR_REDIRECT] [Fatal Error] :1:1: Premature end of file.
2026-01-11 13:55:21,706 [ERROR] LogOutputStream:75 - [STDERR_REDIRECT] 
2026-01-11 13:55:22,716 [ERROR] LogOutputStream:75 - [STDERR_REDIRECT] [Fatal Error] :1:1: Premature end of file.
2026-01-11 13:55:22,716 [ERROR] LogOutputStream:75 - [STDERR_REDIRECT] 
2026-01-11 13:55:23,704 [ERROR] LogOutputStream:75 - [STDERR_REDIRECT] [Fatal Error] :1:1: Premature end of file.
2026-01-11 13:55:23,704 [ERROR] LogOutputStream:75 - [STDERR_REDIRECT] 
2026-01-11 13:55:24,705 [ERROR] LogOutputStream:75 - [STDERR_REDIRECT] [Fatal Error] :1:1: Premature end of file.
2026-01-11 13:55:24,705 [ERROR] LogOutputStream:75 - [STDERR_REDIRECT] 
2026-01-11 13:55:25,706 [ERROR] LogOutputStream:75 - [STDERR_REDIRECT] [Fatal Error] :1:1: Premature end of file.
2026-01-11 13:55:25,707 [ERROR] LogOutputStream:75 - [STDERR_REDIRECT] 
2026-01-11 13:55:26,704 [ERROR] LogOutputStream:75 - [STDERR_REDIRECT] [Fatal Error] :1:1: Premature end of file.
2026-01-11 13:55:26,704 [ERROR] LogOutputStream:75 - [STDERR_REDIRECT] 
2026-01-11 13:55:27,704 [ERROR] LogOutputStream:75 - [STDERR_REDIRECT] [Fatal Error] :1:1: Premature end of file.
2026-01-11 13:55:27,704 [ERROR] LogOutputStream:75 - [STDERR_REDIRECT] 
2026-01-11 13:55:28,706 [ERROR] LogOutputStream:75 - [STDERR_REDIRECT] [Fatal Error] :1:1: Premature end of file.
2026-01-11 13:55:28,706 [ERROR] LogOutputStream:75 - [STDERR_REDIRECT] 
2026-01-11 13:55:29,705 [ERROR] LogOutputStream:75 - [STDERR_REDIRECT] [Fatal Error] :1:1: Premature end of file.
2026-01-11 13:55:29,705 [ERROR] LogOutputStream:75 - [STDERR_REDIRECT] 
2026-01-11 13:55:30,703 [ERROR] LogOutputStream:75 - [STDERR_REDIRECT] [Fatal Error] :1:1: Premature end of file.
2026-01-11 13:55:30,703 [ERROR] LogOutputStream:75 - [STDERR_REDIRECT] 
2026-01-11 13:55:31,705 [ERROR] LogOutputStream:75 - [STDERR_REDIRECT] [Fatal Error] :1:1: Premature end of file.
2026-01-11 13:55:31,705 [ERROR] LogOutputStream:75 - [STDERR_REDIRECT] 
2026-01-11 13:55:32,705 [ERROR] LogOutputStream:75 - [STDERR_REDIRECT] [Fatal Error] :1:1: Premature end of file.
2026-01-11 13:55:32,706 [ERROR] LogOutputStream:75 - [STDERR_REDIRECT] 
2026-01-11 13:55:33,707 [ERROR] LogOutputStream:75 - [STDERR_REDIRECT] [Fatal Error] :1:1: Premature end of file.
2026-01-11 13:55:33,707 [ERROR] LogOutputStream:75 - [STDERR_REDIRECT] 
2026-01-11 13:55:34,712 [ERROR] LogOutputStream:75 - [STDERR_REDIRECT] [Fatal Error] :1:1: Premature end of file.
2026-01-11 13:55:34,712 [ERROR] LogOutputStream:75 - [STDERR_REDIRECT] 
2026-01-11 13:55:35,712 [ERROR] LogOutputStream:75 - [STDERR_REDIRECT] [Fatal Error] :1:1: Premature end of file.
2026-01-11 13:55:35,712 [ERROR] LogOutputStream:75 - [STDERR_REDIRECT] 
2026-01-11 13:55:36,717 [ERROR] LogOutputStream:75 - [STDERR_REDIRECT] [Fatal Error] :1:1: Premature end of file.
2026-01-11 13:55:36,717 [ERROR] LogOutputStream:75 - [STDERR_REDIRECT] 
2026-01-11 13:55:37,709 [ERROR] LogOutputStream:75 - [STDERR_REDIRECT] [Fatal Error] :1:1: Premature end of file.
2026-01-11 13:55:37,709 [ERROR] LogOutputStream:75 - [STDERR_REDIRECT] 
2026-01-11 13:55:38,709 [ERROR] LogOutputStream:75 - [STDERR_REDIRECT] [Fatal Error] :1:1: Premature end of file.
2026-01-11 13:55:38,709 [ERROR] LogOutputStream:75 - [STDERR_REDIRECT] 
2026-01-11 13:55:39,713 [ERROR] LogOutputStream:75 - [STDERR_REDIRECT] [Fatal Error] :1:1: Premature end of file.
2026-01-11 13:55:39,713 [ERROR] LogOutputStream:75 - [STDERR_REDIRECT] 
2026-01-11 13:55:40,708 [ERROR] LogOutputStream:75 - [STDERR_REDIRECT] [Fatal Error] :1:1: Premature end of file.
2026-01-11 13:55:40,708 [ERROR] LogOutputStream:75 - [STDERR_REDIRECT] 
2026-01-11 13:55:41,708 [ERROR] LogOutputStream:75 - [STDERR_REDIRECT] [Fatal Error] :1:1: Premature end of file.
2026-01-11 13:55:41,708 [ERROR] LogOutputStream:75 - [STDERR_REDIRECT] 
2026-01-11 13:55:42,708 [ERROR] LogOutputStream:75 - [STDERR_REDIRECT] [Fatal Error] :1:1: Premature end of file.
2026-01-11 13:55:42,708 [ERROR] LogOutputStream:75 - [STDERR_REDIRECT] 
2026-01-11 13:55:43,709 [ERROR] LogOutputStream:75 - [STDERR_REDIRECT] [Fatal Error] :1:1: Premature end of file.
2026-01-11 13:55:43,709 [ERROR] LogOutputStream:75 - [STDERR_REDIRECT] 
2026-01-11 13:55:44,705 [ERROR] LogOutputStream:75 - [STDERR_REDIRECT] [Fatal Error] :1:1: Premature end of file.
2026-01-11 13:55:44,705 [ERROR] LogOutputStream:75 - [STDERR_REDIRECT] 
2026-01-11 13:55:45,704 [ERROR] LogOutputStream:75 - [STDERR_REDIRECT] [Fatal Error] :1:1: Premature end of file.
2026-01-11 13:55:45,704 [ERROR] LogOutputStream:75 - [STDERR_REDIRECT] 
2026-01-11 13:55:46,706 [ERROR] LogOutputStream:75 - [STDERR_REDIRECT] [Fatal Error] :1:1: Premature end of file.
2026-01-11 13:55:46,706 [ERROR] LogOutputStream:75 - [STDERR_REDIRECT] 
2026-01-11 13:55:47,709 [ERROR] LogOutputStream:75 - [STDERR_REDIRECT] [Fatal Error] :1:1: Premature end of file.
2026-01-11 13:55:47,709 [ERROR] LogOutputStream:75 - [STDERR_REDIRECT] 
2026-01-11 13:55:48,708 [ERROR] LogOutputStream:75 - [STDERR_REDIRECT] [Fatal Error] :1:1: Premature end of file.
2026-01-11 13:55:48,708 [ERROR] LogOutputStream:75 - [STDERR_REDIRECT] 
2026-01-11 13:55:49,711 [ERROR] LogOutputStream:75 - [STDERR_REDIRECT] [Fatal Error] :1:1: Premature end of file.
2026-01-11 13:55:49,711 [ERROR] LogOutputStream:75 - [STDERR_REDIRECT] 
2026-01-11 13:55:50,710 [ERROR] LogOutputStream:75 - [STDERR_REDIRECT] [Fatal Error] :1:1: Premature end of file.
2026-01-11 13:55:50,710 [ERROR] LogOutputStream:75 - [STDERR_REDIRECT] 
2026-01-11 13:55:51,711 [ERROR] LogOutputStream:75 - [STDERR_REDIRECT] [Fatal Error] :1:1: Premature end of file.
2026-01-11 13:55:51,711 [ERROR] LogOutputStream:75 - [STDERR_REDIRECT] 
2026-01-11 13:55:52,710 [ERROR] LogOutputStream:75 - [STDERR_REDIRECT] [Fatal Error] :1:1: Premature end of file.
2026-01-11 13:55:52,710 [ERROR] LogOutputStream:75 - [STDERR_REDIRECT] 
2026-01-11 13:55:53,705 [ERROR] LogOutputStream:75 - [STDERR_REDIRECT] [Fatal Error] :1:1: Premature end of file.
2026-01-11 13:55:53,706 [ERROR] LogOutputStream:75 - [STDERR_REDIRECT] 
2026-01-11 13:55:54,707 [ERROR] LogOutputStream:75 - [STDERR_REDIRECT] [Fatal Error] :1:1: Premature end of file.
2026-01-11 13:55:54,707 [ERROR] LogOutputStream:75 - [STDERR_REDIRECT] 
2026-01-11 13:55:55,713 [ERROR] LogOutputStream:75 - [STDERR_REDIRECT] [Fatal Error] :1:1: Premature end of file.
2026-01-11 13:55:55,714 [ERROR] LogOutputStream:75 - [STDERR_REDIRECT] 
2026-01-11 13:55:56,711 [ERROR] LogOutputStream:75 - [STDERR_REDIRECT] [Fatal Error] :1:1: Premature end of file.
2026-01-11 13:55:56,711 [ERROR] LogOutputStream:75 - [STDERR_REDIRECT] 
2026-01-11 13:55:57,705 [ERROR] LogOutputStream:75 - [STDERR_REDIRECT] [Fatal Error] :1:1: Premature end of file.
2026-01-11 13:55:57,705 [ERROR] LogOutputStream:75 - [STDERR_REDIRECT] 
2026-01-11 13:55:58,706 [ERROR] LogOutputStream:75 - [STDERR_REDIRECT] [Fatal Error] :1:1: Premature end of file.
2026-01-11 13:55:58,707 [ERROR] LogOutputStream:75 - [STDERR_REDIRECT] 
2026-01-11 13:55:59,704 [ERROR] LogOutputStream:75 - [STDERR_REDIRECT] [Fatal Error] :1:1: Premature end of file.
2026-01-11 13:55:59,704 [ERROR] LogOutputStream:75 - [STDERR_REDIRECT] 
2026-01-11 13:56:00,705 [ERROR] LogOutputStream:75 - [STDERR_REDIRECT] [Fatal Error] :1:1: Premature end of file.
2026-01-11 13:56:00,705 [ERROR] LogOutputStream:75 - [STDERR_REDIRECT] 
2026-01-11 13:56:01,706 [ERROR] LogOutputStream:75 - [STDERR_REDIRECT] [Fatal Error] :1:1: Premature end of file.
2026-01-11 13:56:01,706 [ERROR] LogOutputStream:75 - [STDERR_REDIRECT] 
2026-01-11 13:56:02,703 [ERROR] LogOutputStream:75 - [STDERR_REDIRECT] [Fatal Error] :1:1: Premature end of file.
2026-01-11 13:56:02,703 [ERROR] LogOutputStream:75 - [STDERR_REDIRECT] 
2026-01-11 13:56:03,706 [ERROR] LogOutputStream:75 - [STDERR_REDIRECT] [Fatal Error] :1:1: Premature end of file.
2026-01-11 13:56:03,706 [ERROR] LogOutputStream:75 - [STDERR_REDIRECT] 
2026-01-11 13:56:04,704 [ERROR] LogOutputStream:75 - [STDERR_REDIRECT] [Fatal Error] :1:1: Premature end of file.
2026-01-11 13:56:04,704 [ERROR] LogOutputStream:75 - [STDERR_REDIRECT] 
2026-01-11 13:56:05,706 [ERROR] LogOutputStream:75 - [STDERR_REDIRECT] [Fatal Error] :1:1: Premature end of file.
2026-01-11 13:56:05,707 [ERROR] LogOutputStream:75 - [STDERR_REDIRECT] 
2026-01-11 13:56:06,711 [ERROR] LogOutputStream:75 - [STDERR_REDIRECT] [Fatal Error] :1:1: Premature end of file.
2026-01-11 13:56:06,711 [ERROR] LogOutputStream:75 - [STDERR_REDIRECT] 
2026-01-11 13:56:07,710 [ERROR] LogOutputStream:75 - [STDERR_REDIRECT] [Fatal Error] :1:1: Premature end of file.
2026-01-11 13:56:07,710 [ERROR] LogOutputStream:75 - [STDERR_REDIRECT] 
2026-01-11 13:56:08,705 [ERROR] LogOutputStream:75 - [STDERR_REDIRECT] [Fatal Error] :1:1: Premature end of file.
2026-01-11 13:56:08,705 [ERROR] LogOutputStream:75 - [STDERR_REDIRECT] 
2026-01-11 13:56:09,706 [ERROR] LogOutputStream:75 - [STDERR_REDIRECT] [Fatal Error] :1:1: Premature end of file.
2026-01-11 13:56:09,706 [ERROR] LogOutputStream:75 - [STDERR_REDIRECT] 
2026-01-11 13:56:10,707 [ERROR] LogOutputStream:75 - [STDERR_REDIRECT] [Fatal Error] :1:1: Premature end of file.
2026-01-11 13:56:10,707 [ERROR] LogOutputStream:75 - [STDERR_REDIRECT] 
2026-01-11 13:56:11,704 [ERROR] LogOutputStream:75 - [STDERR_REDIRECT] [Fatal Error] :1:1: Premature end of file.
2026-01-11 13:56:11,704 [ERROR] LogOutputStream:75 - [STDERR_REDIRECT] 
2026-01-11 13:56:12,704 [ERROR] LogOutputStream:75 - [STDERR_REDIRECT] [Fatal Error] :1:1: Premature end of file.
2026-01-11 13:56:12,704 [ERROR] LogOutputStream:75 - [STDERR_REDIRECT] 
2026-01-11 13:56:13,704 [ERROR] LogOutputStream:75 - [STDERR_REDIRECT] [Fatal Error] :1:1: Premature end of file.
2026-01-11 13:56:13,704 [ERROR] LogOutputStream:75 - [STDERR_REDIRECT] 
2026-01-11 13:56:14,704 [ERROR] LogOutputStream:75 - [STDERR_REDIRECT] [Fatal Error] :1:1: Premature end of file.
2026-01-11 13:56:14,704 [ERROR] LogOutputStream:75 - [STDERR_REDIRECT] 
2026-01-11 13:56:15,713 [ERROR] LogOutputStream:75 - [STDERR_REDIRECT] [Fatal Error] :1:1: Premature end of file.
2026-01-11 13:56:15,713 [ERROR] LogOutputStream:75 - [STDERR_REDIRECT] 
2026-01-11 13:56:16,705 [ERROR] LogOutputStream:75 - [STDERR_REDIRECT] [Fatal Error] :1:1: Premature end of file.
2026-01-11 13:56:16,706 [ERROR] LogOutputStream:75 - [STDERR_REDIRECT] 
2026-01-11 13:56:17,712 [ERROR] LogOutputStream:75 - [STDERR_REDIRECT] [Fatal Error] :1:1: Premature end of file.
2026-01-11 13:56:17,712 [ERROR] LogOutputStream:75 - [STDERR_REDIRECT] 
2026-01-11 13:56:18,713 [ERROR] LogOutputStream:75 - [STDERR_REDIRECT] [Fatal Error] :1:1: Premature end of file.
2026-01-11 13:56:18,713 [ERROR] LogOutputStream:75 - [STDERR_REDIRECT] 
2026-01-11 13:56:19,718 [ERROR] LogOutputStream:75 - [STDERR_REDIRECT] [Fatal Error] :1:1: Premature end of file.
2026-01-11 13:56:19,718 [ERROR] LogOutputStream:75 - [STDERR_REDIRECT] 
2026-01-11 13:56:20,708 [ERROR] LogOutputStream:75 - [STDERR_REDIRECT] [Fatal Error] :1:1: Premature end of file.
2026-01-11 13:56:20,708 [ERROR] LogOutputStream:75 - [STDERR_REDIRECT] 
2026-01-11 13:56:21,714 [ERROR] LogOutputStream:75 - [STDERR_REDIRECT] [Fatal Error] :1:1: Premature end of file.
2026-01-11 13:56:21,714 [ERROR] LogOutputStream:75 - [STDERR_REDIRECT] 
2026-01-11 13:56:22,715 [ERROR] LogOutputStream:75 - [STDERR_REDIRECT] [Fatal Error] :1:1: Premature end of file.
2026-01-11 13:56:22,715 [ERROR] LogOutputStream:75 - [STDERR_REDIRECT] 
2026-01-11 13:56:23,710 [ERROR] LogOutputStream:75 - [STDERR_REDIRECT] [Fatal Error] :1:1: Premature end of file.
2026-01-11 13:56:23,710 [ERROR] LogOutputStream:75 - [STDERR_REDIRECT] 
2026-01-11 13:56:24,707 [ERROR] LogOutputStream:75 - [STDERR_REDIRECT] [Fatal Error] :1:1: Premature end of file.
2026-01-11 13:56:24,708 [ERROR] LogOutputStream:75 - [STDERR_REDIRECT] 
2026-01-11 13:56:25,709 [ERROR] LogOutputStream:75 - [STDERR_REDIRECT] [Fatal Error] :1:1: Premature end of file.
2026-01-11 13:56:25,709 [ERROR] LogOutputStream:75 - [STDERR_REDIRECT] 
2026-01-11 13:56:26,711 [ERROR] LogOutputStream:75 - [STDERR_REDIRECT] [Fatal Error] :1:1: Premature end of file.
2026-01-11 13:56:26,711 [ERROR] LogOutputStream:75 - [STDERR_REDIRECT] 
2026-01-11 13:56:27,710 [ERROR] LogOutputStream:75 - [STDERR_REDIRECT] [Fatal Error] :1:1: Premature end of file.
2026-01-11 13:56:27,710 [ERROR] LogOutputStream:75 - [STDERR_REDIRECT] 
2026-01-11 13:56:28,711 [ERROR] LogOutputStream:75 - [STDERR_REDIRECT] [Fatal Error] :1:1: Premature end of file.
2026-01-11 13:56:28,711 [ERROR] LogOutputStream:75 - [STDERR_REDIRECT] 
2026-01-11 13:56:29,711 [ERROR] LogOutputStream:75 - [STDERR_REDIRECT] [Fatal Error] :1:1: Premature end of file.
2026-01-11 13:56:29,711 [ERROR] LogOutputStream:75 - [STDERR_REDIRECT] 
2026-01-11 13:56:30,704 [ERROR] LogOutputStream:75 - [STDERR_REDIRECT] [Fatal Error] :1:1: Premature end of file.
2026-01-11 13:56:30,704 [ERROR] LogOutputStream:75 - [STDERR_REDIRECT] 
2026-01-11 13:56:31,704 [ERROR] LogOutputStream:75 - [STDERR_REDIRECT] [Fatal Error] :1:1: Premature end of file.
2026-01-11 13:56:31,704 [ERROR] LogOutputStream:75 - [STDERR_REDIRECT] 
2026-01-11 13:56:32,706 [ERROR] LogOutputStream:75 - [STDERR_REDIRECT] [Fatal Error] :1:1: Premature end of file.
2026-01-11 13:56:32,706 [ERROR] LogOutputStream:75 - [STDERR_REDIRECT] 
2026-01-11 13:56:33,706 [ERROR] LogOutputStream:75 - [STDERR_REDIRECT] [Fatal Error] :1:1: Premature end of file.
2026-01-11 13:56:33,706 [ERROR] LogOutputStream:75 - [STDERR_REDIRECT] 
2026-01-11 13:56:34,705 [ERROR] LogOutputStream:75 - [STDERR_REDIRECT] [Fatal Error] :1:1: Premature end of file.
2026-01-11 13:56:34,705 [ERROR] LogOutputStream:75 - [STDERR_REDIRECT] 
2026-01-11 13:56:35,704 [ERROR] LogOutputStream:75 - [STDERR_REDIRECT] [Fatal Error] :1:1: Premature end of file.
2026-01-11 13:56:35,704 [ERROR] LogOutputStream:75 - [STDERR_REDIRECT] 
2026-01-11 13:56:36,704 [ERROR] LogOutputStream:75 - [STDERR_REDIRECT] [Fatal Error] :1:1: Premature end of file.
2026-01-11 13:56:36,704 [ERROR] LogOutputStream:75 - [STDERR_REDIRECT] 
2026-01-11 13:56:37,705 [ERROR] LogOutputStream:75 - [STDERR_REDIRECT] [Fatal Error] :1:1: Premature end of file.
2026-01-11 13:56:37,705 [ERROR] LogOutputStream:75 - [STDERR_REDIRECT] 
2026-01-11 13:56:38,702 [ERROR] LogOutputStream:75 - [STDERR_REDIRECT] [Fatal Error] :1:1: Premature end of file.
2026-01-11 13:56:38,702 [ERROR] LogOutputStream:75 - [STDERR_REDIRECT] 
2026-01-11 13:56:39,706 [ERROR] LogOutputStream:75 - [STDERR_REDIRECT] [Fatal Error] :1:1: Premature end of file.
2026-01-11 13:56:39,706 [ERROR] LogOutputStream:75 - [STDERR_REDIRECT] 
2026-01-11 13:56:40,705 [ERROR] LogOutputStream:75 - [STDERR_REDIRECT] [Fatal Error] :1:1: Premature end of file.
2026-01-11 13:56:40,705 [ERROR] LogOutputStream:75 - [STDERR_REDIRECT] 
2026-01-11 13:56:41,704 [ERROR] LogOutputStream:75 - [STDERR_REDIRECT] [Fatal Error] :1:1: Premature end of file.
2026-01-11 13:56:41,704 [ERROR] LogOutputStream:75 - [STDERR_REDIRECT] 
2026-01-11 13:56:42,705 [ERROR] LogOutputStream:75 - [STDERR_REDIRECT] [Fatal Error] :1:1: Premature end of file.
2026-01-11 13:56:42,705 [ERROR] LogOutputStream:75 - [STDERR_REDIRECT] 
2026-01-11 13:56:43,705 [ERROR] LogOutputStream:75 - [STDERR_REDIRECT] [Fatal Error] :1:1: Premature end of file.
2026-01-11 13:56:43,705 [ERROR] LogOutputStream:75 - [STDERR_REDIRECT] 
2026-01-11 13:56:44,704 [ERROR] LogOutputStream:75 - [STDERR_REDIRECT] [Fatal Error] :1:1: Premature end of file.
2026-01-11 13:56:44,704 [ERROR] LogOutputStream:75 - [STDERR_REDIRECT] 
2026-01-11 13:56:45,704 [ERROR] LogOutputStream:75 - [STDERR_REDIRECT] [Fatal Error] :1:1: Premature end of file.
2026-01-11 13:56:45,704 [ERROR] LogOutputStream:75 - [STDERR_REDIRECT] 
2026-01-11 13:56:46,707 [ERROR] LogOutputStream:75 - [STDERR_REDIRECT] [Fatal Error] :1:1: Premature end of file.
2026-01-11 13:56:46,707 [ERROR] LogOutputStream:75 - [STDERR_REDIRECT] 
2026-01-11 13:56:47,714 [ERROR] LogOutputStream:75 - [STDERR_REDIRECT] [Fatal Error] :1:1: Premature end of file.
2026-01-11 13:56:47,714 [ERROR] LogOutputStream:75 - [STDERR_REDIRECT] 
2026-01-11 13:56:48,704 [ERROR] LogOutputStream:75 - [STDERR_REDIRECT] [Fatal Error] :1:1: Premature end of file.
2026-01-11 13:56:48,704 [ERROR] LogOutputStream:75 - [STDERR_REDIRECT] 
2026-01-11 13:56:49,711 [ERROR] LogOutputStream:75 - [STDERR_REDIRECT] [Fatal Error] :1:1: Premature end of file.
2026-01-11 13:56:49,711 [ERROR] LogOutputStream:75 - [STDERR_REDIRECT] 
2026-01-11 13:56:50,710 [ERROR] LogOutputStream:75 - [STDERR_REDIRECT] [Fatal Error] :1:1: Premature end of file.
2026-01-11 13:56:50,710 [ERROR] LogOutputStream:75 - [STDERR_REDIRECT] 
2026-01-11 13:56:51,715 [ERROR] LogOutputStream:75 - [STDERR_REDIRECT] [Fatal Error] :1:1: Premature end of file.
2026-01-11 13:56:51,715 [ERROR] LogOutputStream:75 - [STDERR_REDIRECT] 
2026-01-11 13:56:52,709 [ERROR] LogOutputStream:75 - [STDERR_REDIRECT] [Fatal Error] :1:1: Premature end of file.
2026-01-11 13:56:52,709 [ERROR] LogOutputStream:75 - [STDERR_REDIRECT] 
2026-01-11 13:56:53,707 [ERROR] LogOutputStream:75 - [STDERR_REDIRECT] [Fatal Error] :1:1: Premature end of file.
2026-01-11 13:56:53,707 [ERROR] LogOutputStream:75 - [STDERR_REDIRECT] 
2026-01-11 13:56:54,708 [ERROR] LogOutputStream:75 - [STDERR_REDIRECT] [Fatal Error] :1:1: Premature end of file.
2026-01-11 13:56:54,709 [ERROR] LogOutputStream:75 - [STDERR_REDIRECT] 
2026-01-11 13:56:55,713 [ERROR] LogOutputStream:75 - [STDERR_REDIRECT] [Fatal Error] :1:1: Premature end of file.
2026-01-11 13:56:55,713 [ERROR] LogOutputStream:75 - [STDERR_REDIRECT] 
2026-01-11 13:56:56,715 [ERROR] LogOutputStream:75 - [STDERR_REDIRECT] [Fatal Error] :1:1: Premature end of file.
2026-01-11 13:56:56,715 [ERROR] LogOutputStream:75 - [STDERR_REDIRECT] 
2026-01-11 13:56:57,704 [ERROR] LogOutputStream:75 - [STDERR_REDIRECT] [Fatal Error] :1:1: Premature end of file.
2026-01-11 13:56:57,705 [ERROR] LogOutputStream:75 - [STDERR_REDIRECT] 
2026-01-11 13:56:58,710 [ERROR] LogOutputStream:75 - [STDERR_REDIRECT] [Fatal Error] :1:1: Premature end of file.
2026-01-11 13:56:58,710 [ERROR] LogOutputStream:75 - [STDERR_REDIRECT] 
2026-01-11 13:56:59,709 [ERROR] LogOutputStream:75 - [STDERR_REDIRECT] [Fatal Error] :1:1: Premature end of file.
2026-01-11 13:56:59,709 [ERROR] LogOutputStream:75 - [STDERR_REDIRECT] 
2026-01-11 13:57:00,714 [ERROR] LogOutputStream:75 - [STDERR_REDIRECT] [Fatal Error] :1:1: Premature end of file.
2026-01-11 13:57:00,714 [ERROR] LogOutputStream:75 - [STDERR_REDIRECT] 
2026-01-11 13:57:01,703 [ERROR] LogOutputStream:75 - [STDERR_REDIRECT] [Fatal Error] :1:1: Premature end of file.
2026-01-11 13:57:01,703 [ERROR] LogOutputStream:75 - [STDERR_REDIRECT] 
2026-01-11 13:57:02,705 [ERROR] LogOutputStream:75 - [STDERR_REDIRECT] [Fatal Error] :1:1: Premature end of file.
2026-01-11 13:57:02,705 [ERROR] LogOutputStream:75 - [STDERR_REDIRECT] 
2026-01-11 13:57:03,705 [ERROR] LogOutputStream:75 - [STDERR_REDIRECT] [Fatal Error] :1:1: Premature end of file.
2026-01-11 13:57:03,705 [ERROR] LogOutputStream:75 - [STDERR_REDIRECT] 
2026-01-11 13:57:04,705 [ERROR] LogOutputStream:75 - [STDERR_REDIRECT] [Fatal Error] :1:1: Premature end of file.
2026-01-11 13:57:04,706 [ERROR] LogOutputStream:75 - [STDERR_REDIRECT] 
2026-01-11 13:57:05,705 [ERROR] LogOutputStream:75 - [STDERR_REDIRECT] [Fatal Error] :1:1: Premature end of file.
2026-01-11 13:57:05,706 [ERROR] LogOutputStream:75 - [STDERR_REDIRECT] 
2026-01-11 13:57:06,703 [ERROR] LogOutputStream:75 - [STDERR_REDIRECT] [Fatal Error] :1:1: Premature end of file.
2026-01-11 13:57:06,703 [ERROR] LogOutputStream:75 - [STDERR_REDIRECT] 
2026-01-11 13:57:07,707 [ERROR] LogOutputStream:75 - [STDERR_REDIRECT] [Fatal Error] :1:1: Premature end of file.
2026-01-11 13:57:07,707 [ERROR] LogOutputStream:75 - [STDERR_REDIRECT] 
2026-01-11 13:57:08,705 [ERROR] LogOutputStream:75 - [STDERR_REDIRECT] [Fatal Error] :1:1: Premature end of file.
2026-01-11 13:57:08,705 [ERROR] LogOutputStream:75 - [STDERR_REDIRECT] 
2026-01-11 13:57:09,705 [ERROR] LogOutputStream:75 - [STDERR_REDIRECT] [Fatal Error] :1:1: Premature end of file.
2026-01-11 13:57:09,705 [ERROR] LogOutputStream:75 - [STDERR_REDIRECT] 
2026-01-11 13:57:10,705 [ERROR] LogOutputStream:75 - [STDERR_REDIRECT] [Fatal Error] :1:1: Premature end of file.
2026-01-11 13:57:10,705 [ERROR] LogOutputStream:75 - [STDERR_REDIRECT] 
2026-01-11 13:57:11,705 [ERROR] LogOutputStream:75 - [STDERR_REDIRECT] [Fatal Error] :1:1: Premature end of file.
2026-01-11 13:57:11,705 [ERROR] LogOutputStream:75 - [STDERR_REDIRECT] 
2026-01-11 13:57:12,706 [ERROR] LogOutputStream:75 - [STDERR_REDIRECT] [Fatal Error] :1:1: Premature end of file.
2026-01-11 13:57:12,706 [ERROR] LogOutputStream:75 - [STDERR_REDIRECT] 
2026-01-11 13:57:13,706 [ERROR] LogOutputStream:75 - [STDERR_REDIRECT] [Fatal Error] :1:1: Premature end of file.
2026-01-11 13:57:13,707 [ERROR] LogOutputStream:75 - [STDERR_REDIRECT] 
2026-01-11 13:57:14,712 [ERROR] LogOutputStream:75 - [STDERR_REDIRECT] [Fatal Error] :1:1: Premature end of file.
2026-01-11 13:57:14,712 [ERROR] LogOutputStream:75 - [STDERR_REDIRECT] 
2026-01-11 13:57:15,708 [ERROR] LogOutputStream:75 - [STDERR_REDIRECT] [Fatal Error] :1:1: Premature end of file.
2026-01-11 13:57:15,708 [ERROR] LogOutputStream:75 - [STDERR_REDIRECT] 
2026-01-11 13:57:16,707 [ERROR] LogOutputStream:75 - [STDERR_REDIRECT] [Fatal Error] :1:1: Premature end of file.
2026-01-11 13:57:16,707 [ERROR] LogOutputStream:75 - [STDERR_REDIRECT] 
2026-01-11 13:57:17,706 [ERROR] LogOutputStream:75 - [STDERR_REDIRECT] [Fatal Error] :1:1: Premature end of file.
2026-01-11 13:57:17,706 [ERROR] LogOutputStream:75 - [STDERR_REDIRECT] 
2026-01-11 13:57:18,705 [ERROR] LogOutputStream:75 - [STDERR_REDIRECT] [Fatal Error] :1:1: Premature end of file.
2026-01-11 13:57:18,705 [ERROR] LogOutputStream:75 - [STDERR_REDIRECT] 
2026-01-11 13:57:19,704 [ERROR] LogOutputStream:75 - [STDERR_REDIRECT] [Fatal Error] :1:1: Premature end of file.
2026-01-11 13:57:19,704 [ERROR] LogOutputStream:75 - [STDERR_REDIRECT] 
2026-01-11 13:57:20,705 [ERROR] LogOutputStream:75 - [STDERR_REDIRECT] [Fatal Error] :1:1: Premature end of file.
2026-01-11 13:57:20,705 [ERROR] LogOutputStream:75 - [STDERR_REDIRECT] 
2026-01-11 13:57:21,704 [ERROR] LogOutputStream:75 - [STDERR_REDIRECT] [Fatal Error] :1:1: Premature end of file.
2026-01-11 13:57:21,704 [ERROR] LogOutputStream:75 - [STDERR_REDIRECT] 
2026-01-11 13:57:22,705 [ERROR] LogOutputStream:75 - [STDERR_REDIRECT] [Fatal Error] :1:1: Premature end of file.
2026-01-11 13:57:22,705 [ERROR] LogOutputStream:75 - [STDERR_REDIRECT] 
2026-01-11 13:57:23,704 [ERROR] LogOutputStream:75 - [STDERR_REDIRECT] [Fatal Error] :1:1: Premature end of file.
2026-01-11 13:57:23,705 [ERROR] LogOutputStream:75 - [STDERR_REDIRECT] 
2026-01-11 13:57:24,705 [ERROR] LogOutputStream:75 - [STDERR_REDIRECT] [Fatal Error] :1:1: Premature end of file.
2026-01-11 13:57:24,705 [ERROR] LogOutputStream:75 - [STDERR_REDIRECT] 
2026-01-11 13:57:25,704 [ERROR] LogOutputStream:75 - [STDERR_REDIRECT] [Fatal Error] :1:1: Premature end of file.
2026-01-11 13:57:25,704 [ERROR] LogOutputStream:75 - [STDERR_REDIRECT] 
2026-01-11 13:57:26,707 [ERROR] LogOutputStream:75 - [STDERR_REDIRECT] [Fatal Error] :1:1: Premature end of file.
2026-01-11 13:57:26,707 [ERROR] LogOutputStream:75 - [STDERR_REDIRECT] 
2026-01-11 13:57:27,704 [ERROR] LogOutputStream:75 - [STDERR_REDIRECT] [Fatal Error] :1:1: Premature end of file.
2026-01-11 13:57:27,704 [ERROR] LogOutputStream:75 - [STDERR_REDIRECT] 
2026-01-11 13:57:28,710 [ERROR] LogOutputStream:75 - [STDERR_REDIRECT] [Fatal Error] :1:1: Premature end of file.
2026-01-11 13:57:28,710 [ERROR] LogOutputStream:75 - [STDERR_REDIRECT] 
2026-01-11 13:57:29,708 [ERROR] LogOutputStream:75 - [STDERR_REDIRECT] [Fatal Error] :1:1: Premature end of file.
2026-01-11 13:57:29,708 [ERROR] LogOutputStream:75 - [STDERR_REDIRECT] 
2026-01-11 13:57:30,716 [ERROR] LogOutputStream:75 - [STDERR_REDIRECT] [Fatal Error] :1:1: Premature end of file.
2026-01-11 13:57:30,717 [ERROR] LogOutputStream:75 - [STDERR_REDIRECT] 
2026-01-11 13:57:31,710 [ERROR] LogOutputStream:75 - [STDERR_REDIRECT] [Fatal Error] :1:1: Premature end of file.
2026-01-11 13:57:31,710 [ERROR] LogOutputStream:75 - [STDERR_REDIRECT] 
2026-01-11 13:57:32,704 [ERROR] LogOutputStream:75 - [STDERR_REDIRECT] [Fatal Error] :1:1: Premature end of file.
2026-01-11 13:57:32,704 [ERROR] LogOutputStream:75 - [STDERR_REDIRECT] 
2026-01-11 13:57:33,706 [ERROR] LogOutputStream:75 - [STDERR_REDIRECT] [Fatal Error] :1:1: Premature end of file.
2026-01-11 13:57:33,706 [ERROR] LogOutputStream:75 - [STDERR_REDIRECT] 
2026-01-11 13:57:34,705 [ERROR] LogOutputStream:75 - [STDERR_REDIRECT] [Fatal Error] :1:1: Premature end of file.
2026-01-11 13:57:34,705 [ERROR] LogOutputStream:75 - [STDERR_REDIRECT] 
2026-01-11 13:57:35,705 [ERROR] LogOutputStream:75 - [STDERR_REDIRECT] [Fatal Error] :1:1: Premature end of file.
2026-01-11 13:57:35,705 [ERROR] LogOutputStream:75 - [STDERR_REDIRECT] 
2026-01-11 13:57:36,705 [ERROR] LogOutputStream:75 - [STDERR_REDIRECT] [Fatal Error] :1:1: Premature end of file.
2026-01-11 13:57:36,705 [ERROR] LogOutputStream:75 - [STDERR_REDIRECT] 
2026-01-11 13:57:37,704 [ERROR] LogOutputStream:75 - [STDERR_REDIRECT] [Fatal Error] :1:1: Premature end of file.
2026-01-11 13:57:37,704 [ERROR] LogOutputStream:75 - [STDERR_REDIRECT] 
2026-01-11 13:57:38,708 [ERROR] LogOutputStream:75 - [STDERR_REDIRECT] [Fatal Error] :1:1: Premature end of file.
2026-01-11 13:57:38,708 [ERROR] LogOutputStream:75 - [STDERR_REDIRECT] 
2026-01-11 13:57:39,717 [ERROR] LogOutputStream:75 - [STDERR_REDIRECT] [Fatal Error] :1:1: Premature end of file.
2026-01-11 13:57:39,717 [ERROR] LogOutputStream:75 - [STDERR_REDIRECT] 
2026-01-11 13:57:40,704 [ERROR] LogOutputStream:75 - [STDERR_REDIRECT] [Fatal Error] :1:1: Premature end of file.
2026-01-11 13:57:40,704 [ERROR] LogOutputStream:75 - [STDERR_REDIRECT] 
2026-01-11 13:57:41,704 [ERROR] LogOutputStream:75 - [STDERR_REDIRECT] [Fatal Error] :1:1: Premature end of file.
2026-01-11 13:57:41,704 [ERROR] LogOutputStream:75 - [STDERR_REDIRECT] 
2026-01-11 13:57:42,705 [ERROR] LogOutputStream:75 - [STDERR_REDIRECT] [Fatal Error] :1:1: Premature end of file.
2026-01-11 13:57:42,705 [ERROR] LogOutputStream:75 - [STDERR_REDIRECT] 
2026-01-11 13:57:43,704 [ERROR] LogOutputStream:75 - [STDERR_REDIRECT] [Fatal Error] :1:1: Premature end of file.
2026-01-11 13:57:43,704 [ERROR] LogOutputStream:75 - [STDERR_REDIRECT] 
2026-01-11 13:57:44,703 [ERROR] LogOutputStream:75 - [STDERR_REDIRECT] [Fatal Error] :1:1: Premature end of file.
2026-01-11 13:57:44,703 [ERROR] LogOutputStream:75 - [STDERR_REDIRECT] 
2026-01-11 13:57:45,706 [ERROR] LogOutputStream:75 - [STDERR_REDIRECT] [Fatal Error] :1:1: Premature end of file.
2026-01-11 13:57:45,706 [ERROR] LogOutputStream:75 - [STDERR_REDIRECT] 
2026-01-11 13:57:46,703 [ERROR] LogOutputStream:75 - [STDERR_REDIRECT] [Fatal Error] :1:1: Premature end of file.
2026-01-11 13:57:46,703 [ERROR] LogOutputStream:75 - [STDERR_REDIRECT] 
2026-01-11 13:57:47,704 [ERROR] LogOutputStream:75 - [STDERR_REDIRECT] [Fatal Error] :1:1: Premature end of file.
2026-01-11 13:57:47,704 [ERROR] LogOutputStream:75 - [STDERR_REDIRECT] 
2026-01-11 13:57:48,713 [ERROR] LogOutputStream:75 - [STDERR_REDIRECT] [Fatal Error] :1:1: Premature end of file.
2026-01-11 13:57:48,713 [ERROR] LogOutputStream:75 - [STDERR_REDIRECT] 
2026-01-11 13:57:49,705 [ERROR] LogOutputStream:75 - [STDERR_REDIRECT] [Fatal Error] :1:1: Premature end of file.
2026-01-11 13:57:49,705 [ERROR] LogOutputStream:75 - [STDERR_REDIRECT] 
2026-01-11 13:57:50,713 [ERROR] LogOutputStream:75 - [STDERR_REDIRECT] [Fatal Error] :1:1: Premature end of file.
2026-01-11 13:57:50,713 [ERROR] LogOutputStream:75 - [STDERR_REDIRECT] 
2026-01-11 13:57:51,703 [ERROR] LogOutputStream:75 - [STDERR_REDIRECT] [Fatal Error] :1:1: Premature end of file.
2026-01-11 13:57:51,704 [ERROR] LogOutputStream:75 - [STDERR_REDIRECT] 
2026-01-11 13:57:52,705 [ERROR] LogOutputStream:75 - [STDERR_REDIRECT] [Fatal Error] :1:1: Premature end of file.
2026-01-11 13:57:52,705 [ERROR] LogOutputStream:75 - [STDERR_REDIRECT] 
2026-01-11 13:57:53,706 [ERROR] LogOutputStream:75 - [STDERR_REDIRECT] [Fatal Error] :1:1: Premature end of file.
2026-01-11 13:57:53,706 [ERROR] LogOutputStream:75 - [STDERR_REDIRECT] 
2026-01-11 13:57:54,704 [ERROR] LogOutputStream:75 - [STDERR_REDIRECT] [Fatal Error] :1:1: Premature end of file.
2026-01-11 13:57:54,704 [ERROR] LogOutputStream:75 - [STDERR_REDIRECT] 
2026-01-11 13:57:55,706 [ERROR] LogOutputStream:75 - [STDERR_REDIRECT] [Fatal Error] :1:1: Premature end of file.
2026-01-11 13:57:55,706 [ERROR] LogOutputStream:75 - [STDERR_REDIRECT] 
2026-01-11 13:57:56,705 [ERROR] LogOutputStream:75 - [STDERR_REDIRECT] [Fatal Error] :1:1: Premature end of file.
2026-01-11 13:57:56,705 [ERROR] LogOutputStream:75 - [STDERR_REDIRECT] 
2026-01-11 13:57:57,705 [ERROR] LogOutputStream:75 - [STDERR_REDIRECT] [Fatal Error] :1:1: Premature end of file.
2026-01-11 13:57:57,705 [ERROR] LogOutputStream:75 - [STDERR_REDIRECT] 
2026-01-11 13:57:58,703 [ERROR] LogOutputStream:75 - [STDERR_REDIRECT] [Fatal Error] :1:1: Premature end of file.
2026-01-11 13:57:58,703 [ERROR] LogOutputStream:75 - [STDERR_REDIRECT] 
2026-01-11 13:57:59,704 [ERROR] LogOutputStream:75 - [STDERR_REDIRECT] [Fatal Error] :1:1: Premature end of file.
2026-01-11 13:57:59,704 [ERROR] LogOutputStream:75 - [STDERR_REDIRECT] 
2026-01-11 13:58:00,705 [ERROR] LogOutputStream:75 - [STDERR_REDIRECT] [Fatal Error] :1:1: Premature end of file.
2026-01-11 13:58:00,705 [ERROR] LogOutputStream:75 - [STDERR_REDIRECT] 
2026-01-11 13:58:01,710 [ERROR] LogOutputStream:75 - [STDERR_REDIRECT] [Fatal Error] :1:1: Premature end of file.
2026-01-11 13:58:01,710 [ERROR] LogOutputStream:75 - [STDERR_REDIRECT] 
2026-01-11 13:58:02,704 [ERROR] LogOutputStream:75 - [STDERR_REDIRECT] [Fatal Error] :1:1: Premature end of file.
2026-01-11 13:58:02,704 [ERROR] LogOutputStream:75 - [STDERR_REDIRECT] 
2026-01-11 13:58:03,704 [ERROR] LogOutputStream:75 - [STDERR_REDIRECT] [Fatal Error] :1:1: Premature end of file.
2026-01-11 13:58:03,704 [ERROR] LogOutputStream:75 - [STDERR_REDIRECT] 
2026-01-11 13:58:04,703 [ERROR] LogOutputStream:75 - [STDERR_REDIRECT] [Fatal Error] :1:1: Premature end of file.
2026-01-11 13:58:04,703 [ERROR] LogOutputStream:75 - [STDERR_REDIRECT] 
2026-01-11 13:58:05,706 [ERROR] LogOutputStream:75 - [STDERR_REDIRECT] [Fatal Error] :1:1: Premature end of file.
2026-01-11 13:58:05,706 [ERROR] LogOutputStream:75 - [STDERR_REDIRECT] 
2026-01-11 13:58:06,705 [ERROR] LogOutputStream:75 - [STDERR_REDIRECT] [Fatal Error] :1:1: Premature end of file.
2026-01-11 13:58:06,706 [ERROR] LogOutputStream:75 - [STDERR_REDIRECT] 
2026-01-11 13:58:07,703 [ERROR] LogOutputStream:75 - [STDERR_REDIRECT] [Fatal Error] :1:1: Premature end of file.
2026-01-11 13:58:07,703 [ERROR] LogOutputStream:75 - [STDERR_REDIRECT] 
2026-01-11 13:58:08,704 [ERROR] LogOutputStream:75 - [STDERR_REDIRECT] [Fatal Error] :1:1: Premature end of file.
2026-01-11 13:58:08,704 [ERROR] LogOutputStream:75 - [STDERR_REDIRECT] 
2026-01-11 13:58:09,704 [ERROR] LogOutputStream:75 - [STDERR_REDIRECT] [Fatal Error] :1:1: Premature end of file.
2026-01-11 13:58:09,704 [ERROR] LogOutputStream:75 - [STDERR_REDIRECT] 
2026-01-11 13:58:10,704 [ERROR] LogOutputStream:75 - [STDERR_REDIRECT] [Fatal Error] :1:1: Premature end of file.
2026-01-11 13:58:10,704 [ERROR] LogOutputStream:75 - [STDERR_REDIRECT] 
2026-01-11 13:58:11,705 [ERROR] LogOutputStream:75 - [STDERR_REDIRECT] [Fatal Error] :1:1: Premature end of file.
2026-01-11 13:58:11,705 [ERROR] LogOutputStream:75 - [STDERR_REDIRECT] 
2026-01-11 13:58:12,703 [ERROR] LogOutputStream:75 - [STDERR_REDIRECT] [Fatal Error] :1:1: Premature end of file.
2026-01-11 13:58:12,703 [ERROR] LogOutputStream:75 - [STDERR_REDIRECT] 
2026-01-11 13:58:13,704 [ERROR] LogOutputStream:75 - [STDERR_REDIRECT] [Fatal Error] :1:1: Premature end of file.
2026-01-11 13:58:13,705 [ERROR] LogOutputStream:75 - [STDERR_REDIRECT] 
2026-01-11 13:58:14,709 [ERROR] LogOutputStream:75 - [STDERR_REDIRECT] [Fatal Error] :1:1: Premature end of file.
2026-01-11 13:58:14,709 [ERROR] LogOutputStream:75 - [STDERR_REDIRECT] 
2026-01-11 13:58:15,711 [ERROR] LogOutputStream:75 - [STDERR_REDIRECT] [Fatal Error] :1:1: Premature end of file.
2026-01-11 13:58:15,711 [ERROR] LogOutputStream:75 - [STDERR_REDIRECT] 
2026-01-11 13:58:16,705 [ERROR] LogOutputStream:75 - [STDERR_REDIRECT] [Fatal Error] :1:1: Premature end of file.
2026-01-11 13:58:16,706 [ERROR] LogOutputStream:75 - [STDERR_REDIRECT] 
2026-01-11 13:58:17,705 [ERROR] LogOutputStream:75 - [STDERR_REDIRECT] [Fatal Error] :1:1: Premature end of file.
2026-01-11 13:58:17,705 [ERROR] LogOutputStream:75 - [STDERR_REDIRECT] 
2026-01-11 13:58:18,704 [ERROR] LogOutputStream:75 - [STDERR_REDIRECT] [Fatal Error] :1:1: Premature end of file.
2026-01-11 13:58:18,704 [ERROR] LogOutputStream:75 - [STDERR_REDIRECT] 
2026-01-11 13:58:19,705 [ERROR] LogOutputStream:75 - [STDERR_REDIRECT] [Fatal Error] :1:1: Premature end of file.
2026-01-11 13:58:19,706 [ERROR] LogOutputStream:75 - [STDERR_REDIRECT] 
2026-01-11 13:58:20,704 [ERROR] LogOutputStream:75 - [STDERR_REDIRECT] [Fatal Error] :1:1: Premature end of file.
2026-01-11 13:58:20,705 [ERROR] LogOutputStream:75 - [STDERR_REDIRECT] 
2026-01-11 13:58:21,703 [ERROR] LogOutputStream:75 - [STDERR_REDIRECT] [Fatal Error] :1:1: Premature end of file.
2026-01-11 13:58:21,704 [ERROR] LogOutputStream:75 - [STDERR_REDIRECT] 
2026-01-11 13:58:22,704 [ERROR] LogOutputStream:75 - [STDERR_REDIRECT] [Fatal Error] :1:1: Premature end of file.
2026-01-11 13:58:22,704 [ERROR] LogOutputStream:75 - [STDERR_REDIRECT] 
2026-01-11 13:58:23,704 [ERROR] LogOutputStream:75 - [STDERR_REDIRECT] [Fatal Error] :1:1: Premature end of file.
2026-01-11 13:58:23,704 [ERROR] LogOutputStream:75 - [STDERR_REDIRECT] 
2026-01-11 13:58:24,710 [ERROR] LogOutputStream:75 - [STDERR_REDIRECT] [Fatal Error] :1:1: Premature end of file.
2026-01-11 13:58:24,710 [ERROR] LogOutputStream:75 - [STDERR_REDIRECT] 
2026-01-11 13:58:25,703 [ERROR] LogOutputStream:75 - [STDERR_REDIRECT] [Fatal Error] :1:1: Premature end of file.
2026-01-11 13:58:25,703 [ERROR] LogOutputStream:75 - [STDERR_REDIRECT] 
2026-01-11 13:58:26,704 [ERROR] LogOutputStream:75 - [STDERR_REDIRECT] [Fatal Error] :1:1: Premature end of file.
2026-01-11 13:58:26,704 [ERROR] LogOutputStream:75 - [STDERR_REDIRECT] 
2026-01-11 13:58:27,704 [ERROR] LogOutputStream:75 - [STDERR_REDIRECT] [Fatal Error] :1:1: Premature end of file.
2026-01-11 13:58:27,704 [ERROR] LogOutputStream:75 - [STDERR_REDIRECT] 
2026-01-11 13:58:28,707 [ERROR] LogOutputStream:75 - [STDERR_REDIRECT] [Fatal Error] :1:1: Premature end of file.
2026-01-11 13:58:28,707 [ERROR] LogOutputStream:75 - [STDERR_REDIRECT] 
2026-01-11 13:58:29,706 [ERROR] LogOutputStream:75 - [STDERR_REDIRECT] [Fatal Error] :1:1: Premature end of file.
2026-01-11 13:58:29,706 [ERROR] LogOutputStream:75 - [STDERR_REDIRECT] 
2026-01-11 13:58:30,713 [ERROR] LogOutputStream:75 - [STDERR_REDIRECT] [Fatal Error] :1:1: Premature end of file.
2026-01-11 13:58:30,713 [ERROR] LogOutputStream:75 - [STDERR_REDIRECT] 
2026-01-11 13:58:31,707 [ERROR] LogOutputStream:75 - [STDERR_REDIRECT] [Fatal Error] :1:1: Premature end of file.
2026-01-11 13:58:31,707 [ERROR] LogOutputStream:75 - [STDERR_REDIRECT] 
2026-01-11 13:58:32,707 [ERROR] LogOutputStream:75 - [STDERR_REDIRECT] [Fatal Error] :1:1: Premature end of file.
2026-01-11 13:58:32,707 [ERROR] LogOutputStream:75 - [STDERR_REDIRECT] 
2026-01-11 13:58:33,706 [ERROR] LogOutputStream:75 - [STDERR_REDIRECT] [Fatal Error] :1:1: Premature end of file.
2026-01-11 13:58:33,707 [ERROR] LogOutputStream:75 - [STDERR_REDIRECT] 
2026-01-11 13:58:34,707 [ERROR] LogOutputStream:75 - [STDERR_REDIRECT] [Fatal Error] :1:1: Premature end of file.
2026-01-11 13:58:34,707 [ERROR] LogOutputStream:75 - [STDERR_REDIRECT] 
2026-01-11 13:58:35,704 [ERROR] LogOutputStream:75 - [STDERR_REDIRECT] [Fatal Error] :1:1: Premature end of file.
2026-01-11 13:58:35,704 [ERROR] LogOutputStream:75 - [STDERR_REDIRECT] 
2026-01-11 13:58:36,706 [ERROR] LogOutputStream:75 - [STDERR_REDIRECT] [Fatal Error] :1:1: Premature end of file.
2026-01-11 13:58:36,707 [ERROR] LogOutputStream:75 - [STDERR_REDIRECT] 
2026-01-11 13:58:37,712 [ERROR] LogOutputStream:75 - [STDERR_REDIRECT] [Fatal Error] :1:1: Premature end of file.
2026-01-11 13:58:37,712 [ERROR] LogOutputStream:75 - [STDERR_REDIRECT] 
2026-01-11 13:58:38,705 [ERROR] LogOutputStream:75 - [STDERR_REDIRECT] [Fatal Error] :1:1: Premature end of file.
2026-01-11 13:58:38,705 [ERROR] LogOutputStream:75 - [STDERR_REDIRECT] 
2026-01-11 13:58:39,705 [ERROR] LogOutputStream:75 - [STDERR_REDIRECT] [Fatal Error] :1:1: Premature end of file.
2026-01-11 13:58:39,705 [ERROR] LogOutputStream:75 - [STDERR_REDIRECT] 
2026-01-11 13:58:40,706 [ERROR] LogOutputStream:75 - [STDERR_REDIRECT] [Fatal Error] :1:1: Premature end of file.
2026-01-11 13:58:40,706 [ERROR] LogOutputStream:75 - [STDERR_REDIRECT] 
2026-01-11 13:58:41,706 [ERROR] LogOutputStream:75 - [STDERR_REDIRECT] [Fatal Error] :1:1: Premature end of file.
2026-01-11 13:58:41,706 [ERROR] LogOutputStream:75 - [STDERR_REDIRECT] 
2026-01-11 13:58:42,706 [ERROR] LogOutputStream:75 - [STDERR_REDIRECT] [Fatal Error] :1:1: Premature end of file.
2026-01-11 13:58:42,706 [ERROR] LogOutputStream:75 - [STDERR_REDIRECT] 
2026-01-11 13:58:43,704 [ERROR] LogOutputStream:75 - [STDERR_REDIRECT] [Fatal Error] :1:1: Premature end of file.
2026-01-11 13:58:43,704 [ERROR] LogOutputStream:75 - [STDERR_REDIRECT] 
2026-01-11 13:58:44,702 [ERROR] LogOutputStream:75 - [STDERR_REDIRECT] [Fatal Error] :1:1: Premature end of file.
2026-01-11 13:58:44,703 [ERROR] LogOutputStream:75 - [STDERR_REDIRECT] 
2026-01-11 13:58:45,704 [ERROR] LogOutputStream:75 - [STDERR_REDIRECT] [Fatal Error] :1:1: Premature end of file.
2026-01-11 13:58:45,704 [ERROR] LogOutputStream:75 - [STDERR_REDIRECT] 
2026-01-11 13:58:46,704 [ERROR] LogOutputStream:75 - [STDERR_REDIRECT] [Fatal Error] :1:1: Premature end of file.
2026-01-11 13:58:46,704 [ERROR] LogOutputStream:75 - [STDERR_REDIRECT] 
2026-01-11 13:58:47,702 [ERROR] LogOutputStream:75 - [STDERR_REDIRECT] [Fatal Error] :1:1: Premature end of file.
2026-01-11 13:58:47,703 [ERROR] LogOutputStream:75 - [STDERR_REDIRECT] 
2026-01-11 13:58:48,704 [ERROR] LogOutputStream:75 - [STDERR_REDIRECT] [Fatal Error] :1:1: Premature end of file.
2026-01-11 13:58:48,705 [ERROR] LogOutputStream:75 - [STDERR_REDIRECT] 
2026-01-11 13:58:49,702 [ERROR] LogOutputStream:75 - [STDERR_REDIRECT] [Fatal Error] :1:1: Premature end of file.
2026-01-11 13:58:49,702 [ERROR] LogOutputStream:75 - [STDERR_REDIRECT] 
2026-01-11 13:58:50,715 [ERROR] LogOutputStream:75 - [STDERR_REDIRECT] [Fatal Error] :1:1: Premature end of file.
2026-01-11 13:58:50,715 [ERROR] LogOutputStream:75 - [STDERR_REDIRECT] 
2026-01-11 13:58:51,727 [ERROR] LogOutputStream:75 - [STDERR_REDIRECT] [Fatal Error] :1:1: Premature end of file.
2026-01-11 13:58:51,727 [ERROR] LogOutputStream:75 - [STDERR_REDIRECT] 
2026-01-11 13:58:52,708 [ERROR] LogOutputStream:75 - [STDERR_REDIRECT] [Fatal Error] :1:1: Premature end of file.
2026-01-11 13:58:52,708 [ERROR] LogOutputStream:75 - [STDERR_REDIRECT] 
2026-01-11 13:58:53,704 [ERROR] LogOutputStream:75 - [STDERR_REDIRECT] [Fatal Error] :1:1: Premature end of file.
2026-01-11 13:58:53,704 [ERROR] LogOutputStream:75 - [STDERR_REDIRECT] 
2026-01-11 13:58:54,704 [ERROR] LogOutputStream:75 - [STDERR_REDIRECT] [Fatal Error] :1:1: Premature end of file.
2026-01-11 13:58:54,705 [ERROR] LogOutputStream:75 - [STDERR_REDIRECT] 
2026-01-11 13:58:55,705 [ERROR] LogOutputStream:75 - [STDERR_REDIRECT] [Fatal Error] :1:1: Premature end of file.
2026-01-11 13:58:55,705 [ERROR] LogOutputStream:75 - [STDERR_REDIRECT] 
2026-01-11 13:58:56,704 [ERROR] LogOutputStream:75 - [STDERR_REDIRECT] [Fatal Error] :1:1: Premature end of file.
2026-01-11 13:58:56,705 [ERROR] LogOutputStream:75 - [STDERR_REDIRECT] 
2026-01-11 13:58:57,703 [ERROR] LogOutputStream:75 - [STDERR_REDIRECT] [Fatal Error] :1:1: Premature end of file.
2026-01-11 13:58:57,704 [ERROR] LogOutputStream:75 - [STDERR_REDIRECT] 
2026-01-11 13:58:58,704 [ERROR] LogOutputStream:75 - [STDERR_REDIRECT] [Fatal Error] :1:1: Premature end of file.
2026-01-11 13:58:58,704 [ERROR] LogOutputStream:75 - [STDERR_REDIRECT] 
2026-01-11 13:58:59,705 [ERROR] LogOutputStream:75 - [STDERR_REDIRECT] [Fatal Error] :1:1: Premature end of file.
2026-01-11 13:58:59,706 [ERROR] LogOutputStream:75 - [STDERR_REDIRECT] 
2026-01-11 13:59:00,705 [ERROR] LogOutputStream:75 - [STDERR_REDIRECT] [Fatal Error] :1:1: Premature end of file.
2026-01-11 13:59:00,705 [ERROR] LogOutputStream:75 - [STDERR_REDIRECT] 
2026-01-11 13:59:01,706 [ERROR] LogOutputStream:75 - [STDERR_REDIRECT] [Fatal Error] :1:1: Premature end of file.
2026-01-11 13:59:01,706 [ERROR] LogOutputStream:75 - [STDERR_REDIRECT] 
2026-01-11 13:59:02,703 [ERROR] LogOutputStream:75 - [STDERR_REDIRECT] [Fatal Error] :1:1: Premature end of file.
2026-01-11 13:59:02,704 [ERROR] LogOutputStream:75 - [STDERR_REDIRECT] 
2026-01-11 13:59:03,714 [ERROR] LogOutputStream:75 - [STDERR_REDIRECT] [Fatal Error] :1:1: Premature end of file.
2026-01-11 13:59:03,715 [ERROR] LogOutputStream:75 - [STDERR_REDIRECT] 
2026-01-11 13:59:04,709 [ERROR] LogOutputStream:75 - [STDERR_REDIRECT] [Fatal Error] :1:1: Premature end of file.
2026-01-11 13:59:04,709 [ERROR] LogOutputStream:75 - [STDERR_REDIRECT] 
2026-01-11 13:59:05,706 [ERROR] LogOutputStream:75 - [STDERR_REDIRECT] [Fatal Error] :1:1: Premature end of file.
2026-01-11 13:59:05,706 [ERROR] LogOutputStream:75 - [STDERR_REDIRECT] 
2026-01-11 13:59:06,704 [ERROR] LogOutputStream:75 - [STDERR_REDIRECT] [Fatal Error] :1:1: Premature end of file.
2026-01-11 13:59:06,704 [ERROR] LogOutputStream:75 - [STDERR_REDIRECT] 
2026-01-11 13:59:07,703 [ERROR] LogOutputStream:75 - [STDERR_REDIRECT] [Fatal Error] :1:1: Premature end of file.
2026-01-11 13:59:07,704 [ERROR] LogOutputStream:75 - [STDERR_REDIRECT] 
2026-01-11 13:59:08,705 [ERROR] LogOutputStream:75 - [STDERR_REDIRECT] [Fatal Error] :1:1: Premature end of file.
2026-01-11 13:59:08,705 [ERROR] LogOutputStream:75 - [STDERR_REDIRECT] 
2026-01-11 13:59:09,703 [ERROR] LogOutputStream:75 - [STDERR_REDIRECT] [Fatal Error] :1:1: Premature end of file.
2026-01-11 13:59:09,704 [ERROR] LogOutputStream:75 - [STDERR_REDIRECT] 
2026-01-11 13:59:10,703 [ERROR] LogOutputStream:75 - [STDERR_REDIRECT] [Fatal Error] :1:1: Premature end of file.
2026-01-11 13:59:10,703 [ERROR] LogOutputStream:75 - [STDERR_REDIRECT] 
2026-01-11 13:59:11,703 [ERROR] LogOutputStream:75 - [STDERR_REDIRECT] [Fatal Error] :1:1: Premature end of file.
2026-01-11 13:59:11,704 [ERROR] LogOutputStream:75 - [STDERR_REDIRECT] 
2026-01-11 13:59:12,704 [ERROR] LogOutputStream:75 - [STDERR_REDIRECT] [Fatal Error] :1:1: Premature end of file.
2026-01-11 13:59:12,704 [ERROR] LogOutputStream:75 - [STDERR_REDIRECT] 
2026-01-11 13:59:13,705 [ERROR] LogOutputStream:75 - [STDERR_REDIRECT] [Fatal Error] :1:1: Premature end of file.
2026-01-11 13:59:13,705 [ERROR] LogOutputStream:75 - [STDERR_REDIRECT] 
2026-01-11 13:59:14,705 [ERROR] LogOutputStream:75 - [STDERR_REDIRECT] [Fatal Error] :1:1: Premature end of file.
2026-01-11 13:59:14,706 [ERROR] LogOutputStream:75 - [STDERR_REDIRECT] 
2026-01-11 13:59:15,710 [ERROR] LogOutputStream:75 - [STDERR_REDIRECT] [Fatal Error] :1:1: Premature end of file.
2026-01-11 13:59:15,710 [ERROR] LogOutputStream:75 - [STDERR_REDIRECT] 
2026-01-11 13:59:16,713 [ERROR] LogOutputStream:75 - [STDERR_REDIRECT] [Fatal Error] :1:1: Premature end of file.
2026-01-11 13:59:16,713 [ERROR] LogOutputStream:75 - [STDERR_REDIRECT] 
2026-01-11 13:59:17,708 [ERROR] LogOutputStream:75 - [STDERR_REDIRECT] [Fatal Error] :1:1: Premature end of file.
2026-01-11 13:59:17,708 [ERROR] LogOutputStream:75 - [STDERR_REDIRECT] 
2026-01-11 13:59:18,704 [ERROR] LogOutputStream:75 - [STDERR_REDIRECT] [Fatal Error] :1:1: Premature end of file.
2026-01-11 13:59:18,704 [ERROR] LogOutputStream:75 - [STDERR_REDIRECT] 
2026-01-11 13:59:19,704 [ERROR] LogOutputStream:75 - [STDERR_REDIRECT] [Fatal Error] :1:1: Premature end of file.
2026-01-11 13:59:19,704 [ERROR] LogOutputStream:75 - [STDERR_REDIRECT] 
2026-01-11 13:59:20,703 [ERROR] LogOutputStream:75 - [STDERR_REDIRECT] [Fatal Error] :1:1: Premature end of file.
2026-01-11 13:59:20,703 [ERROR] LogOutputStream:75 - [STDERR_REDIRECT] 
2026-01-11 13:59:21,707 [ERROR] LogOutputStream:75 - [STDERR_REDIRECT] [Fatal Error] :1:1: Premature end of file.
2026-01-11 13:59:21,707 [ERROR] LogOutputStream:75 - [STDERR_REDIRECT] 
2026-01-11 13:59:22,704 [ERROR] LogOutputStream:75 - [STDERR_REDIRECT] [Fatal Error] :1:1: Premature end of file.
2026-01-11 13:59:22,704 [ERROR] LogOutputStream:75 - [STDERR_REDIRECT] 
2026-01-11 13:59:23,705 [ERROR] LogOutputStream:75 - [STDERR_REDIRECT] [Fatal Error] :1:1: Premature end of file.
2026-01-11 13:59:23,705 [ERROR] LogOutputStream:75 - [STDERR_REDIRECT] 
2026-01-11 13:59:24,704 [ERROR] LogOutputStream:75 - [STDERR_REDIRECT] [Fatal Error] :1:1: Premature end of file.
2026-01-11 13:59:24,704 [ERROR] LogOutputStream:75 - [STDERR_REDIRECT] 
2026-01-11 13:59:25,704 [ERROR] LogOutputStream:75 - [STDERR_REDIRECT] [Fatal Error] :1:1: Premature end of file.
2026-01-11 13:59:25,704 [ERROR] LogOutputStream:75 - [STDERR_REDIRECT] 
2026-01-11 13:59:26,706 [ERROR] LogOutputStream:75 - [STDERR_REDIRECT] [Fatal Error] :1:1: Premature end of file.
2026-01-11 13:59:26,706 [ERROR] LogOutputStream:75 - [STDERR_REDIRECT] 
2026-01-11 13:59:27,714 [ERROR] LogOutputStream:75 - [STDERR_REDIRECT] [Fatal Error] :1:1: Premature end of file.
2026-01-11 13:59:27,715 [ERROR] LogOutputStream:75 - [STDERR_REDIRECT] 
2026-01-11 13:59:28,708 [ERROR] LogOutputStream:75 - [STDERR_REDIRECT] [Fatal Error] :1:1: Premature end of file.
2026-01-11 13:59:28,708 [ERROR] LogOutputStream:75 - [STDERR_REDIRECT] 
2026-01-11 13:59:29,710 [ERROR] LogOutputStream:75 - [STDERR_REDIRECT] [Fatal Error] :1:1: Premature end of file.
2026-01-11 13:59:29,710 [ERROR] LogOutputStream:75 - [STDERR_REDIRECT] 
2026-01-11 13:59:30,704 [ERROR] LogOutputStream:75 - [STDERR_REDIRECT] [Fatal Error] :1:1: Premature end of file.
2026-01-11 13:59:30,704 [ERROR] LogOutputStream:75 - [STDERR_REDIRECT] 
2026-01-11 13:59:31,704 [ERROR] LogOutputStream:75 - [STDERR_REDIRECT] [Fatal Error] :1:1: Premature end of file.
2026-01-11 13:59:31,704 [ERROR] LogOutputStream:75 - [STDERR_REDIRECT] 
2026-01-11 13:59:32,703 [ERROR] LogOutputStream:75 - [STDERR_REDIRECT] [Fatal Error] :1:1: Premature end of file.
2026-01-11 13:59:32,704 [ERROR] LogOutputStream:75 - [STDERR_REDIRECT] 
2026-01-11 13:59:33,704 [ERROR] LogOutputStream:75 - [STDERR_REDIRECT] [Fatal Error] :1:1: Premature end of file.
2026-01-11 13:59:33,704 [ERROR] LogOutputStream:75 - [STDERR_REDIRECT] 
2026-01-11 13:59:34,704 [ERROR] LogOutputStream:75 - [STDERR_REDIRECT] [Fatal Error] :1:1: Premature end of file.
2026-01-11 13:59:34,705 [ERROR] LogOutputStream:75 - [STDERR_REDIRECT] 
2026-01-11 13:59:35,732 [ERROR] LogOutputStream:75 - [STDERR_REDIRECT] [Fatal Error] :1:1: Premature end of file.
2026-01-11 13:59:35,733 [ERROR] LogOutputStream:75 - [STDERR_REDIRECT] 
2026-01-11 13:59:36,722 [ERROR] LogOutputStream:75 - [STDERR_REDIRECT] [Fatal Error] :1:1: Premature end of file.
2026-01-11 13:59:36,723 [ERROR] LogOutputStream:75 - [STDERR_REDIRECT] 
2026-01-11 13:59:37,704 [ERROR] LogOutputStream:75 - [STDERR_REDIRECT] [Fatal Error] :1:1: Premature end of file.
2026-01-11 13:59:37,704 [ERROR] LogOutputStream:75 - [STDERR_REDIRECT] 
2026-01-11 13:59:38,704 [ERROR] LogOutputStream:75 - [STDERR_REDIRECT] [Fatal Error] :1:1: Premature end of file.
2026-01-11 13:59:38,704 [ERROR] LogOutputStream:75 - [STDERR_REDIRECT] 
2026-01-11 13:59:39,705 [ERROR] LogOutputStream:75 - [STDERR_REDIRECT] [Fatal Error] :1:1: Premature end of file.
2026-01-11 13:59:39,705 [ERROR] LogOutputStream:75 - [STDERR_REDIRECT] 
2026-01-11 13:59:40,705 [ERROR] LogOutputStream:75 - [STDERR_REDIRECT] [Fatal Error] :1:1: Premature end of file.
2026-01-11 13:59:40,705 [ERROR] LogOutputStream:75 - [STDERR_REDIRECT] 
2026-01-11 13:59:41,704 [ERROR] LogOutputStream:75 - [STDERR_REDIRECT] [Fatal Error] :1:1: Premature end of file.
2026-01-11 13:59:41,704 [ERROR] LogOutputStream:75 - [STDERR_REDIRECT] 
2026-01-11 13:59:42,705 [ERROR] LogOutputStream:75 - [STDERR_REDIRECT] [Fatal Error] :1:1: Premature end of file.
2026-01-11 13:59:42,705 [ERROR] LogOutputStream:75 - [STDERR_REDIRECT] 
2026-01-11 13:59:43,705 [ERROR] LogOutputStream:75 - [STDERR_REDIRECT] [Fatal Error] :1:1: Premature end of file.
2026-01-11 13:59:43,705 [ERROR] LogOutputStream:75 - [STDERR_REDIRECT] 
2026-01-11 13:59:44,705 [ERROR] LogOutputStream:75 - [STDERR_REDIRECT] [Fatal Error] :1:1: Premature end of file.
2026-01-11 13:59:44,705 [ERROR] LogOutputStream:75 - [STDERR_REDIRECT] 
2026-01-11 13:59:45,706 [ERROR] LogOutputStream:75 - [STDERR_REDIRECT] [Fatal Error] :1:1: Premature end of file.
2026-01-11 13:59:45,706 [ERROR] LogOutputStream:75 - [STDERR_REDIRECT] 
2026-01-11 13:59:46,704 [ERROR] LogOutputStream:75 - [STDERR_REDIRECT] [Fatal Error] :1:1: Premature end of file.
2026-01-11 13:59:46,704 [ERROR] LogOutputStream:75 - [STDERR_REDIRECT] 
2026-01-11 13:59:47,703 [ERROR] LogOutputStream:75 - [STDERR_REDIRECT] [Fatal Error] :1:1: Premature end of file.
2026-01-11 13:59:47,703 [ERROR] LogOutputStream:75 - [STDERR_REDIRECT] 
2026-01-11 13:59:48,703 [ERROR] LogOutputStream:75 - [STDERR_REDIRECT] [Fatal Error] :1:1: Premature end of file.
2026-01-11 13:59:48,703 [ERROR] LogOutputStream:75 - [STDERR_REDIRECT] 
2026-01-11 13:59:49,704 [ERROR] LogOutputStream:75 - [STDERR_REDIRECT] [Fatal Error] :1:1: Premature end of file.
2026-01-11 13:59:49,704 [ERROR] LogOutputStream:75 - [STDERR_REDIRECT] 
2026-01-11 13:59:50,710 [ERROR] LogOutputStream:75 - [STDERR_REDIRECT] [Fatal Error] :1:1: Premature end of file.
2026-01-11 13:59:50,710 [ERROR] LogOutputStream:75 - [STDERR_REDIRECT] 
2026-01-11 13:59:51,708 [ERROR] LogOutputStream:75 - [STDERR_REDIRECT] [Fatal Error] :1:1: Premature end of file.
2026-01-11 13:59:51,708 [ERROR] LogOutputStream:75 - [STDERR_REDIRECT] 
2026-01-11 13:59:52,705 [ERROR] LogOutputStream:75 - [STDERR_REDIRECT] [Fatal Error] :1:1: Premature end of file.
2026-01-11 13:59:52,705 [ERROR] LogOutputStream:75 - [STDERR_REDIRECT] 
2026-01-11 13:59:53,714 [ERROR] LogOutputStream:75 - [STDERR_REDIRECT] [Fatal Error] :1:1: Premature end of file.
2026-01-11 13:59:53,714 [ERROR] LogOutputStream:75 - [STDERR_REDIRECT] 
2026-01-11 13:59:54,714 [ERROR] LogOutputStream:75 - [STDERR_REDIRECT] [Fatal Error] :1:1: Premature end of file.
2026-01-11 13:59:54,714 [ERROR] LogOutputStream:75 - [STDERR_REDIRECT] 
2026-01-11 13:59:55,706 [ERROR] LogOutputStream:75 - [STDERR_REDIRECT] [Fatal Error] :1:1: Premature end of file.
2026-01-11 13:59:55,706 [ERROR] LogOutputStream:75 - [STDERR_REDIRECT] 
2026-01-11 13:59:56,705 [ERROR] LogOutputStream:75 - [STDERR_REDIRECT] [Fatal Error] :1:1: Premature end of file.
2026-01-11 13:59:56,706 [ERROR] LogOutputStream:75 - [STDERR_REDIRECT] 
2026-01-11 13:59:57,708 [ERROR] LogOutputStream:75 - [STDERR_REDIRECT] [Fatal Error] :1:1: Premature end of file.
2026-01-11 13:59:57,708 [ERROR] LogOutputStream:75 - [STDERR_REDIRECT] 
2026-01-11 13:59:58,704 [ERROR] LogOutputStream:75 - [STDERR_REDIRECT] [Fatal Error] :1:1: Premature end of file.
2026-01-11 13:59:58,704 [ERROR] LogOutputStream:75 - [STDERR_REDIRECT] 
2026-01-11 13:59:59,708 [ERROR] LogOutputStream:75 - [STDERR_REDIRECT] [Fatal Error] :1:1: Premature end of file.
2026-01-11 13:59:59,708 [ERROR] LogOutputStream:75 - [STDERR_REDIRECT] 
2026-01-11 14:00:00,710 [ERROR] LogOutputStream:75 - [STDERR_REDIRECT] [Fatal Error] :1:1: Premature end of file.
2026-01-11 14:00:00,710 [ERROR] LogOutputStream:75 - [STDERR_REDIRECT] 
2026-01-11 14:00:01,706 [ERROR] LogOutputStream:75 - [STDERR_REDIRECT] [Fatal Error] :1:1: Premature end of file.
2026-01-11 14:00:01,706 [ERROR] LogOutputStream:75 - [STDERR_REDIRECT] 
2026-01-11 14:00:02,710 [ERROR] LogOutputStream:75 - [STDERR_REDIRECT] [Fatal Error] :1:1: Premature end of file.
2026-01-11 14:00:02,710 [ERROR] LogOutputStream:75 - [STDERR_REDIRECT] 
2026-01-11 14:00:03,711 [ERROR] LogOutputStream:75 - [STDERR_REDIRECT] [Fatal Error] :1:1: Premature end of file.
2026-01-11 14:00:03,711 [ERROR] LogOutputStream:75 - [STDERR_REDIRECT] 
2026-01-11 14:00:04,711 [ERROR] LogOutputStream:75 - [STDERR_REDIRECT] [Fatal Error] :1:1: Premature end of file.
2026-01-11 14:00:04,711 [ERROR] LogOutputStream:75 - [STDERR_REDIRECT] 
2026-01-11 14:00:05,708 [ERROR] LogOutputStream:75 - [STDERR_REDIRECT] [Fatal Error] :1:1: Premature end of file.
2026-01-11 14:00:05,708 [ERROR] LogOutputStream:75 - [STDERR_REDIRECT] 
2026-01-11 14:00:06,708 [ERROR] LogOutputStream:75 - [STDERR_REDIRECT] [Fatal Error] :1:1: Premature end of file.
2026-01-11 14:00:06,708 [ERROR] LogOutputStream:75 - [STDERR_REDIRECT] 
2026-01-11 14:00:07,710 [ERROR] LogOutputStream:75 - [STDERR_REDIRECT] [Fatal Error] :1:1: Premature end of file.
2026-01-11 14:00:07,710 [ERROR] LogOutputStream:75 - [STDERR_REDIRECT] 
2026-01-11 14:00:08,712 [ERROR] LogOutputStream:75 - [STDERR_REDIRECT] [Fatal Error] :1:1: Premature end of file.
2026-01-11 14:00:08,712 [ERROR] LogOutputStream:75 - [STDERR_REDIRECT] 
2026-01-11 14:00:09,706 [ERROR] LogOutputStream:75 - [STDERR_REDIRECT] [Fatal Error] :1:1: Premature end of file.
2026-01-11 14:00:09,706 [ERROR] LogOutputStream:75 - [STDERR_REDIRECT] 
2026-01-11 14:00:10,709 [ERROR] LogOutputStream:75 - [STDERR_REDIRECT] [Fatal Error] :1:1: Premature end of file.
2026-01-11 14:00:10,709 [ERROR] LogOutputStream:75 - [STDERR_REDIRECT] 
2026-01-11 14:00:11,708 [ERROR] LogOutputStream:75 - [STDERR_REDIRECT] [Fatal Error] :1:1: Premature end of file.
2026-01-11 14:00:11,708 [ERROR] LogOutputStream:75 - [STDERR_REDIRECT] 
2026-01-11 14:00:12,704 [ERROR] LogOutputStream:75 - [STDERR_REDIRECT] [Fatal Error] :1:1: Premature end of file.
2026-01-11 14:00:12,704 [ERROR] LogOutputStream:75 - [STDERR_REDIRECT] 
2026-01-11 14:00:13,712 [ERROR] LogOutputStream:75 - [STDERR_REDIRECT] [Fatal Error] :1:1: Premature end of file.
2026-01-11 14:00:13,712 [ERROR] LogOutputStream:75 - [STDERR_REDIRECT] 
2026-01-11 14:00:14,704 [ERROR] LogOutputStream:75 - [STDERR_REDIRECT] [Fatal Error] :1:1: Premature end of file.
2026-01-11 14:00:14,704 [ERROR] LogOutputStream:75 - [STDERR_REDIRECT] 
2026-01-11 14:00:15,704 [ERROR] LogOutputStream:75 - [STDERR_REDIRECT] [Fatal Error] :1:1: Premature end of file.
2026-01-11 14:00:15,704 [ERROR] LogOutputStream:75 - [STDERR_REDIRECT] 
2026-01-11 14:00:16,706 [ERROR] LogOutputStream:75 - [STDERR_REDIRECT] [Fatal Error] :1:1: Premature end of file.
2026-01-11 14:00:16,706 [ERROR] LogOutputStream:75 - [STDERR_REDIRECT] 
2026-01-11 14:00:17,716 [ERROR] LogOutputStream:75 - [STDERR_REDIRECT] [Fatal Error] :1:1: Premature end of file.
2026-01-11 14:00:17,716 [ERROR] LogOutputStream:75 - [STDERR_REDIRECT] 
2026-01-11 14:00:18,705 [ERROR] LogOutputStream:75 - [STDERR_REDIRECT] [Fatal Error] :1:1: Premature end of file.
2026-01-11 14:00:18,705 [ERROR] LogOutputStream:75 - [STDERR_REDIRECT] 
2026-01-11 14:00:19,709 [ERROR] LogOutputStream:75 - [STDERR_REDIRECT] [Fatal Error] :1:1: Premature end of file.
2026-01-11 14:00:19,709 [ERROR] LogOutputStream:75 - [STDERR_REDIRECT] 
2026-01-11 14:00:20,705 [ERROR] LogOutputStream:75 - [STDERR_REDIRECT] [Fatal Error] :1:1: Premature end of file.
2026-01-11 14:00:20,705 [ERROR] LogOutputStream:75 - [STDERR_REDIRECT] 
2026-01-11 14:00:21,712 [ERROR] LogOutputStream:75 - [STDERR_REDIRECT] [Fatal Error] :1:1: Premature end of file.
2026-01-11 14:00:21,712 [ERROR] LogOutputStream:75 - [STDERR_REDIRECT] 
2026-01-11 14:00:22,706 [ERROR] LogOutputStream:75 - [STDERR_REDIRECT] [Fatal Error] :1:1: Premature end of file.
2026-01-11 14:00:22,706 [ERROR] LogOutputStream:75 - [STDERR_REDIRECT] 
2026-01-11 14:00:23,704 [ERROR] LogOutputStream:75 - [STDERR_REDIRECT] [Fatal Error] :1:1: Premature end of file.
2026-01-11 14:00:23,704 [ERROR] LogOutputStream:75 - [STDERR_REDIRECT] 
2026-01-11 14:00:24,706 [ERROR] LogOutputStream:75 - [STDERR_REDIRECT] [Fatal Error] :1:1: Premature end of file.
2026-01-11 14:00:24,706 [ERROR] LogOutputStream:75 - [STDERR_REDIRECT] 
2026-01-11 14:00:25,708 [ERROR] LogOutputStream:75 - [STDERR_REDIRECT] [Fatal Error] :1:1: Premature end of file.
2026-01-11 14:00:25,708 [ERROR] LogOutputStream:75 - [STDERR_REDIRECT] 
2026-01-11 14:00:26,706 [ERROR] LogOutputStream:75 - [STDERR_REDIRECT] [Fatal Error] :1:1: Premature end of file.
2026-01-11 14:00:26,706 [ERROR] LogOutputStream:75 - [STDERR_REDIRECT] 
2026-01-11 14:00:27,706 [ERROR] LogOutputStream:75 - [STDERR_REDIRECT] [Fatal Error] :1:1: Premature end of file.
2026-01-11 14:00:27,706 [ERROR] LogOutputStream:75 - [STDERR_REDIRECT] 
2026-01-11 14:00:28,706 [ERROR] LogOutputStream:75 - [STDERR_REDIRECT] [Fatal Error] :1:1: Premature end of file.
2026-01-11 14:00:28,706 [ERROR] LogOutputStream:75 - [STDERR_REDIRECT] 
2026-01-11 14:00:29,704 [ERROR] LogOutputStream:75 - [STDERR_REDIRECT] [Fatal Error] :1:1: Premature end of file.
2026-01-11 14:00:29,704 [ERROR] LogOutputStream:75 - [STDERR_REDIRECT] 
2026-01-11 14:00:30,704 [ERROR] LogOutputStream:75 - [STDERR_REDIRECT] [Fatal Error] :1:1: Premature end of file.
2026-01-11 14:00:30,704 [ERROR] LogOutputStream:75 - [STDERR_REDIRECT] 
2026-01-11 14:00:31,702 [ERROR] LogOutputStream:75 - [STDERR_REDIRECT] [Fatal Error] :1:1: Premature end of file.
2026-01-11 14:00:31,703 [ERROR] LogOutputStream:75 - [STDERR_REDIRECT] 
2026-01-11 14:00:32,705 [ERROR] LogOutputStream:75 - [STDERR_REDIRECT] [Fatal Error] :1:1: Premature end of file.
2026-01-11 14:00:32,705 [ERROR] LogOutputStream:75 - [STDERR_REDIRECT] 
2026-01-11 14:00:33,705 [ERROR] LogOutputStream:75 - [STDERR_REDIRECT] [Fatal Error] :1:1: Premature end of file.
2026-01-11 14:00:33,705 [ERROR] LogOutputStream:75 - [STDERR_REDIRECT] 
2026-01-11 14:00:34,704 [ERROR] LogOutputStream:75 - [STDERR_REDIRECT] [Fatal Error] :1:1: Premature end of file.
2026-01-11 14:00:34,704 [ERROR] LogOutputStream:75 - [STDERR_REDIRECT] 
2026-01-11 14:00:35,705 [ERROR] LogOutputStream:75 - [STDERR_REDIRECT] [Fatal Error] :1:1: Premature end of file.
2026-01-11 14:00:35,705 [ERROR] LogOutputStream:75 - [STDERR_REDIRECT] 
2026-01-11 14:00:36,706 [ERROR] LogOutputStream:75 - [STDERR_REDIRECT] [Fatal Error] :1:1: Premature end of file.
2026-01-11 14:00:36,706 [ERROR] LogOutputStream:75 - [STDERR_REDIRECT] 
2026-01-11 14:00:37,704 [ERROR] LogOutputStream:75 - [STDERR_REDIRECT] [Fatal Error] :1:1: Premature end of file.
2026-01-11 14:00:37,704 [ERROR] LogOutputStream:75 - [STDERR_REDIRECT] 
2026-01-11 14:00:38,705 [ERROR] LogOutputStream:75 - [STDERR_REDIRECT] [Fatal Error] :1:1: Premature end of file.
2026-01-11 14:00:38,705 [ERROR] LogOutputStream:75 - [STDERR_REDIRECT] 
2026-01-11 14:00:39,704 [ERROR] LogOutputStream:75 - [STDERR_REDIRECT] [Fatal Error] :1:1: Premature end of file.
2026-01-11 14:00:39,704 [ERROR] LogOutputStream:75 - [STDERR_REDIRECT] 
2026-01-11 14:00:40,704 [ERROR] LogOutputStream:75 - [STDERR_REDIRECT] [Fatal Error] :1:1: Premature end of file.
2026-01-11 14:00:40,704 [ERROR] LogOutputStream:75 - [STDERR_REDIRECT] 
2026-01-11 14:00:41,712 [ERROR] LogOutputStream:75 - [STDERR_REDIRECT] [Fatal Error] :1:1: Premature end of file.
2026-01-11 14:00:41,712 [ERROR] LogOutputStream:75 - [STDERR_REDIRECT] 
2026-01-11 14:00:42,712 [ERROR] LogOutputStream:75 - [STDERR_REDIRECT] [Fatal Error] :1:1: Premature end of file.
2026-01-11 14:00:42,712 [ERROR] LogOutputStream:75 - [STDERR_REDIRECT] 
2026-01-11 14:00:43,712 [ERROR] LogOutputStream:75 - [STDERR_REDIRECT] [Fatal Error] :1:1: Premature end of file.
2026-01-11 14:00:43,712 [ERROR] LogOutputStream:75 - [STDERR_REDIRECT] 
2026-01-11 14:00:44,712 [ERROR] LogOutputStream:75 - [STDERR_REDIRECT] [Fatal Error] :1:1: Premature end of file.
2026-01-11 14:00:44,713 [ERROR] LogOutputStream:75 - [STDERR_REDIRECT] 
2026-01-11 14:00:45,706 [ERROR] LogOutputStream:75 - [STDERR_REDIRECT] [Fatal Error] :1:1: Premature end of file.
2026-01-11 14:00:45,707 [ERROR] LogOutputStream:75 - [STDERR_REDIRECT] 
2026-01-11 14:00:46,712 [ERROR] LogOutputStream:75 - [STDERR_REDIRECT] [Fatal Error] :1:1: Premature end of file.
2026-01-11 14:00:46,712 [ERROR] LogOutputStream:75 - [STDERR_REDIRECT] 
2026-01-11 14:00:47,705 [ERROR] LogOutputStream:75 - [STDERR_REDIRECT] [Fatal Error] :1:1: Premature end of file.
2026-01-11 14:00:47,705 [ERROR] LogOutputStream:75 - [STDERR_REDIRECT] 
2026-01-11 14:00:48,705 [ERROR] LogOutputStream:75 - [STDERR_REDIRECT] [Fatal Error] :1:1: Premature end of file.
2026-01-11 14:00:48,705 [ERROR] LogOutputStream:75 - [STDERR_REDIRECT] 
2026-01-11 14:00:49,705 [ERROR] LogOutputStream:75 - [STDERR_REDIRECT] [Fatal Error] :1:1: Premature end of file.
2026-01-11 14:00:49,706 [ERROR] LogOutputStream:75 - [STDERR_REDIRECT] 
2026-01-11 14:00:50,706 [ERROR] LogOutputStream:75 - [STDERR_REDIRECT] [Fatal Error] :1:1: Premature end of file.
2026-01-11 14:00:50,706 [ERROR] LogOutputStream:75 - [STDERR_REDIRECT] 
2026-01-11 14:00:51,704 [ERROR] LogOutputStream:75 - [STDERR_REDIRECT] [Fatal Error] :1:1: Premature end of file.
2026-01-11 14:00:51,704 [ERROR] LogOutputStream:75 - [STDERR_REDIRECT] 
2026-01-11 14:00:52,712 [ERROR] LogOutputStream:75 - [STDERR_REDIRECT] [Fatal Error] :1:1: Premature end of file.
2026-01-11 14:00:52,712 [ERROR] LogOutputStream:75 - [STDERR_REDIRECT] 
2026-01-11 14:00:53,704 [ERROR] LogOutputStream:75 - [STDERR_REDIRECT] [Fatal Error] :1:1: Premature end of file.
2026-01-11 14:00:53,704 [ERROR] LogOutputStream:75 - [STDERR_REDIRECT] 
2026-01-11 14:00:54,712 [ERROR] LogOutputStream:75 - [STDERR_REDIRECT] [Fatal Error] :1:1: Premature end of file.
2026-01-11 14:00:54,712 [ERROR] LogOutputStream:75 - [STDERR_REDIRECT] 
2026-01-11 14:00:55,723 [ERROR] LogOutputStream:75 - [STDERR_REDIRECT] [Fatal Error] :1:1: Premature end of file.
2026-01-11 14:00:55,723 [ERROR] LogOutputStream:75 - [STDERR_REDIRECT] 
2026-01-11 14:00:56,705 [ERROR] LogOutputStream:75 - [STDERR_REDIRECT] [Fatal Error] :1:1: Premature end of file.
2026-01-11 14:00:56,705 [ERROR] LogOutputStream:75 - [STDERR_REDIRECT] 
2026-01-11 14:00:57,704 [ERROR] LogOutputStream:75 - [STDERR_REDIRECT] [Fatal Error] :1:1: Premature end of file.
2026-01-11 14:00:57,704 [ERROR] LogOutputStream:75 - [STDERR_REDIRECT] 
2026-01-11 14:00:58,705 [ERROR] LogOutputStream:75 - [STDERR_REDIRECT] [Fatal Error] :1:1: Premature end of file.
2026-01-11 14:00:58,705 [ERROR] LogOutputStream:75 - [STDERR_REDIRECT] 
2026-01-11 14:00:59,704 [ERROR] LogOutputStream:75 - [STDERR_REDIRECT] [Fatal Error] :1:1: Premature end of file.
2026-01-11 14:00:59,704 [ERROR] LogOutputStream:75 - [STDERR_REDIRECT] 
2026-01-11 14:01:00,705 [ERROR] LogOutputStream:75 - [STDERR_REDIRECT] [Fatal Error] :1:1: Premature end of file.
2026-01-11 14:01:00,705 [ERROR] LogOutputStream:75 - [STDERR_REDIRECT] 
2026-01-11 14:01:01,706 [ERROR] LogOutputStream:75 - [STDERR_REDIRECT] [Fatal Error] :1:1: Premature end of file.
2026-01-11 14:01:01,706 [ERROR] LogOutputStream:75 - [STDERR_REDIRECT] 
2026-01-11 14:01:02,704 [ERROR] LogOutputStream:75 - [STDERR_REDIRECT] [Fatal Error] :1:1: Premature end of file.
2026-01-11 14:01:02,704 [ERROR] LogOutputStream:75 - [STDERR_REDIRECT] 
2026-01-11 14:01:03,708 [ERROR] LogOutputStream:75 - [STDERR_REDIRECT] [Fatal Error] :1:1: Premature end of file.
2026-01-11 14:01:03,708 [ERROR] LogOutputStream:75 - [STDERR_REDIRECT] 
2026-01-11 14:01:04,712 [ERROR] LogOutputStream:75 - [STDERR_REDIRECT] [Fatal Error] :1:1: Premature end of file.
2026-01-11 14:01:04,712 [ERROR] LogOutputStream:75 - [STDERR_REDIRECT] 
2026-01-11 14:01:05,715 [ERROR] LogOutputStream:75 - [STDERR_REDIRECT] [Fatal Error] :1:1: Premature end of file.
2026-01-11 14:01:05,715 [ERROR] LogOutputStream:75 - [STDERR_REDIRECT] 
2026-01-11 14:01:06,710 [ERROR] LogOutputStream:75 - [STDERR_REDIRECT] [Fatal Error] :1:1: Premature end of file.
2026-01-11 14:01:06,710 [ERROR] LogOutputStream:75 - [STDERR_REDIRECT] 
2026-01-11 14:01:07,718 [ERROR] LogOutputStream:75 - [STDERR_REDIRECT] [Fatal Error] :1:1: Premature end of file.
2026-01-11 14:01:07,718 [ERROR] LogOutputStream:75 - [STDERR_REDIRECT] 
2026-01-11 14:01:08,711 [ERROR] LogOutputStream:75 - [STDERR_REDIRECT] [Fatal Error] :1:1: Premature end of file.
2026-01-11 14:01:08,711 [ERROR] LogOutputStream:75 - [STDERR_REDIRECT] 
2026-01-11 14:01:09,707 [ERROR] LogOutputStream:75 - [STDERR_REDIRECT] [Fatal Error] :1:1: Premature end of file.
2026-01-11 14:01:09,707 [ERROR] LogOutputStream:75 - [STDERR_REDIRECT] 
2026-01-11 14:01:10,710 [ERROR] LogOutputStream:75 - [STDERR_REDIRECT] [Fatal Error] :1:1: Premature end of file.
2026-01-11 14:01:10,710 [ERROR] LogOutputStream:75 - [STDERR_REDIRECT] 
2026-01-11 14:01:11,704 [ERROR] LogOutputStream:75 - [STDERR_REDIRECT] [Fatal Error] :1:1: Premature end of file.
2026-01-11 14:01:11,704 [ERROR] LogOutputStream:75 - [STDERR_REDIRECT] 
2026-01-11 14:01:12,712 [ERROR] LogOutputStream:75 - [STDERR_REDIRECT] [Fatal Error] :1:1: Premature end of file.
2026-01-11 14:01:12,712 [ERROR] LogOutputStream:75 - [STDERR_REDIRECT] 
2026-01-11 14:01:13,711 [ERROR] LogOutputStream:75 - [STDERR_REDIRECT] [Fatal Error] :1:1: Premature end of file.
2026-01-11 14:01:13,711 [ERROR] LogOutputStream:75 - [STDERR_REDIRECT] 
2026-01-11 14:01:14,711 [ERROR] LogOutputStream:75 - [STDERR_REDIRECT] [Fatal Error] :1:1: Premature end of file.
2026-01-11 14:01:14,711 [ERROR] LogOutputStream:75 - [STDERR_REDIRECT] 
2026-01-11 14:01:15,707 [ERROR] LogOutputStream:75 - [STDERR_REDIRECT] [Fatal Error] :1:1: Premature end of file.
2026-01-11 14:01:15,708 [ERROR] LogOutputStream:75 - [STDERR_REDIRECT] 
2026-01-11 14:01:16,717 [ERROR] LogOutputStream:75 - [STDERR_REDIRECT] [Fatal Error] :1:1: Premature end of file.
2026-01-11 14:01:16,717 [ERROR] LogOutputStream:75 - [STDERR_REDIRECT] 
2026-01-11 14:01:17,714 [ERROR] LogOutputStream:75 - [STDERR_REDIRECT] [Fatal Error] :1:1: Premature end of file.
2026-01-11 14:01:17,714 [ERROR] LogOutputStream:75 - [STDERR_REDIRECT] 
2026-01-11 14:01:18,711 [ERROR] LogOutputStream:75 - [STDERR_REDIRECT] [Fatal Error] :1:1: Premature end of file.
2026-01-11 14:01:18,711 [ERROR] LogOutputStream:75 - [STDERR_REDIRECT] 
2026-01-11 14:01:19,703 [ERROR] LogOutputStream:75 - [STDERR_REDIRECT] [Fatal Error] :1:1: Premature end of file.
2026-01-11 14:01:19,703 [ERROR] LogOutputStream:75 - [STDERR_REDIRECT] 
2026-01-11 14:01:20,711 [ERROR] LogOutputStream:75 - [STDERR_REDIRECT] [Fatal Error] :1:1: Premature end of file.
2026-01-11 14:01:20,711 [ERROR] LogOutputStream:75 - [STDERR_REDIRECT] 
2026-01-11 14:01:21,710 [ERROR] LogOutputStream:75 - [STDERR_REDIRECT] [Fatal Error] :1:1: Premature end of file.
2026-01-11 14:01:21,710 [ERROR] LogOutputStream:75 - [STDERR_REDIRECT] 
2026-01-11 14:01:22,704 [ERROR] LogOutputStream:75 - [STDERR_REDIRECT] [Fatal Error] :1:1: Premature end of file.
2026-01-11 14:01:22,704 [ERROR] LogOutputStream:75 - [STDERR_REDIRECT] 
2026-01-11 14:01:23,710 [ERROR] LogOutputStream:75 - [STDERR_REDIRECT] [Fatal Error] :1:1: Premature end of file.
2026-01-11 14:01:23,710 [ERROR] LogOutputStream:75 - [STDERR_REDIRECT] 
2026-01-11 14:01:24,710 [ERROR] LogOutputStream:75 - [STDERR_REDIRECT] [Fatal Error] :1:1: Premature end of file.
2026-01-11 14:01:24,710 [ERROR] LogOutputStream:75 - [STDERR_REDIRECT] 
2026-01-11 14:01:25,710 [ERROR] LogOutputStream:75 - [STDERR_REDIRECT] [Fatal Error] :1:1: Premature end of file.
2026-01-11 14:01:25,710 [ERROR] LogOutputStream:75 - [STDERR_REDIRECT] 
2026-01-11 14:01:26,707 [ERROR] LogOutputStream:75 - [STDERR_REDIRECT] [Fatal Error] :1:1: Premature end of file.
2026-01-11 14:01:26,707 [ERROR] LogOutputStream:75 - [STDERR_REDIRECT] 
2026-01-11 14:01:27,709 [ERROR] LogOutputStream:75 - [STDERR_REDIRECT] [Fatal Error] :1:1: Premature end of file.
2026-01-11 14:01:27,709 [ERROR] LogOutputStream:75 - [STDERR_REDIRECT] 
2026-01-11 14:01:28,709 [ERROR] LogOutputStream:75 - [STDERR_REDIRECT] [Fatal Error] :1:1: Premature end of file.
2026-01-11 14:01:28,709 [ERROR] LogOutputStream:75 - [STDERR_REDIRECT] 
2026-01-11 14:01:29,705 [ERROR] LogOutputStream:75 - [STDERR_REDIRECT] [Fatal Error] :1:1: Premature end of file.
2026-01-11 14:01:29,705 [ERROR] LogOutputStream:75 - [STDERR_REDIRECT] 
2026-01-11 14:01:30,702 [ERROR] LogOutputStream:75 - [STDERR_REDIRECT] [Fatal Error] :1:1: Premature end of file.
2026-01-11 14:01:30,702 [ERROR] LogOutputStream:75 - [STDERR_REDIRECT] 
2026-01-11 14:01:31,705 [ERROR] LogOutputStream:75 - [STDERR_REDIRECT] [Fatal Error] :1:1: Premature end of file.
2026-01-11 14:01:31,705 [ERROR] LogOutputStream:75 - [STDERR_REDIRECT] 
2026-01-11 14:01:32,704 [ERROR] LogOutputStream:75 - [STDERR_REDIRECT] [Fatal Error] :1:1: Premature end of file.
2026-01-11 14:01:32,704 [ERROR] LogOutputStream:75 - [STDERR_REDIRECT] 
2026-01-11 14:01:33,706 [ERROR] LogOutputStream:75 - [STDERR_REDIRECT] [Fatal Error] :1:1: Premature end of file.
2026-01-11 14:01:33,706 [ERROR] LogOutputStream:75 - [STDERR_REDIRECT] 
2026-01-11 14:01:34,711 [ERROR] LogOutputStream:75 - [STDERR_REDIRECT] [Fatal Error] :1:1: Premature end of file.
2026-01-11 14:01:34,711 [ERROR] LogOutputStream:75 - [STDERR_REDIRECT] 
2026-01-11 14:01:35,710 [ERROR] LogOutputStream:75 - [STDERR_REDIRECT] [Fatal Error] :1:1: Premature end of file.
2026-01-11 14:01:35,710 [ERROR] LogOutputStream:75 - [STDERR_REDIRECT] 
2026-01-11 14:01:36,710 [ERROR] LogOutputStream:75 - [STDERR_REDIRECT] [Fatal Error] :1:1: Premature end of file.
2026-01-11 14:01:36,710 [ERROR] LogOutputStream:75 - [STDERR_REDIRECT] 
2026-01-11 14:01:37,705 [ERROR] LogOutputStream:75 - [STDERR_REDIRECT] [Fatal Error] :1:1: Premature end of file.
2026-01-11 14:01:37,705 [ERROR] LogOutputStream:75 - [STDERR_REDIRECT] 
2026-01-11 14:01:38,714 [ERROR] LogOutputStream:75 - [STDERR_REDIRECT] [Fatal Error] :1:1: Premature end of file.
2026-01-11 14:01:38,715 [ERROR] LogOutputStream:75 - [STDERR_REDIRECT] 
2026-01-11 14:01:39,706 [ERROR] LogOutputStream:75 - [STDERR_REDIRECT] [Fatal Error] :1:1: Premature end of file.
2026-01-11 14:01:39,706 [ERROR] LogOutputStream:75 - [STDERR_REDIRECT] 
2026-01-11 14:01:40,712 [ERROR] LogOutputStream:75 - [STDERR_REDIRECT] [Fatal Error] :1:1: Premature end of file.
2026-01-11 14:01:40,712 [ERROR] LogOutputStream:75 - [STDERR_REDIRECT] 
2026-01-11 14:01:41,706 [ERROR] LogOutputStream:75 - [STDERR_REDIRECT] [Fatal Error] :1:1: Premature end of file.
2026-01-11 14:01:41,706 [ERROR] LogOutputStream:75 - [STDERR_REDIRECT] 
2026-01-11 14:01:42,706 [ERROR] LogOutputStream:75 - [STDERR_REDIRECT] [Fatal Error] :1:1: Premature end of file.
2026-01-11 14:01:42,706 [ERROR] LogOutputStream:75 - [STDERR_REDIRECT] 
2026-01-11 14:01:43,706 [ERROR] LogOutputStream:75 - [STDERR_REDIRECT] [Fatal Error] :1:1: Premature end of file.
2026-01-11 14:01:43,706 [ERROR] LogOutputStream:75 - [STDERR_REDIRECT] 
2026-01-11 14:01:44,712 [ERROR] LogOutputStream:75 - [STDERR_REDIRECT] [Fatal Error] :1:1: Premature end of file.
2026-01-11 14:01:44,712 [ERROR] LogOutputStream:75 - [STDERR_REDIRECT] 
2026-01-11 14:01:45,705 [ERROR] LogOutputStream:75 - [STDERR_REDIRECT] [Fatal Error] :1:1: Premature end of file.
2026-01-11 14:01:45,705 [ERROR] LogOutputStream:75 - [STDERR_REDIRECT] 
2026-01-11 14:01:46,713 [ERROR] LogOutputStream:75 - [STDERR_REDIRECT] [Fatal Error] :1:1: Premature end of file.
2026-01-11 14:01:46,713 [ERROR] LogOutputStream:75 - [STDERR_REDIRECT] 
2026-01-11 14:01:47,713 [ERROR] LogOutputStream:75 - [STDERR_REDIRECT] [Fatal Error] :1:1: Premature end of file.
2026-01-11 14:01:47,713 [ERROR] LogOutputStream:75 - [STDERR_REDIRECT] 
2026-01-11 14:01:48,707 [ERROR] LogOutputStream:75 - [STDERR_REDIRECT] [Fatal Error] :1:1: Premature end of file.
2026-01-11 14:01:48,707 [ERROR] LogOutputStream:75 - [STDERR_REDIRECT] 
2026-01-11 14:01:49,707 [ERROR] LogOutputStream:75 - [STDERR_REDIRECT] [Fatal Error] :1:1: Premature end of file.
2026-01-11 14:01:49,707 [ERROR] LogOutputStream:75 - [STDERR_REDIRECT] 
2026-01-11 14:01:50,706 [ERROR] LogOutputStream:75 - [STDERR_REDIRECT] [Fatal Error] :1:1: Premature end of file.
2026-01-11 14:01:50,706 [ERROR] LogOutputStream:75 - [STDERR_REDIRECT] 
2026-01-11 14:01:51,706 [ERROR] LogOutputStream:75 - [STDERR_REDIRECT] [Fatal Error] :1:1: Premature end of file.
2026-01-11 14:01:51,706 [ERROR] LogOutputStream:75 - [STDERR_REDIRECT] 
2026-01-11 14:01:52,705 [ERROR] LogOutputStream:75 - [STDERR_REDIRECT] [Fatal Error] :1:1: Premature end of file.
2026-01-11 14:01:52,705 [ERROR] LogOutputStream:75 - [STDERR_REDIRECT] 
2026-01-11 14:01:53,717 [ERROR] LogOutputStream:75 - [STDERR_REDIRECT] [Fatal Error] :1:1: Premature end of file.
2026-01-11 14:01:53,717 [ERROR] LogOutputStream:75 - [STDERR_REDIRECT] 
2026-01-11 14:01:54,707 [ERROR] LogOutputStream:75 - [STDERR_REDIRECT] [Fatal Error] :1:1: Premature end of file.
2026-01-11 14:01:54,707 [ERROR] LogOutputStream:75 - [STDERR_REDIRECT] 
2026-01-11 14:01:55,715 [ERROR] LogOutputStream:75 - [STDERR_REDIRECT] [Fatal Error] :1:1: Premature end of file.
2026-01-11 14:01:55,715 [ERROR] LogOutputStream:75 - [STDERR_REDIRECT] 
2026-01-11 14:01:56,710 [ERROR] LogOutputStream:75 - [STDERR_REDIRECT] [Fatal Error] :1:1: Premature end of file.
2026-01-11 14:01:56,711 [ERROR] LogOutputStream:75 - [STDERR_REDIRECT] 
2026-01-11 14:01:57,707 [ERROR] LogOutputStream:75 - [STDERR_REDIRECT] [Fatal Error] :1:1: Premature end of file.
2026-01-11 14:01:57,707 [ERROR] LogOutputStream:75 - [STDERR_REDIRECT] 
2026-01-11 14:01:58,710 [ERROR] LogOutputStream:75 - [STDERR_REDIRECT] [Fatal Error] :1:1: Premature end of file.
2026-01-11 14:01:58,710 [ERROR] LogOutputStream:75 - [STDERR_REDIRECT] 
2026-01-11 14:01:59,714 [ERROR] LogOutputStream:75 - [STDERR_REDIRECT] [Fatal Error] :1:1: Premature end of file.
2026-01-11 14:01:59,714 [ERROR] LogOutputStream:75 - [STDERR_REDIRECT] 
2026-01-11 14:02:00,712 [ERROR] LogOutputStream:75 - [STDERR_REDIRECT] [Fatal Error] :1:1: Premature end of file.
2026-01-11 14:02:00,713 [ERROR] LogOutputStream:75 - [STDERR_REDIRECT] 
2026-01-11 14:02:01,706 [ERROR] LogOutputStream:75 - [STDERR_REDIRECT] [Fatal Error] :1:1: Premature end of file.
2026-01-11 14:02:01,706 [ERROR] LogOutputStream:75 - [STDERR_REDIRECT] 
2026-01-11 14:02:02,724 [ERROR] LogOutputStream:75 - [STDERR_REDIRECT] [Fatal Error] :1:1: Premature end of file.
2026-01-11 14:02:02,724 [ERROR] LogOutputStream:75 - [STDERR_REDIRECT] 
2026-01-11 14:02:03,713 [ERROR] LogOutputStream:75 - [STDERR_REDIRECT] [Fatal Error] :1:1: Premature end of file.
2026-01-11 14:02:03,714 [ERROR] LogOutputStream:75 - [STDERR_REDIRECT] 
2026-01-11 14:02:04,715 [ERROR] LogOutputStream:75 - [STDERR_REDIRECT] [Fatal Error] :1:1: Premature end of file.
2026-01-11 14:02:04,715 [ERROR] LogOutputStream:75 - [STDERR_REDIRECT] 
2026-01-11 14:02:05,708 [ERROR] LogOutputStream:75 - [STDERR_REDIRECT] [Fatal Error] :1:1: Premature end of file.
2026-01-11 14:02:05,708 [ERROR] LogOutputStream:75 - [STDERR_REDIRECT] 
2026-01-11 14:02:06,706 [ERROR] LogOutputStream:75 - [STDERR_REDIRECT] [Fatal Error] :1:1: Premature end of file.
2026-01-11 14:02:06,706 [ERROR] LogOutputStream:75 - [STDERR_REDIRECT] 
2026-01-11 14:02:07,712 [ERROR] LogOutputStream:75 - [STDERR_REDIRECT] [Fatal Error] :1:1: Premature end of file.
2026-01-11 14:02:07,712 [ERROR] LogOutputStream:75 - [STDERR_REDIRECT] 
2026-01-11 14:02:08,712 [ERROR] LogOutputStream:75 - [STDERR_REDIRECT] [Fatal Error] :1:1: Premature end of file.
2026-01-11 14:02:08,712 [ERROR] LogOutputStream:75 - [STDERR_REDIRECT] 
2026-01-11 14:02:09,715 [ERROR] LogOutputStream:75 - [STDERR_REDIRECT] [Fatal Error] :1:1: Premature end of file.
2026-01-11 14:02:09,715 [ERROR] LogOutputStream:75 - [STDERR_REDIRECT] 
2026-01-11 14:02:10,718 [ERROR] LogOutputStream:75 - [STDERR_REDIRECT] [Fatal Error] :1:1: Premature end of file.
2026-01-11 14:02:10,718 [ERROR] LogOutputStream:75 - [STDERR_REDIRECT] 
2026-01-11 14:02:11,712 [ERROR] LogOutputStream:75 - [STDERR_REDIRECT] [Fatal Error] :1:1: Premature end of file.
2026-01-11 14:02:11,712 [ERROR] LogOutputStream:75 - [STDERR_REDIRECT] 
2026-01-11 14:02:12,709 [ERROR] LogOutputStream:75 - [STDERR_REDIRECT] [Fatal Error] :1:1: Premature end of file.
2026-01-11 14:02:12,709 [ERROR] LogOutputStream:75 - [STDERR_REDIRECT] 
2026-01-11 14:02:13,703 [ERROR] LogOutputStream:75 - [STDERR_REDIRECT] [Fatal Error] :1:1: Premature end of file.
2026-01-11 14:02:13,704 [ERROR] LogOutputStream:75 - [STDERR_REDIRECT] 
2026-01-11 14:02:14,703 [ERROR] LogOutputStream:75 - [STDERR_REDIRECT] [Fatal Error] :1:1: Premature end of file.
2026-01-11 14:02:14,704 [ERROR] LogOutputStream:75 - [STDERR_REDIRECT] 
2026-01-11 14:02:15,705 [ERROR] LogOutputStream:75 - [STDERR_REDIRECT] [Fatal Error] :1:1: Premature end of file.
2026-01-11 14:02:15,705 [ERROR] LogOutputStream:75 - [STDERR_REDIRECT] 
2026-01-11 14:02:16,704 [ERROR] LogOutputStream:75 - [STDERR_REDIRECT] [Fatal Error] :1:1: Premature end of file.
2026-01-11 14:02:16,704 [ERROR] LogOutputStream:75 - [STDERR_REDIRECT] 
2026-01-11 14:02:17,718 [ERROR] LogOutputStream:75 - [STDERR_REDIRECT] [Fatal Error] :1:1: Premature end of file.
2026-01-11 14:02:17,718 [ERROR] LogOutputStream:75 - [STDERR_REDIRECT] 
2026-01-11 14:02:18,726 [ERROR] LogOutputStream:75 - [STDERR_REDIRECT] [Fatal Error] :1:1: Premature end of file.
2026-01-11 14:02:18,726 [ERROR] LogOutputStream:75 - [STDERR_REDIRECT] 
2026-01-11 14:02:19,711 [ERROR] LogOutputStream:75 - [STDERR_REDIRECT] [Fatal Error] :1:1: Premature end of file.
2026-01-11 14:02:19,711 [ERROR] LogOutputStream:75 - [STDERR_REDIRECT] 
2026-01-11 14:02:20,708 [ERROR] LogOutputStream:75 - [STDERR_REDIRECT] [Fatal Error] :1:1: Premature end of file.
2026-01-11 14:02:20,708 [ERROR] LogOutputStream:75 - [STDERR_REDIRECT] 
2026-01-11 14:02:21,713 [ERROR] LogOutputStream:75 - [STDERR_REDIRECT] [Fatal Error] :1:1: Premature end of file.
2026-01-11 14:02:21,713 [ERROR] LogOutputStream:75 - [STDERR_REDIRECT] 
2026-01-11 14:02:22,712 [ERROR] LogOutputStream:75 - [STDERR_REDIRECT] [Fatal Error] :1:1: Premature end of file.
2026-01-11 14:02:22,712 [ERROR] LogOutputStream:75 - [STDERR_REDIRECT] 
2026-01-11 14:02:23,712 [ERROR] LogOutputStream:75 - [STDERR_REDIRECT] [Fatal Error] :1:1: Premature end of file.
2026-01-11 14:02:23,712 [ERROR] LogOutputStream:75 - [STDERR_REDIRECT] 
2026-01-11 14:02:24,711 [ERROR] LogOutputStream:75 - [STDERR_REDIRECT] [Fatal Error] :1:1: Premature end of file.
2026-01-11 14:02:24,711 [ERROR] LogOutputStream:75 - [STDERR_REDIRECT] 
2026-01-11 14:02:25,709 [ERROR] LogOutputStream:75 - [STDERR_REDIRECT] [Fatal Error] :1:1: Premature end of file.
2026-01-11 14:02:25,709 [ERROR] LogOutputStream:75 - [STDERR_REDIRECT] 
2026-01-11 14:02:26,713 [ERROR] LogOutputStream:75 - [STDERR_REDIRECT] [Fatal Error] :1:1: Premature end of file.
2026-01-11 14:02:26,713 [ERROR] LogOutputStream:75 - [STDERR_REDIRECT] 
2026-01-11 14:02:27,707 [ERROR] LogOutputStream:75 - [STDERR_REDIRECT] [Fatal Error] :1:1: Premature end of file.
2026-01-11 14:02:27,707 [ERROR] LogOutputStream:75 - [STDERR_REDIRECT] 
2026-01-11 14:02:28,703 [ERROR] LogOutputStream:75 - [STDERR_REDIRECT] [Fatal Error] :1:1: Premature end of file.
2026-01-11 14:02:28,704 [ERROR] LogOutputStream:75 - [STDERR_REDIRECT] 
2026-01-11 14:02:29,703 [ERROR] LogOutputStream:75 - [STDERR_REDIRECT] [Fatal Error] :1:1: Premature end of file.
2026-01-11 14:02:29,703 [ERROR] LogOutputStream:75 - [STDERR_REDIRECT] 
2026-01-11 14:02:30,703 [ERROR] LogOutputStream:75 - [STDERR_REDIRECT] [Fatal Error] :1:1: Premature end of file.
2026-01-11 14:02:30,703 [ERROR] LogOutputStream:75 - [STDERR_REDIRECT] 
2026-01-11 14:02:31,703 [ERROR] LogOutputStream:75 - [STDERR_REDIRECT] [Fatal Error] :1:1: Premature end of file.
2026-01-11 14:02:31,703 [ERROR] LogOutputStream:75 - [STDERR_REDIRECT] 
2026-01-11 14:02:32,703 [ERROR] LogOutputStream:75 - [STDERR_REDIRECT] [Fatal Error] :1:1: Premature end of file.
2026-01-11 14:02:32,703 [ERROR] LogOutputStream:75 - [STDERR_REDIRECT] 
2026-01-11 14:02:33,703 [ERROR] LogOutputStream:75 - [STDERR_REDIRECT] [Fatal Error] :1:1: Premature end of file.
2026-01-11 14:02:33,703 [ERROR] LogOutputStream:75 - [STDERR_REDIRECT] 
2026-01-11 14:02:34,702 [ERROR] LogOutputStream:75 - [STDERR_REDIRECT] [Fatal Error] :1:1: Premature end of file.
2026-01-11 14:02:34,703 [ERROR] LogOutputStream:75 - [STDERR_REDIRECT] 
2026-01-11 14:02:35,704 [ERROR] LogOutputStream:75 - [STDERR_REDIRECT] [Fatal Error] :1:1: Premature end of file.
2026-01-11 14:02:35,704 [ERROR] LogOutputStream:75 - [STDERR_REDIRECT] 
2026-01-11 14:02:36,703 [ERROR] LogOutputStream:75 - [STDERR_REDIRECT] [Fatal Error] :1:1: Premature end of file.
2026-01-11 14:02:36,703 [ERROR] LogOutputStream:75 - [STDERR_REDIRECT] 
2026-01-11 14:02:37,720 [ERROR] LogOutputStream:75 - [STDERR_REDIRECT] [Fatal Error] :1:1: Premature end of file.
2026-01-11 14:02:37,720 [ERROR] LogOutputStream:75 - [STDERR_REDIRECT] 
2026-01-11 14:02:38,710 [ERROR] LogOutputStream:75 - [STDERR_REDIRECT] [Fatal Error] :1:1: Premature end of file.
2026-01-11 14:02:38,710 [ERROR] LogOutputStream:75 - [STDERR_REDIRECT] 
2026-01-11 14:02:39,710 [ERROR] LogOutputStream:75 - [STDERR_REDIRECT] [Fatal Error] :1:1: Premature end of file.
2026-01-11 14:02:39,711 [ERROR] LogOutputStream:75 - [STDERR_REDIRECT] 
2026-01-11 14:02:40,713 [ERROR] LogOutputStream:75 - [STDERR_REDIRECT] [Fatal Error] :1:1: Premature end of file.
2026-01-11 14:02:40,713 [ERROR] LogOutputStream:75 - [STDERR_REDIRECT] 
2026-01-11 14:02:41,711 [ERROR] LogOutputStream:75 - [STDERR_REDIRECT] [Fatal Error] :1:1: Premature end of file.
2026-01-11 14:02:41,711 [ERROR] LogOutputStream:75 - [STDERR_REDIRECT] 
2026-01-11 14:02:42,713 [ERROR] LogOutputStream:75 - [STDERR_REDIRECT] [Fatal Error] :1:1: Premature end of file.
2026-01-11 14:02:42,713 [ERROR] LogOutputStream:75 - [STDERR_REDIRECT] 
2026-01-11 14:02:43,718 [ERROR] LogOutputStream:75 - [STDERR_REDIRECT] [Fatal Error] :1:1: Premature end of file.
2026-01-11 14:02:43,718 [ERROR] LogOutputStream:75 - [STDERR_REDIRECT] 
2026-01-11 14:02:44,711 [ERROR] LogOutputStream:75 - [STDERR_REDIRECT] [Fatal Error] :1:1: Premature end of file.
2026-01-11 14:02:44,711 [ERROR] LogOutputStream:75 - [STDERR_REDIRECT] 
2026-01-11 14:02:45,708 [ERROR] LogOutputStream:75 - [STDERR_REDIRECT] [Fatal Error] :1:1: Premature end of file.
2026-01-11 14:02:45,708 [ERROR] LogOutputStream:75 - [STDERR_REDIRECT] 
2026-01-11 14:02:46,715 [ERROR] LogOutputStream:75 - [STDERR_REDIRECT] [Fatal Error] :1:1: Premature end of file.
2026-01-11 14:02:46,715 [ERROR] LogOutputStream:75 - [STDERR_REDIRECT] 
2026-01-11 14:02:47,712 [ERROR] LogOutputStream:75 - [STDERR_REDIRECT] [Fatal Error] :1:1: Premature end of file.
2026-01-11 14:02:47,713 [ERROR] LogOutputStream:75 - [STDERR_REDIRECT] 
2026-01-11 14:02:48,710 [ERROR] LogOutputStream:75 - [STDERR_REDIRECT] [Fatal Error] :1:1: Premature end of file.
2026-01-11 14:02:48,710 [ERROR] LogOutputStream:75 - [STDERR_REDIRECT] 
2026-01-11 14:02:49,711 [ERROR] LogOutputStream:75 - [STDERR_REDIRECT] [Fatal Error] :1:1: Premature end of file.
2026-01-11 14:02:49,711 [ERROR] LogOutputStream:75 - [STDERR_REDIRECT] 
2026-01-11 14:02:50,705 [ERROR] LogOutputStream:75 - [STDERR_REDIRECT] [Fatal Error] :1:1: Premature end of file.
2026-01-11 14:02:50,705 [ERROR] LogOutputStream:75 - [STDERR_REDIRECT] 
2026-01-11 14:02:51,716 [ERROR] LogOutputStream:75 - [STDERR_REDIRECT] [Fatal Error] :1:1: Premature end of file.
2026-01-11 14:02:51,717 [ERROR] LogOutputStream:75 - [STDERR_REDIRECT] 
2026-01-11 14:02:52,710 [ERROR] LogOutputStream:75 - [STDERR_REDIRECT] [Fatal Error] :1:1: Premature end of file.
2026-01-11 14:02:52,710 [ERROR] LogOutputStream:75 - [STDERR_REDIRECT] 
2026-01-11 14:02:53,705 [ERROR] LogOutputStream:75 - [STDERR_REDIRECT] [Fatal Error] :1:1: Premature end of file.
2026-01-11 14:02:53,705 [ERROR] LogOutputStream:75 - [STDERR_REDIRECT] 
2026-01-11 14:02:54,704 [ERROR] LogOutputStream:75 - [STDERR_REDIRECT] [Fatal Error] :1:1: Premature end of file.
2026-01-11 14:02:54,704 [ERROR] LogOutputStream:75 - [STDERR_REDIRECT] 
2026-01-11 14:02:55,705 [ERROR] LogOutputStream:75 - [STDERR_REDIRECT] [Fatal Error] :1:1: Premature end of file.
2026-01-11 14:02:55,705 [ERROR] LogOutputStream:75 - [STDERR_REDIRECT] 
2026-01-11 14:02:56,705 [ERROR] LogOutputStream:75 - [STDERR_REDIRECT] [Fatal Error] :1:1: Premature end of file.
2026-01-11 14:02:56,705 [ERROR] LogOutputStream:75 - [STDERR_REDIRECT] 
2026-01-11 14:02:57,706 [ERROR] LogOutputStream:75 - [STDERR_REDIRECT] [Fatal Error] :1:1: Premature end of file.
2026-01-11 14:02:57,706 [ERROR] LogOutputStream:75 - [STDERR_REDIRECT] 
2026-01-11 14:02:58,705 [ERROR] LogOutputStream:75 - [STDERR_REDIRECT] [Fatal Error] :1:1: Premature end of file.
2026-01-11 14:02:58,705 [ERROR] LogOutputStream:75 - [STDERR_REDIRECT] 
2026-01-11 14:02:59,705 [ERROR] LogOutputStream:75 - [STDERR_REDIRECT] [Fatal Error] :1:1: Premature end of file.
2026-01-11 14:02:59,705 [ERROR] LogOutputStream:75 - [STDERR_REDIRECT] 
2026-01-11 14:03:00,703 [ERROR] LogOutputStream:75 - [STDERR_REDIRECT] [Fatal Error] :1:1: Premature end of file.
2026-01-11 14:03:00,703 [ERROR] LogOutputStream:75 - [STDERR_REDIRECT] 
2026-01-11 14:03:01,704 [ERROR] LogOutputStream:75 - [STDERR_REDIRECT] [Fatal Error] :1:1: Premature end of file.
2026-01-11 14:03:01,704 [ERROR] LogOutputStream:75 - [STDERR_REDIRECT] 
2026-01-11 14:03:02,705 [ERROR] LogOutputStream:75 - [STDERR_REDIRECT] [Fatal Error] :1:1: Premature end of file.
2026-01-11 14:03:02,705 [ERROR] LogOutputStream:75 - [STDERR_REDIRECT] 
2026-01-11 14:03:03,704 [ERROR] LogOutputStream:75 - [STDERR_REDIRECT] [Fatal Error] :1:1: Premature end of file.
2026-01-11 14:03:03,704 [ERROR] LogOutputStream:75 - [STDERR_REDIRECT] 
2026-01-11 14:03:04,703 [ERROR] LogOutputStream:75 - [STDERR_REDIRECT] [Fatal Error] :1:1: Premature end of file.
2026-01-11 14:03:04,703 [ERROR] LogOutputStream:75 - [STDERR_REDIRECT] 
2026-01-11 14:03:05,704 [ERROR] LogOutputStream:75 - [STDERR_REDIRECT] [Fatal Error] :1:1: Premature end of file.
2026-01-11 14:03:05,704 [ERROR] LogOutputStream:75 - [STDERR_REDIRECT] 
2026-01-11 14:03:06,709 [ERROR] LogOutputStream:75 - [STDERR_REDIRECT] [Fatal Error] :1:1: Premature end of file.
2026-01-11 14:03:06,709 [ERROR] LogOutputStream:75 - [STDERR_REDIRECT] 
2026-01-11 14:03:07,703 [ERROR] LogOutputStream:75 - [STDERR_REDIRECT] [Fatal Error] :1:1: Premature end of file.
2026-01-11 14:03:07,703 [ERROR] LogOutputStream:75 - [STDERR_REDIRECT] 
2026-01-11 14:03:08,704 [ERROR] LogOutputStream:75 - [STDERR_REDIRECT] [Fatal Error] :1:1: Premature end of file.
2026-01-11 14:03:08,704 [ERROR] LogOutputStream:75 - [STDERR_REDIRECT] 
2026-01-11 14:03:09,704 [ERROR] LogOutputStream:75 - [STDERR_REDIRECT] [Fatal Error] :1:1: Premature end of file.
2026-01-11 14:03:09,704 [ERROR] LogOutputStream:75 - [STDERR_REDIRECT] 
2026-01-11 14:03:10,704 [ERROR] LogOutputStream:75 - [STDERR_REDIRECT] [Fatal Error] :1:1: Premature end of file.
2026-01-11 14:03:10,704 [ERROR] LogOutputStream:75 - [STDERR_REDIRECT] 
2026-01-11 14:03:11,703 [ERROR] LogOutputStream:75 - [STDERR_REDIRECT] [Fatal Error] :1:1: Premature end of file.
2026-01-11 14:03:11,703 [ERROR] LogOutputStream:75 - [STDERR_REDIRECT] 
2026-01-11 14:03:12,704 [ERROR] LogOutputStream:75 - [STDERR_REDIRECT] [Fatal Error] :1:1: Premature end of file.
2026-01-11 14:03:12,704 [ERROR] LogOutputStream:75 - [STDERR_REDIRECT] 
2026-01-11 14:03:13,703 [ERROR] LogOutputStream:75 - [STDERR_REDIRECT] [Fatal Error] :1:1: Premature end of file.
2026-01-11 14:03:13,703 [ERROR] LogOutputStream:75 - [STDERR_REDIRECT] 
2026-01-11 14:03:14,704 [ERROR] LogOutputStream:75 - [STDERR_REDIRECT] [Fatal Error] :1:1: Premature end of file.
2026-01-11 14:03:14,704 [ERROR] LogOutputStream:75 - [STDERR_REDIRECT] 
2026-01-11 14:03:15,705 [ERROR] LogOutputStream:75 - [STDERR_REDIRECT] [Fatal Error] :1:1: Premature end of file.
2026-01-11 14:03:15,705 [ERROR] LogOutputStream:75 - [STDERR_REDIRECT] 
2026-01-11 14:03:16,703 [ERROR] LogOutputStream:75 - [STDERR_REDIRECT] [Fatal Error] :1:1: Premature end of file.
2026-01-11 14:03:16,703 [ERROR] LogOutputStream:75 - [STDERR_REDIRECT] 
2026-01-11 14:03:17,705 [ERROR] LogOutputStream:75 - [STDERR_REDIRECT] [Fatal Error] :1:1: Premature end of file.
2026-01-11 14:03:17,705 [ERROR] LogOutputStream:75 - [STDERR_REDIRECT] 
2026-01-11 14:03:18,713 [ERROR] LogOutputStream:75 - [STDERR_REDIRECT] [Fatal Error] :1:1: Premature end of file.
2026-01-11 14:03:18,714 [ERROR] LogOutputStream:75 - [STDERR_REDIRECT] 
2026-01-11 14:03:19,712 [ERROR] LogOutputStream:75 - [STDERR_REDIRECT] [Fatal Error] :1:1: Premature end of file.
2026-01-11 14:03:19,712 [ERROR] LogOutputStream:75 - [STDERR_REDIRECT] 
2026-01-11 14:03:20,704 [ERROR] LogOutputStream:75 - [STDERR_REDIRECT] [Fatal Error] :1:1: Premature end of file.
2026-01-11 14:03:20,704 [ERROR] LogOutputStream:75 - [STDERR_REDIRECT] 
2026-01-11 14:03:21,704 [ERROR] LogOutputStream:75 - [STDERR_REDIRECT] [Fatal Error] :1:1: Premature end of file.
2026-01-11 14:03:21,704 [ERROR] LogOutputStream:75 - [STDERR_REDIRECT] 
2026-01-11 14:03:22,704 [ERROR] LogOutputStream:75 - [STDERR_REDIRECT] [Fatal Error] :1:1: Premature end of file.
2026-01-11 14:03:22,704 [ERROR] LogOutputStream:75 - [STDERR_REDIRECT] 
2026-01-11 14:03:23,706 [ERROR] LogOutputStream:75 - [STDERR_REDIRECT] [Fatal Error] :1:1: Premature end of file.
2026-01-11 14:03:23,706 [ERROR] LogOutputStream:75 - [STDERR_REDIRECT] 
2026-01-11 14:03:24,709 [ERROR] LogOutputStream:75 - [STDERR_REDIRECT] [Fatal Error] :1:1: Premature end of file.
2026-01-11 14:03:24,710 [ERROR] LogOutputStream:75 - [STDERR_REDIRECT] 
2026-01-11 14:03:25,708 [ERROR] LogOutputStream:75 - [STDERR_REDIRECT] [Fatal Error] :1:1: Premature end of file.
2026-01-11 14:03:25,708 [ERROR] LogOutputStream:75 - [STDERR_REDIRECT] 
2026-01-11 14:03:26,709 [ERROR] LogOutputStream:75 - [STDERR_REDIRECT] [Fatal Error] :1:1: Premature end of file.
2026-01-11 14:03:26,709 [ERROR] LogOutputStream:75 - [STDERR_REDIRECT] 
2026-01-11 14:03:27,705 [ERROR] LogOutputStream:75 - [STDERR_REDIRECT] [Fatal Error] :1:1: Premature end of file.
2026-01-11 14:03:27,705 [ERROR] LogOutputStream:75 - [STDERR_REDIRECT] 
2026-01-11 14:03:28,706 [ERROR] LogOutputStream:75 - [STDERR_REDIRECT] [Fatal Error] :1:1: Premature end of file.
2026-01-11 14:03:28,706 [ERROR] LogOutputStream:75 - [STDERR_REDIRECT] 
2026-01-11 14:03:29,703 [ERROR] LogOutputStream:75 - [STDERR_REDIRECT] [Fatal Error] :1:1: Premature end of file.
2026-01-11 14:03:29,703 [ERROR] LogOutputStream:75 - [STDERR_REDIRECT] 
2026-01-11 14:03:30,705 [ERROR] LogOutputStream:75 - [STDERR_REDIRECT] [Fatal Error] :1:1: Premature end of file.
2026-01-11 14:03:30,705 [ERROR] LogOutputStream:75 - [STDERR_REDIRECT] 
2026-01-11 14:03:31,705 [ERROR] LogOutputStream:75 - [STDERR_REDIRECT] [Fatal Error] :1:1: Premature end of file.
2026-01-11 14:03:31,705 [ERROR] LogOutputStream:75 - [STDERR_REDIRECT] 
2026-01-11 14:03:32,703 [ERROR] LogOutputStream:75 - [STDERR_REDIRECT] [Fatal Error] :1:1: Premature end of file.
2026-01-11 14:03:32,703 [ERROR] LogOutputStream:75 - [STDERR_REDIRECT] 
2026-01-11 14:03:33,706 [ERROR] LogOutputStream:75 - [STDERR_REDIRECT] [Fatal Error] :1:1: Premature end of file.
2026-01-11 14:03:33,706 [ERROR] LogOutputStream:75 - [STDERR_REDIRECT] 
2026-01-11 14:03:34,704 [ERROR] LogOutputStream:75 - [STDERR_REDIRECT] [Fatal Error] :1:1: Premature end of file.
2026-01-11 14:03:34,704 [ERROR] LogOutputStream:75 - [STDERR_REDIRECT] 
2026-01-11 14:03:35,705 [ERROR] LogOutputStream:75 - [STDERR_REDIRECT] [Fatal Error] :1:1: Premature end of file.
2026-01-11 14:03:35,705 [ERROR] LogOutputStream:75 - [STDERR_REDIRECT] 
2026-01-11 14:03:36,703 [ERROR] LogOutputStream:75 - [STDERR_REDIRECT] [Fatal Error] :1:1: Premature end of file.
2026-01-11 14:03:36,704 [ERROR] LogOutputStream:75 - [STDERR_REDIRECT] 
2026-01-11 14:03:37,706 [ERROR] LogOutputStream:75 - [STDERR_REDIRECT] [Fatal Error] :1:1: Premature end of file.
2026-01-11 14:03:37,706 [ERROR] LogOutputStream:75 - [STDERR_REDIRECT] 
2026-01-11 14:03:38,705 [ERROR] LogOutputStream:75 - [STDERR_REDIRECT] [Fatal Error] :1:1: Premature end of file.
2026-01-11 14:03:38,705 [ERROR] LogOutputStream:75 - [STDERR_REDIRECT] 
2026-01-11 14:03:39,704 [ERROR] LogOutputStream:75 - [STDERR_REDIRECT] [Fatal Error] :1:1: Premature end of file.
2026-01-11 14:03:39,704 [ERROR] LogOutputStream:75 - [STDERR_REDIRECT] 
2026-01-11 14:03:40,704 [ERROR] LogOutputStream:75 - [STDERR_REDIRECT] [Fatal Error] :1:1: Premature end of file.
2026-01-11 14:03:40,704 [ERROR] LogOutputStream:75 - [STDERR_REDIRECT] 
2026-01-11 14:03:41,704 [ERROR] LogOutputStream:75 - [STDERR_REDIRECT] [Fatal Error] :1:1: Premature end of file.
2026-01-11 14:03:41,704 [ERROR] LogOutputStream:75 - [STDERR_REDIRECT] 
2026-01-11 14:03:42,705 [ERROR] LogOutputStream:75 - [STDERR_REDIRECT] [Fatal Error] :1:1: Premature end of file.
2026-01-11 14:03:42,705 [ERROR] LogOutputStream:75 - [STDERR_REDIRECT] 
2026-01-11 14:03:43,702 [ERROR] LogOutputStream:75 - [STDERR_REDIRECT] [Fatal Error] :1:1: Premature end of file.
2026-01-11 14:03:43,702 [ERROR] LogOutputStream:75 - [STDERR_REDIRECT] 
2026-01-11 14:03:44,706 [ERROR] LogOutputStream:75 - [STDERR_REDIRECT] [Fatal Error] :1:1: Premature end of file.
2026-01-11 14:03:44,706 [ERROR] LogOutputStream:75 - [STDERR_REDIRECT] 
2026-01-11 14:03:45,705 [ERROR] LogOutputStream:75 - [STDERR_REDIRECT] [Fatal Error] :1:1: Premature end of file.
2026-01-11 14:03:45,705 [ERROR] LogOutputStream:75 - [STDERR_REDIRECT] 
2026-01-11 14:03:46,706 [ERROR] LogOutputStream:75 - [STDERR_REDIRECT] [Fatal Error] :1:1: Premature end of file.
2026-01-11 14:03:46,707 [ERROR] LogOutputStream:75 - [STDERR_REDIRECT] 
2026-01-11 14:03:47,704 [ERROR] LogOutputStream:75 - [STDERR_REDIRECT] [Fatal Error] :1:1: Premature end of file.
2026-01-11 14:03:47,704 [ERROR] LogOutputStream:75 - [STDERR_REDIRECT] 
2026-01-11 14:03:48,703 [ERROR] LogOutputStream:75 - [STDERR_REDIRECT] [Fatal Error] :1:1: Premature end of file.
2026-01-11 14:03:48,704 [ERROR] LogOutputStream:75 - [STDERR_REDIRECT] 
2026-01-11 14:03:49,704 [ERROR] LogOutputStream:75 - [STDERR_REDIRECT] [Fatal Error] :1:1: Premature end of file.
2026-01-11 14:03:49,704 [ERROR] LogOutputStream:75 - [STDERR_REDIRECT] 
2026-01-11 14:03:50,725 [ERROR] LogOutputStream:75 - [STDERR_REDIRECT] [Fatal Error] :1:1: Premature end of file.
2026-01-11 14:03:50,725 [ERROR] LogOutputStream:75 - [STDERR_REDIRECT] 
2026-01-11 14:03:51,704 [ERROR] LogOutputStream:75 - [STDERR_REDIRECT] [Fatal Error] :1:1: Premature end of file.
2026-01-11 14:03:51,704 [ERROR] LogOutputStream:75 - [STDERR_REDIRECT] 
2026-01-11 14:03:52,704 [ERROR] LogOutputStream:75 - [STDERR_REDIRECT] [Fatal Error] :1:1: Premature end of file.
2026-01-11 14:03:52,704 [ERROR] LogOutputStream:75 - [STDERR_REDIRECT] 
2026-01-11 14:03:53,705 [ERROR] LogOutputStream:75 - [STDERR_REDIRECT] [Fatal Error] :1:1: Premature end of file.
2026-01-11 14:03:53,705 [ERROR] LogOutputStream:75 - [STDERR_REDIRECT] 
2026-01-11 14:03:54,705 [ERROR] LogOutputStream:75 - [STDERR_REDIRECT] [Fatal Error] :1:1: Premature end of file.
2026-01-11 14:03:54,705 [ERROR] LogOutputStream:75 - [STDERR_REDIRECT] 
2026-01-11 14:03:55,705 [ERROR] LogOutputStream:75 - [STDERR_REDIRECT] [Fatal Error] :1:1: Premature end of file.
2026-01-11 14:03:55,706 [ERROR] LogOutputStream:75 - [STDERR_REDIRECT] 
2026-01-11 14:03:56,703 [ERROR] LogOutputStream:75 - [STDERR_REDIRECT] [Fatal Error] :1:1: Premature end of file.
2026-01-11 14:03:56,703 [ERROR] LogOutputStream:75 - [STDERR_REDIRECT] 
2026-01-11 14:03:57,705 [ERROR] LogOutputStream:75 - [STDERR_REDIRECT] [Fatal Error] :1:1: Premature end of file.
2026-01-11 14:03:57,705 [ERROR] LogOutputStream:75 - [STDERR_REDIRECT] 
2026-01-11 14:03:58,711 [ERROR] LogOutputStream:75 - [STDERR_REDIRECT] [Fatal Error] :1:1: Premature end of file.
2026-01-11 14:03:58,711 [ERROR] LogOutputStream:75 - [STDERR_REDIRECT] 
2026-01-11 14:03:59,715 [ERROR] LogOutputStream:75 - [STDERR_REDIRECT] [Fatal Error] :1:1: Premature end of file.
2026-01-11 14:03:59,715 [ERROR] LogOutputStream:75 - [STDERR_REDIRECT] 
2026-01-11 14:04:00,717 [ERROR] LogOutputStream:75 - [STDERR_REDIRECT] [Fatal Error] :1:1: Premature end of file.
2026-01-11 14:04:00,717 [ERROR] LogOutputStream:75 - [STDERR_REDIRECT] 
2026-01-11 14:04:01,706 [ERROR] LogOutputStream:75 - [STDERR_REDIRECT] [Fatal Error] :1:1: Premature end of file.
2026-01-11 14:04:01,706 [ERROR] LogOutputStream:75 - [STDERR_REDIRECT] 
2026-01-11 14:04:02,714 [ERROR] LogOutputStream:75 - [STDERR_REDIRECT] [Fatal Error] :1:1: Premature end of file.
2026-01-11 14:04:02,714 [ERROR] LogOutputStream:75 - [STDERR_REDIRECT] 
2026-01-11 14:04:03,709 [ERROR] LogOutputStream:75 - [STDERR_REDIRECT] [Fatal Error] :1:1: Premature end of file.
2026-01-11 14:04:03,709 [ERROR] LogOutputStream:75 - [STDERR_REDIRECT] 
2026-01-11 14:04:04,711 [ERROR] LogOutputStream:75 - [STDERR_REDIRECT] [Fatal Error] :1:1: Premature end of file.
2026-01-11 14:04:04,711 [ERROR] LogOutputStream:75 - [STDERR_REDIRECT] 
2026-01-11 14:04:05,703 [ERROR] LogOutputStream:75 - [STDERR_REDIRECT] [Fatal Error] :1:1: Premature end of file.
2026-01-11 14:04:05,704 [ERROR] LogOutputStream:75 - [STDERR_REDIRECT] 
2026-01-11 14:04:06,703 [ERROR] LogOutputStream:75 - [STDERR_REDIRECT] [Fatal Error] :1:1: Premature end of file.
2026-01-11 14:04:06,704 [ERROR] LogOutputStream:75 - [STDERR_REDIRECT] 
2026-01-11 14:04:07,704 [ERROR] LogOutputStream:75 - [STDERR_REDIRECT] [Fatal Error] :1:1: Premature end of file.
2026-01-11 14:04:07,704 [ERROR] LogOutputStream:75 - [STDERR_REDIRECT] 
2026-01-11 14:04:08,705 [ERROR] LogOutputStream:75 - [STDERR_REDIRECT] [Fatal Error] :1:1: Premature end of file.
2026-01-11 14:04:08,705 [ERROR] LogOutputStream:75 - [STDERR_REDIRECT] 
2026-01-11 14:04:09,713 [ERROR] LogOutputStream:75 - [STDERR_REDIRECT] [Fatal Error] :1:1: Premature end of file.
2026-01-11 14:04:09,713 [ERROR] LogOutputStream:75 - [STDERR_REDIRECT] 
2026-01-11 14:04:10,712 [ERROR] LogOutputStream:75 - [STDERR_REDIRECT] [Fatal Error] :1:1: Premature end of file.
2026-01-11 14:04:10,713 [ERROR] LogOutputStream:75 - [STDERR_REDIRECT] 
2026-01-11 14:04:11,713 [ERROR] LogOutputStream:75 - [STDERR_REDIRECT] [Fatal Error] :1:1: Premature end of file.
2026-01-11 14:04:11,713 [ERROR] LogOutputStream:75 - [STDERR_REDIRECT] 
2026-01-11 14:04:12,711 [ERROR] LogOutputStream:75 - [STDERR_REDIRECT] [Fatal Error] :1:1: Premature end of file.
2026-01-11 14:04:12,711 [ERROR] LogOutputStream:75 - [STDERR_REDIRECT] 
2026-01-11 14:04:13,704 [ERROR] LogOutputStream:75 - [STDERR_REDIRECT] [Fatal Error] :1:1: Premature end of file.
2026-01-11 14:04:13,704 [ERROR] LogOutputStream:75 - [STDERR_REDIRECT] 
2026-01-11 14:04:14,706 [ERROR] LogOutputStream:75 - [STDERR_REDIRECT] [Fatal Error] :1:1: Premature end of file.
2026-01-11 14:04:14,706 [ERROR] LogOutputStream:75 - [STDERR_REDIRECT] 
2026-01-11 14:04:15,704 [ERROR] LogOutputStream:75 - [STDERR_REDIRECT] [Fatal Error] :1:1: Premature end of file.
2026-01-11 14:04:15,704 [ERROR] LogOutputStream:75 - [STDERR_REDIRECT] 
2026-01-11 14:04:16,713 [ERROR] LogOutputStream:75 - [STDERR_REDIRECT] [Fatal Error] :1:1: Premature end of file.
2026-01-11 14:04:16,714 [ERROR] LogOutputStream:75 - [STDERR_REDIRECT] 
2026-01-11 14:04:17,705 [ERROR] LogOutputStream:75 - [STDERR_REDIRECT] [Fatal Error] :1:1: Premature end of file.
2026-01-11 14:04:17,705 [ERROR] LogOutputStream:75 - [STDERR_REDIRECT] 
2026-01-11 14:04:18,704 [ERROR] LogOutputStream:75 - [STDERR_REDIRECT] [Fatal Error] :1:1: Premature end of file.
2026-01-11 14:04:18,704 [ERROR] LogOutputStream:75 - [STDERR_REDIRECT] 
2026-01-11 14:04:19,704 [ERROR] LogOutputStream:75 - [STDERR_REDIRECT] [Fatal Error] :1:1: Premature end of file.
2026-01-11 14:04:19,704 [ERROR] LogOutputStream:75 - [STDERR_REDIRECT] 
2026-01-11 14:04:20,707 [ERROR] LogOutputStream:75 - [STDERR_REDIRECT] [Fatal Error] :1:1: Premature end of file.
2026-01-11 14:04:20,707 [ERROR] LogOutputStream:75 - [STDERR_REDIRECT] 
2026-01-11 14:04:21,704 [ERROR] LogOutputStream:75 - [STDERR_REDIRECT] [Fatal Error] :1:1: Premature end of file.
2026-01-11 14:04:21,704 [ERROR] LogOutputStream:75 - [STDERR_REDIRECT] 
2026-01-11 14:04:22,710 [ERROR] LogOutputStream:75 - [STDERR_REDIRECT] [Fatal Error] :1:1: Premature end of file.
2026-01-11 14:04:22,710 [ERROR] LogOutputStream:75 - [STDERR_REDIRECT] 
2026-01-11 14:04:23,716 [ERROR] LogOutputStream:75 - [STDERR_REDIRECT] [Fatal Error] :1:1: Premature end of file.
2026-01-11 14:04:23,717 [ERROR] LogOutputStream:75 - [STDERR_REDIRECT] 
2026-01-11 14:04:24,711 [ERROR] LogOutputStream:75 - [STDERR_REDIRECT] [Fatal Error] :1:1: Premature end of file.
2026-01-11 14:04:24,712 [ERROR] LogOutputStream:75 - [STDERR_REDIRECT] 
2026-01-11 14:04:25,703 [ERROR] LogOutputStream:75 - [STDERR_REDIRECT] [Fatal Error] :1:1: Premature end of file.
2026-01-11 14:04:25,703 [ERROR] LogOutputStream:75 - [STDERR_REDIRECT] 
2026-01-11 14:04:26,705 [ERROR] LogOutputStream:75 - [STDERR_REDIRECT] [Fatal Error] :1:1: Premature end of file.
2026-01-11 14:04:26,705 [ERROR] LogOutputStream:75 - [STDERR_REDIRECT] 
2026-01-11 14:04:27,706 [ERROR] LogOutputStream:75 - [STDERR_REDIRECT] [Fatal Error] :1:1: Premature end of file.
2026-01-11 14:04:27,706 [ERROR] LogOutputStream:75 - [STDERR_REDIRECT] 
2026-01-11 14:04:28,704 [ERROR] LogOutputStream:75 - [STDERR_REDIRECT] [Fatal Error] :1:1: Premature end of file.
2026-01-11 14:04:28,704 [ERROR] LogOutputStream:75 - [STDERR_REDIRECT] 
2026-01-11 14:04:29,704 [ERROR] LogOutputStream:75 - [STDERR_REDIRECT] [Fatal Error] :1:1: Premature end of file.
2026-01-11 14:04:29,704 [ERROR] LogOutputStream:75 - [STDERR_REDIRECT] 
2026-01-11 14:04:30,707 [ERROR] LogOutputStream:75 - [STDERR_REDIRECT] [Fatal Error] :1:1: Premature end of file.
2026-01-11 14:04:30,707 [ERROR] LogOutputStream:75 - [STDERR_REDIRECT] 
2026-01-11 14:04:31,703 [ERROR] LogOutputStream:75 - [STDERR_REDIRECT] [Fatal Error] :1:1: Premature end of file.
2026-01-11 14:04:31,704 [ERROR] LogOutputStream:75 - [STDERR_REDIRECT] 
2026-01-11 14:04:32,706 [ERROR] LogOutputStream:75 - [STDERR_REDIRECT] [Fatal Error] :1:1: Premature end of file.
2026-01-11 14:04:32,706 [ERROR] LogOutputStream:75 - [STDERR_REDIRECT] 
2026-01-11 14:04:33,704 [ERROR] LogOutputStream:75 - [STDERR_REDIRECT] [Fatal Error] :1:1: Premature end of file.
2026-01-11 14:04:33,704 [ERROR] LogOutputStream:75 - [STDERR_REDIRECT] 
2026-01-11 14:04:34,705 [ERROR] LogOutputStream:75 - [STDERR_REDIRECT] [Fatal Error] :1:1: Premature end of file.
2026-01-11 14:04:34,705 [ERROR] LogOutputStream:75 - [STDERR_REDIRECT] 
2026-01-11 14:04:35,705 [ERROR] LogOutputStream:75 - [STDERR_REDIRECT] [Fatal Error] :1:1: Premature end of file.
2026-01-11 14:04:35,705 [ERROR] LogOutputStream:75 - [STDERR_REDIRECT] 
2026-01-11 14:04:36,706 [ERROR] LogOutputStream:75 - [STDERR_REDIRECT] [Fatal Error] :1:1: Premature end of file.
2026-01-11 14:04:36,706 [ERROR] LogOutputStream:75 - [STDERR_REDIRECT] 
2026-01-11 14:04:37,705 [ERROR] LogOutputStream:75 - [STDERR_REDIRECT] [Fatal Error] :1:1: Premature end of file.
2026-01-11 14:04:37,705 [ERROR] LogOutputStream:75 - [STDERR_REDIRECT] 
2026-01-11 14:04:38,705 [ERROR] LogOutputStream:75 - [STDERR_REDIRECT] [Fatal Error] :1:1: Premature end of file.
2026-01-11 14:04:38,705 [ERROR] LogOutputStream:75 - [STDERR_REDIRECT] 
2026-01-11 14:04:39,704 [ERROR] LogOutputStream:75 - [STDERR_REDIRECT] [Fatal Error] :1:1: Premature end of file.
2026-01-11 14:04:39,704 [ERROR] LogOutputStream:75 - [STDERR_REDIRECT] 
2026-01-11 14:04:40,704 [ERROR] LogOutputStream:75 - [STDERR_REDIRECT] [Fatal Error] :1:1: Premature end of file.
2026-01-11 14:04:40,704 [ERROR] LogOutputStream:75 - [STDERR_REDIRECT] 
2026-01-11 14:04:41,703 [ERROR] LogOutputStream:75 - [STDERR_REDIRECT] [Fatal Error] :1:1: Premature end of file.
2026-01-11 14:04:41,703 [ERROR] LogOutputStream:75 - [STDERR_REDIRECT] 
2026-01-11 14:04:42,706 [ERROR] LogOutputStream:75 - [STDERR_REDIRECT] [Fatal Error] :1:1: Premature end of file.
2026-01-11 14:04:42,706 [ERROR] LogOutputStream:75 - [STDERR_REDIRECT] 
2026-01-11 14:04:43,706 [ERROR] LogOutputStream:75 - [STDERR_REDIRECT] [Fatal Error] :1:1: Premature end of file.
2026-01-11 14:04:43,706 [ERROR] LogOutputStream:75 - [STDERR_REDIRECT] 
2026-01-11 14:04:44,704 [ERROR] LogOutputStream:75 - [STDERR_REDIRECT] [Fatal Error] :1:1: Premature end of file.
2026-01-11 14:04:44,704 [ERROR] LogOutputStream:75 - [STDERR_REDIRECT] 
2026-01-11 14:04:45,706 [ERROR] LogOutputStream:75 - [STDERR_REDIRECT] [Fatal Error] :1:1: Premature end of file.
2026-01-11 14:04:45,706 [ERROR] LogOutputStream:75 - [STDERR_REDIRECT] 
2026-01-11 14:04:46,706 [ERROR] LogOutputStream:75 - [STDERR_REDIRECT] [Fatal Error] :1:1: Premature end of file.
2026-01-11 14:04:46,706 [ERROR] LogOutputStream:75 - [STDERR_REDIRECT] 
2026-01-11 14:04:47,704 [ERROR] LogOutputStream:75 - [STDERR_REDIRECT] [Fatal Error] :1:1: Premature end of file.
2026-01-11 14:04:47,704 [ERROR] LogOutputStream:75 - [STDERR_REDIRECT] 
2026-01-11 14:04:48,704 [ERROR] LogOutputStream:75 - [STDERR_REDIRECT] [Fatal Error] :1:1: Premature end of file.
2026-01-11 14:04:48,704 [ERROR] LogOutputStream:75 - [STDERR_REDIRECT] 
2026-01-11 14:04:49,703 [ERROR] LogOutputStream:75 - [STDERR_REDIRECT] [Fatal Error] :1:1: Premature end of file.
2026-01-11 14:04:49,704 [ERROR] LogOutputStream:75 - [STDERR_REDIRECT] 
2026-01-11 14:04:50,706 [ERROR] LogOutputStream:75 - [STDERR_REDIRECT] [Fatal Error] :1:1: Premature end of file.
2026-01-11 14:04:50,706 [ERROR] LogOutputStream:75 - [STDERR_REDIRECT] 
2026-01-11 14:04:51,706 [ERROR] LogOutputStream:75 - [STDERR_REDIRECT] [Fatal Error] :1:1: Premature end of file.
2026-01-11 14:04:51,706 [ERROR] LogOutputStream:75 - [STDERR_REDIRECT] 
2026-01-11 14:04:52,703 [ERROR] LogOutputStream:75 - [STDERR_REDIRECT] [Fatal Error] :1:1: Premature end of file.
2026-01-11 14:04:52,704 [ERROR] LogOutputStream:75 - [STDERR_REDIRECT] 
2026-01-11 14:04:53,705 [ERROR] LogOutputStream:75 - [STDERR_REDIRECT] [Fatal Error] :1:1: Premature end of file.
2026-01-11 14:04:53,705 [ERROR] LogOutputStream:75 - [STDERR_REDIRECT] 
2026-01-11 14:04:54,704 [ERROR] LogOutputStream:75 - [STDERR_REDIRECT] [Fatal Error] :1:1: Premature end of file.
2026-01-11 14:04:54,704 [ERROR] LogOutputStream:75 - [STDERR_REDIRECT] 
2026-01-11 14:04:55,706 [ERROR] LogOutputStream:75 - [STDERR_REDIRECT] [Fatal Error] :1:1: Premature end of file.
2026-01-11 14:04:55,706 [ERROR] LogOutputStream:75 - [STDERR_REDIRECT] 
2026-01-11 14:04:56,705 [ERROR] LogOutputStream:75 - [STDERR_REDIRECT] [Fatal Error] :1:1: Premature end of file.
2026-01-11 14:04:56,706 [ERROR] LogOutputStream:75 - [STDERR_REDIRECT] 
2026-01-11 14:04:57,706 [ERROR] LogOutputStream:75 - [STDERR_REDIRECT] [Fatal Error] :1:1: Premature end of file.
2026-01-11 14:04:57,707 [ERROR] LogOutputStream:75 - [STDERR_REDIRECT] 
2026-01-11 14:04:58,704 [ERROR] LogOutputStream:75 - [STDERR_REDIRECT] [Fatal Error] :1:1: Premature end of file.
2026-01-11 14:04:58,704 [ERROR] LogOutputStream:75 - [STDERR_REDIRECT] 
2026-01-11 14:04:59,710 [ERROR] LogOutputStream:75 - [STDERR_REDIRECT] [Fatal Error] :1:1: Premature end of file.
2026-01-11 14:04:59,710 [ERROR] LogOutputStream:75 - [STDERR_REDIRECT] 
2026-01-11 14:05:00,706 [ERROR] LogOutputStream:75 - [STDERR_REDIRECT] [Fatal Error] :1:1: Premature end of file.
2026-01-11 14:05:00,706 [ERROR] LogOutputStream:75 - [STDERR_REDIRECT] 
2026-01-11 14:05:01,704 [ERROR] LogOutputStream:75 - [STDERR_REDIRECT] [Fatal Error] :1:1: Premature end of file.
2026-01-11 14:05:01,704 [ERROR] LogOutputStream:75 - [STDERR_REDIRECT] 
2026-01-11 14:05:02,704 [ERROR] LogOutputStream:75 - [STDERR_REDIRECT] [Fatal Error] :1:1: Premature end of file.
2026-01-11 14:05:02,704 [ERROR] LogOutputStream:75 - [STDERR_REDIRECT] 
2026-01-11 14:05:03,704 [ERROR] LogOutputStream:75 - [STDERR_REDIRECT] [Fatal Error] :1:1: Premature end of file.
2026-01-11 14:05:03,704 [ERROR] LogOutputStream:75 - [STDERR_REDIRECT] 
2026-01-11 14:05:04,706 [ERROR] LogOutputStream:75 - [STDERR_REDIRECT] [Fatal Error] :1:1: Premature end of file.
2026-01-11 14:05:04,706 [ERROR] LogOutputStream:75 - [STDERR_REDIRECT] 
2026-01-11 14:05:05,703 [ERROR] LogOutputStream:75 - [STDERR_REDIRECT] [Fatal Error] :1:1: Premature end of file.
2026-01-11 14:05:05,704 [ERROR] LogOutputStream:75 - [STDERR_REDIRECT] 
2026-01-11 14:05:06,705 [ERROR] LogOutputStream:75 - [STDERR_REDIRECT] [Fatal Error] :1:1: Premature end of file.
2026-01-11 14:05:06,705 [ERROR] LogOutputStream:75 - [STDERR_REDIRECT] 
2026-01-11 14:05:07,704 [ERROR] LogOutputStream:75 - [STDERR_REDIRECT] [Fatal Error] :1:1: Premature end of file.
2026-01-11 14:05:07,704 [ERROR] LogOutputStream:75 - [STDERR_REDIRECT] 
2026-01-11 14:05:08,704 [ERROR] LogOutputStream:75 - [STDERR_REDIRECT] [Fatal Error] :1:1: Premature end of file.
2026-01-11 14:05:08,704 [ERROR] LogOutputStream:75 - [STDERR_REDIRECT] 
2026-01-11 14:05:09,704 [ERROR] LogOutputStream:75 - [STDERR_REDIRECT] [Fatal Error] :1:1: Premature end of file.
2026-01-11 14:05:09,704 [ERROR] LogOutputStream:75 - [STDERR_REDIRECT] 
2026-01-11 14:05:10,703 [ERROR] LogOutputStream:75 - [STDERR_REDIRECT] [Fatal Error] :1:1: Premature end of file.
2026-01-11 14:05:10,703 [ERROR] LogOutputStream:75 - [STDERR_REDIRECT] 
2026-01-11 14:05:11,703 [ERROR] LogOutputStream:75 - [STDERR_REDIRECT] [Fatal Error] :1:1: Premature end of file.
2026-01-11 14:05:11,703 [ERROR] LogOutputStream:75 - [STDERR_REDIRECT] 
2026-01-11 14:05:12,705 [ERROR] LogOutputStream:75 - [STDERR_REDIRECT] [Fatal Error] :1:1: Premature end of file.
2026-01-11 14:05:12,705 [ERROR] LogOutputStream:75 - [STDERR_REDIRECT] 
2026-01-11 14:05:13,706 [ERROR] LogOutputStream:75 - [STDERR_REDIRECT] [Fatal Error] :1:1: Premature end of file.
2026-01-11 14:05:13,706 [ERROR] LogOutputStream:75 - [STDERR_REDIRECT] 
2026-01-11 14:05:14,710 [ERROR] LogOutputStream:75 - [STDERR_REDIRECT] [Fatal Error] :1:1: Premature end of file.
2026-01-11 14:05:14,710 [ERROR] LogOutputStream:75 - [STDERR_REDIRECT] 
2026-01-11 14:05:15,704 [ERROR] LogOutputStream:75 - [STDERR_REDIRECT] [Fatal Error] :1:1: Premature end of file.
2026-01-11 14:05:15,704 [ERROR] LogOutputStream:75 - [STDERR_REDIRECT] 
2026-01-11 14:05:16,704 [ERROR] LogOutputStream:75 - [STDERR_REDIRECT] [Fatal Error] :1:1: Premature end of file.
2026-01-11 14:05:16,704 [ERROR] LogOutputStream:75 - [STDERR_REDIRECT] 
2026-01-11 14:05:17,703 [ERROR] LogOutputStream:75 - [STDERR_REDIRECT] [Fatal Error] :1:1: Premature end of file.
2026-01-11 14:05:17,703 [ERROR] LogOutputStream:75 - [STDERR_REDIRECT] 
2026-01-11 14:05:18,704 [ERROR] LogOutputStream:75 - [STDERR_REDIRECT] [Fatal Error] :1:1: Premature end of file.
2026-01-11 14:05:18,704 [ERROR] LogOutputStream:75 - [STDERR_REDIRECT] 
2026-01-11 14:05:19,706 [ERROR] LogOutputStream:75 - [STDERR_REDIRECT] [Fatal Error] :1:1: Premature end of file.
2026-01-11 14:05:19,706 [ERROR] LogOutputStream:75 - [STDERR_REDIRECT] 
2026-01-11 14:05:20,703 [ERROR] LogOutputStream:75 - [STDERR_REDIRECT] [Fatal Error] :1:1: Premature end of file.
2026-01-11 14:05:20,704 [ERROR] LogOutputStream:75 - [STDERR_REDIRECT] 
2026-01-11 14:05:21,707 [ERROR] LogOutputStream:75 - [STDERR_REDIRECT] [Fatal Error] :1:1: Premature end of file.
2026-01-11 14:05:21,707 [ERROR] LogOutputStream:75 - [STDERR_REDIRECT] 
2026-01-11 14:05:22,704 [ERROR] LogOutputStream:75 - [STDERR_REDIRECT] [Fatal Error] :1:1: Premature end of file.
2026-01-11 14:05:22,704 [ERROR] LogOutputStream:75 - [STDERR_REDIRECT] 
2026-01-11 14:05:23,704 [ERROR] LogOutputStream:75 - [STDERR_REDIRECT] [Fatal Error] :1:1: Premature end of file.
2026-01-11 14:05:23,704 [ERROR] LogOutputStream:75 - [STDERR_REDIRECT] 
2026-01-11 14:05:24,708 [ERROR] LogOutputStream:75 - [STDERR_REDIRECT] [Fatal Error] :1:1: Premature end of file.
2026-01-11 14:05:24,708 [ERROR] LogOutputStream:75 - [STDERR_REDIRECT] 
2026-01-11 14:05:25,705 [ERROR] LogOutputStream:75 - [STDERR_REDIRECT] [Fatal Error] :1:1: Premature end of file.
2026-01-11 14:05:25,705 [ERROR] LogOutputStream:75 - [STDERR_REDIRECT] 
2026-01-11 14:05:26,705 [ERROR] LogOutputStream:75 - [STDERR_REDIRECT] [Fatal Error] :1:1: Premature end of file.
2026-01-11 14:05:26,705 [ERROR] LogOutputStream:75 - [STDERR_REDIRECT] 
2026-01-11 14:05:27,706 [ERROR] LogOutputStream:75 - [STDERR_REDIRECT] [Fatal Error] :1:1: Premature end of file.
2026-01-11 14:05:27,706 [ERROR] LogOutputStream:75 - [STDERR_REDIRECT] 
2026-01-11 14:05:28,706 [ERROR] LogOutputStream:75 - [STDERR_REDIRECT] [Fatal Error] :1:1: Premature end of file.
2026-01-11 14:05:28,707 [ERROR] LogOutputStream:75 - [STDERR_REDIRECT] 
2026-01-11 14:05:29,704 [ERROR] LogOutputStream:75 - [STDERR_REDIRECT] [Fatal Error] :1:1: Premature end of file.
2026-01-11 14:05:29,704 [ERROR] LogOutputStream:75 - [STDERR_REDIRECT] 
2026-01-11 14:05:30,705 [ERROR] LogOutputStream:75 - [STDERR_REDIRECT] [Fatal Error] :1:1: Premature end of file.
2026-01-11 14:05:30,705 [ERROR] LogOutputStream:75 - [STDERR_REDIRECT] 
2026-01-11 14:05:31,703 [ERROR] LogOutputStream:75 - [STDERR_REDIRECT] [Fatal Error] :1:1: Premature end of file.
2026-01-11 14:05:31,703 [ERROR] LogOutputStream:75 - [STDERR_REDIRECT] 
2026-01-11 14:05:32,706 [ERROR] LogOutputStream:75 - [STDERR_REDIRECT] [Fatal Error] :1:1: Premature end of file.
2026-01-11 14:05:32,706 [ERROR] LogOutputStream:75 - [STDERR_REDIRECT] 
2026-01-11 14:05:33,704 [ERROR] LogOutputStream:75 - [STDERR_REDIRECT] [Fatal Error] :1:1: Premature end of file.
2026-01-11 14:05:33,704 [ERROR] LogOutputStream:75 - [STDERR_REDIRECT] 
2026-01-11 14:05:34,706 [ERROR] LogOutputStream:75 - [STDERR_REDIRECT] [Fatal Error] :1:1: Premature end of file.
2026-01-11 14:05:34,706 [ERROR] LogOutputStream:75 - [STDERR_REDIRECT] 
2026-01-11 14:05:35,705 [ERROR] LogOutputStream:75 - [STDERR_REDIRECT] [Fatal Error] :1:1: Premature end of file.
2026-01-11 14:05:35,705 [ERROR] LogOutputStream:75 - [STDERR_REDIRECT] 
2026-01-11 14:05:36,708 [ERROR] LogOutputStream:75 - [STDERR_REDIRECT] [Fatal Error] :1:1: Premature end of file.
2026-01-11 14:05:36,708 [ERROR] LogOutputStream:75 - [STDERR_REDIRECT] 
2026-01-11 14:05:37,704 [ERROR] LogOutputStream:75 - [STDERR_REDIRECT] [Fatal Error] :1:1: Premature end of file.
2026-01-11 14:05:37,704 [ERROR] LogOutputStream:75 - [STDERR_REDIRECT] 
2026-01-11 14:05:38,703 [ERROR] LogOutputStream:75 - [STDERR_REDIRECT] [Fatal Error] :1:1: Premature end of file.
2026-01-11 14:05:38,703 [ERROR] LogOutputStream:75 - [STDERR_REDIRECT] 
2026-01-11 14:05:39,705 [ERROR] LogOutputStream:75 - [STDERR_REDIRECT] [Fatal Error] :1:1: Premature end of file.
2026-01-11 14:05:39,705 [ERROR] LogOutputStream:75 - [STDERR_REDIRECT] 
2026-01-11 14:05:40,704 [ERROR] LogOutputStream:75 - [STDERR_REDIRECT] [Fatal Error] :1:1: Premature end of file.
2026-01-11 14:05:40,704 [ERROR] LogOutputStream:75 - [STDERR_REDIRECT] 
2026-01-11 14:05:41,704 [ERROR] LogOutputStream:75 - [STDERR_REDIRECT] [Fatal Error] :1:1: Premature end of file.
2026-01-11 14:05:41,704 [ERROR] LogOutputStream:75 - [STDERR_REDIRECT] 
2026-01-11 14:05:42,713 [ERROR] LogOutputStream:75 - [STDERR_REDIRECT] [Fatal Error] :1:1: Premature end of file.
2026-01-11 14:05:42,713 [ERROR] LogOutputStream:75 - [STDERR_REDIRECT] 
2026-01-11 14:05:43,706 [ERROR] LogOutputStream:75 - [STDERR_REDIRECT] [Fatal Error] :1:1: Premature end of file.
2026-01-11 14:05:43,706 [ERROR] LogOutputStream:75 - [STDERR_REDIRECT] 
2026-01-11 14:05:44,709 [ERROR] LogOutputStream:75 - [STDERR_REDIRECT] [Fatal Error] :1:1: Premature end of file.
2026-01-11 14:05:44,709 [ERROR] LogOutputStream:75 - [STDERR_REDIRECT] 
2026-01-11 14:05:45,708 [ERROR] LogOutputStream:75 - [STDERR_REDIRECT] [Fatal Error] :1:1: Premature end of file.
2026-01-11 14:05:45,708 [ERROR] LogOutputStream:75 - [STDERR_REDIRECT] 
2026-01-11 14:05:46,704 [ERROR] LogOutputStream:75 - [STDERR_REDIRECT] [Fatal Error] :1:1: Premature end of file.
2026-01-11 14:05:46,705 [ERROR] LogOutputStream:75 - [STDERR_REDIRECT] 
2026-01-11 14:05:47,717 [ERROR] LogOutputStream:75 - [STDERR_REDIRECT] [Fatal Error] :1:1: Premature end of file.
2026-01-11 14:05:47,717 [ERROR] LogOutputStream:75 - [STDERR_REDIRECT] 
2026-01-11 14:05:48,713 [ERROR] LogOutputStream:75 - [STDERR_REDIRECT] [Fatal Error] :1:1: Premature end of file.
2026-01-11 14:05:48,713 [ERROR] LogOutputStream:75 - [STDERR_REDIRECT] 
2026-01-11 14:05:49,711 [ERROR] LogOutputStream:75 - [STDERR_REDIRECT] [Fatal Error] :1:1: Premature end of file.
2026-01-11 14:05:49,711 [ERROR] LogOutputStream:75 - [STDERR_REDIRECT] 
2026-01-11 14:05:50,703 [ERROR] LogOutputStream:75 - [STDERR_REDIRECT] [Fatal Error] :1:1: Premature end of file.
2026-01-11 14:05:50,703 [ERROR] LogOutputStream:75 - [STDERR_REDIRECT] 
2026-01-11 14:05:51,705 [ERROR] LogOutputStream:75 - [STDERR_REDIRECT] [Fatal Error] :1:1: Premature end of file.
2026-01-11 14:05:51,705 [ERROR] LogOutputStream:75 - [STDERR_REDIRECT] 
2026-01-11 14:05:52,705 [ERROR] LogOutputStream:75 - [STDERR_REDIRECT] [Fatal Error] :1:1: Premature end of file.
2026-01-11 14:05:52,705 [ERROR] LogOutputStream:75 - [STDERR_REDIRECT] 
2026-01-11 14:05:53,706 [ERROR] LogOutputStream:75 - [STDERR_REDIRECT] [Fatal Error] :1:1: Premature end of file.
2026-01-11 14:05:53,707 [ERROR] LogOutputStream:75 - [STDERR_REDIRECT] 
2026-01-11 14:05:54,706 [ERROR] LogOutputStream:75 - [STDERR_REDIRECT] [Fatal Error] :1:1: Premature end of file.
2026-01-11 14:05:54,706 [ERROR] LogOutputStream:75 - [STDERR_REDIRECT] 
2026-01-11 14:05:55,712 [ERROR] LogOutputStream:75 - [STDERR_REDIRECT] [Fatal Error] :1:1: Premature end of file.
2026-01-11 14:05:55,712 [ERROR] LogOutputStream:75 - [STDERR_REDIRECT] 
2026-01-11 14:05:56,707 [ERROR] LogOutputStream:75 - [STDERR_REDIRECT] [Fatal Error] :1:1: Premature end of file.
2026-01-11 14:05:56,708 [ERROR] LogOutputStream:75 - [STDERR_REDIRECT] 
2026-01-11 14:05:57,713 [ERROR] LogOutputStream:75 - [STDERR_REDIRECT] [Fatal Error] :1:1: Premature end of file.
2026-01-11 14:05:57,713 [ERROR] LogOutputStream:75 - [STDERR_REDIRECT] 
2026-01-11 14:05:58,709 [ERROR] LogOutputStream:75 - [STDERR_REDIRECT] [Fatal Error] :1:1: Premature end of file.
2026-01-11 14:05:58,709 [ERROR] LogOutputStream:75 - [STDERR_REDIRECT] 
2026-01-11 14:05:59,707 [ERROR] LogOutputStream:75 - [STDERR_REDIRECT] [Fatal Error] :1:1: Premature end of file.
2026-01-11 14:05:59,707 [ERROR] LogOutputStream:75 - [STDERR_REDIRECT] 
2026-01-11 14:06:00,704 [ERROR] LogOutputStream:75 - [STDERR_REDIRECT] [Fatal Error] :1:1: Premature end of file.
2026-01-11 14:06:00,704 [ERROR] LogOutputStream:75 - [STDERR_REDIRECT] 
2026-01-11 14:06:01,704 [ERROR] LogOutputStream:75 - [STDERR_REDIRECT] [Fatal Error] :1:1: Premature end of file.
2026-01-11 14:06:01,706 [ERROR] LogOutputStream:75 - [STDERR_REDIRECT] 
2026-01-11 14:06:02,704 [ERROR] LogOutputStream:75 - [STDERR_REDIRECT] [Fatal Error] :1:1: Premature end of file.
2026-01-11 14:06:02,704 [ERROR] LogOutputStream:75 - [STDERR_REDIRECT] 
2026-01-11 14:06:03,712 [ERROR] LogOutputStream:75 - [STDERR_REDIRECT] [Fatal Error] :1:1: Premature end of file.
2026-01-11 14:06:03,712 [ERROR] LogOutputStream:75 - [STDERR_REDIRECT] 
2026-01-11 14:06:04,712 [ERROR] LogOutputStream:75 - [STDERR_REDIRECT] [Fatal Error] :1:1: Premature end of file.
2026-01-11 14:06:04,712 [ERROR] LogOutputStream:75 - [STDERR_REDIRECT] 
2026-01-11 14:06:05,709 [ERROR] LogOutputStream:75 - [STDERR_REDIRECT] [Fatal Error] :1:1: Premature end of file.
2026-01-11 14:06:05,710 [ERROR] LogOutputStream:75 - [STDERR_REDIRECT] 
2026-01-11 14:06:06,712 [ERROR] LogOutputStream:75 - [STDERR_REDIRECT] [Fatal Error] :1:1: Premature end of file.
2026-01-11 14:06:06,712 [ERROR] LogOutputStream:75 - [STDERR_REDIRECT] 
2026-01-11 14:06:07,715 [ERROR] LogOutputStream:75 - [STDERR_REDIRECT] [Fatal Error] :1:1: Premature end of file.
2026-01-11 14:06:07,715 [ERROR] LogOutputStream:75 - [STDERR_REDIRECT] 
2026-01-11 14:06:08,710 [ERROR] LogOutputStream:75 - [STDERR_REDIRECT] [Fatal Error] :1:1: Premature end of file.
2026-01-11 14:06:08,710 [ERROR] LogOutputStream:75 - [STDERR_REDIRECT] 
2026-01-11 14:06:09,719 [ERROR] LogOutputStream:75 - [STDERR_REDIRECT] [Fatal Error] :1:1: Premature end of file.
2026-01-11 14:06:09,719 [ERROR] LogOutputStream:75 - [STDERR_REDIRECT] 
2026-01-11 14:06:10,712 [ERROR] LogOutputStream:75 - [STDERR_REDIRECT] [Fatal Error] :1:1: Premature end of file.
2026-01-11 14:06:10,712 [ERROR] LogOutputStream:75 - [STDERR_REDIRECT] 
2026-01-11 14:06:11,712 [ERROR] LogOutputStream:75 - [STDERR_REDIRECT] [Fatal Error] :1:1: Premature end of file.
2026-01-11 14:06:11,712 [ERROR] LogOutputStream:75 - [STDERR_REDIRECT] 
2026-01-11 14:06:12,703 [ERROR] LogOutputStream:75 - [STDERR_REDIRECT] [Fatal Error] :1:1: Premature end of file.
2026-01-11 14:06:12,703 [ERROR] LogOutputStream:75 - [STDERR_REDIRECT] 
2026-01-11 14:06:13,705 [ERROR] LogOutputStream:75 - [STDERR_REDIRECT] [Fatal Error] :1:1: Premature end of file.
2026-01-11 14:06:13,705 [ERROR] LogOutputStream:75 - [STDERR_REDIRECT] 
2026-01-11 14:06:14,704 [ERROR] LogOutputStream:75 - [STDERR_REDIRECT] [Fatal Error] :1:1: Premature end of file.
2026-01-11 14:06:14,704 [ERROR] LogOutputStream:75 - [STDERR_REDIRECT] 
2026-01-11 14:06:15,704 [ERROR] LogOutputStream:75 - [STDERR_REDIRECT] [Fatal Error] :1:1: Premature end of file.
2026-01-11 14:06:15,704 [ERROR] LogOutputStream:75 - [STDERR_REDIRECT] 
2026-01-11 14:06:16,706 [ERROR] LogOutputStream:75 - [STDERR_REDIRECT] [Fatal Error] :1:1: Premature end of file.
2026-01-11 14:06:16,707 [ERROR] LogOutputStream:75 - [STDERR_REDIRECT] 
2026-01-11 14:06:17,705 [ERROR] LogOutputStream:75 - [STDERR_REDIRECT] [Fatal Error] :1:1: Premature end of file.
2026-01-11 14:06:17,705 [ERROR] LogOutputStream:75 - [STDERR_REDIRECT] 
2026-01-11 14:06:18,704 [ERROR] LogOutputStream:75 - [STDERR_REDIRECT] [Fatal Error] :1:1: Premature end of file.
2026-01-11 14:06:18,704 [ERROR] LogOutputStream:75 - [STDERR_REDIRECT] 
2026-01-11 14:06:19,704 [ERROR] LogOutputStream:75 - [STDERR_REDIRECT] [Fatal Error] :1:1: Premature end of file.
2026-01-11 14:06:19,704 [ERROR] LogOutputStream:75 - [STDERR_REDIRECT] 
2026-01-11 14:06:20,705 [ERROR] LogOutputStream:75 - [STDERR_REDIRECT] [Fatal Error] :1:1: Premature end of file.
2026-01-11 14:06:20,705 [ERROR] LogOutputStream:75 - [STDERR_REDIRECT] 
2026-01-11 14:06:21,707 [ERROR] LogOutputStream:75 - [STDERR_REDIRECT] [Fatal Error] :1:1: Premature end of file.
2026-01-11 14:06:21,708 [ERROR] LogOutputStream:75 - [STDERR_REDIRECT] 
2026-01-11 14:06:22,706 [ERROR] LogOutputStream:75 - [STDERR_REDIRECT] [Fatal Error] :1:1: Premature end of file.
2026-01-11 14:06:22,706 [ERROR] LogOutputStream:75 - [STDERR_REDIRECT] 
2026-01-11 14:06:23,705 [ERROR] LogOutputStream:75 - [STDERR_REDIRECT] [Fatal Error] :1:1: Premature end of file.
2026-01-11 14:06:23,705 [ERROR] LogOutputStream:75 - [STDERR_REDIRECT] 
2026-01-11 14:06:24,705 [ERROR] LogOutputStream:75 - [STDERR_REDIRECT] [Fatal Error] :1:1: Premature end of file.
2026-01-11 14:06:24,705 [ERROR] LogOutputStream:75 - [STDERR_REDIRECT] 
2026-01-11 14:06:25,707 [ERROR] LogOutputStream:75 - [STDERR_REDIRECT] [Fatal Error] :1:1: Premature end of file.
2026-01-11 14:06:25,707 [ERROR] LogOutputStream:75 - [STDERR_REDIRECT] 
2026-01-11 14:06:26,711 [ERROR] LogOutputStream:75 - [STDERR_REDIRECT] [Fatal Error] :1:1: Premature end of file.
2026-01-11 14:06:26,711 [ERROR] LogOutputStream:75 - [STDERR_REDIRECT] 
2026-01-11 14:06:27,707 [ERROR] LogOutputStream:75 - [STDERR_REDIRECT] [Fatal Error] :1:1: Premature end of file.
2026-01-11 14:06:27,708 [ERROR] LogOutputStream:75 - [STDERR_REDIRECT] 
2026-01-11 14:06:28,712 [ERROR] LogOutputStream:75 - [STDERR_REDIRECT] [Fatal Error] :1:1: Premature end of file.
2026-01-11 14:06:28,712 [ERROR] LogOutputStream:75 - [STDERR_REDIRECT] 
2026-01-11 14:06:29,713 [ERROR] LogOutputStream:75 - [STDERR_REDIRECT] [Fatal Error] :1:1: Premature end of file.
2026-01-11 14:06:29,714 [ERROR] LogOutputStream:75 - [STDERR_REDIRECT] 
2026-01-11 14:06:30,710 [ERROR] LogOutputStream:75 - [STDERR_REDIRECT] [Fatal Error] :1:1: Premature end of file.
2026-01-11 14:06:30,710 [ERROR] LogOutputStream:75 - [STDERR_REDIRECT] 
2026-01-11 14:06:31,704 [ERROR] LogOutputStream:75 - [STDERR_REDIRECT] [Fatal Error] :1:1: Premature end of file.
2026-01-11 14:06:31,704 [ERROR] LogOutputStream:75 - [STDERR_REDIRECT] 
2026-01-11 14:06:32,705 [ERROR] LogOutputStream:75 - [STDERR_REDIRECT] [Fatal Error] :1:1: Premature end of file.
2026-01-11 14:06:32,705 [ERROR] LogOutputStream:75 - [STDERR_REDIRECT] 
2026-01-11 14:06:33,703 [ERROR] LogOutputStream:75 - [STDERR_REDIRECT] [Fatal Error] :1:1: Premature end of file.
2026-01-11 14:06:33,703 [ERROR] LogOutputStream:75 - [STDERR_REDIRECT] 
2026-01-11 14:06:34,704 [ERROR] LogOutputStream:75 - [STDERR_REDIRECT] [Fatal Error] :1:1: Premature end of file.
2026-01-11 14:06:34,704 [ERROR] LogOutputStream:75 - [STDERR_REDIRECT] 
2026-01-11 14:06:35,705 [ERROR] LogOutputStream:75 - [STDERR_REDIRECT] [Fatal Error] :1:1: Premature end of file.
2026-01-11 14:06:35,705 [ERROR] LogOutputStream:75 - [STDERR_REDIRECT] 
2026-01-11 14:06:36,705 [ERROR] LogOutputStream:75 - [STDERR_REDIRECT] [Fatal Error] :1:1: Premature end of file.
2026-01-11 14:06:36,705 [ERROR] LogOutputStream:75 - [STDERR_REDIRECT] 
2026-01-11 14:06:37,703 [ERROR] LogOutputStream:75 - [STDERR_REDIRECT] [Fatal Error] :1:1: Premature end of file.
2026-01-11 14:06:37,703 [ERROR] LogOutputStream:75 - [STDERR_REDIRECT] 
2026-01-11 14:06:38,704 [ERROR] LogOutputStream:75 - [STDERR_REDIRECT] [Fatal Error] :1:1: Premature end of file.
2026-01-11 14:06:38,705 [ERROR] LogOutputStream:75 - [STDERR_REDIRECT] 
2026-01-11 14:06:39,704 [ERROR] LogOutputStream:75 - [STDERR_REDIRECT] [Fatal Error] :1:1: Premature end of file.
2026-01-11 14:06:39,705 [ERROR] LogOutputStream:75 - [STDERR_REDIRECT] 
2026-01-11 14:06:40,704 [ERROR] LogOutputStream:75 - [STDERR_REDIRECT] [Fatal Error] :1:1: Premature end of file.
2026-01-11 14:06:40,704 [ERROR] LogOutputStream:75 - [STDERR_REDIRECT] 
2026-01-11 14:06:41,705 [ERROR] LogOutputStream:75 - [STDERR_REDIRECT] [Fatal Error] :1:1: Premature end of file.
2026-01-11 14:06:41,705 [ERROR] LogOutputStream:75 - [STDERR_REDIRECT] 
2026-01-11 14:06:42,703 [ERROR] LogOutputStream:75 - [STDERR_REDIRECT] [Fatal Error] :1:1: Premature end of file.
2026-01-11 14:06:42,703 [ERROR] LogOutputStream:75 - [STDERR_REDIRECT] 
2026-01-11 14:06:43,704 [ERROR] LogOutputStream:75 - [STDERR_REDIRECT] [Fatal Error] :1:1: Premature end of file.
2026-01-11 14:06:43,705 [ERROR] LogOutputStream:75 - [STDERR_REDIRECT] 
2026-01-11 14:06:44,713 [ERROR] LogOutputStream:75 - [STDERR_REDIRECT] [Fatal Error] :1:1: Premature end of file.
2026-01-11 14:06:44,713 [ERROR] LogOutputStream:75 - [STDERR_REDIRECT] 
2026-01-11 14:06:45,706 [ERROR] LogOutputStream:75 - [STDERR_REDIRECT] [Fatal Error] :1:1: Premature end of file.
2026-01-11 14:06:45,706 [ERROR] LogOutputStream:75 - [STDERR_REDIRECT] 
2026-01-11 14:06:46,714 [ERROR] LogOutputStream:75 - [STDERR_REDIRECT] [Fatal Error] :1:1: Premature end of file.
2026-01-11 14:06:46,714 [ERROR] LogOutputStream:75 - [STDERR_REDIRECT] 
2026-01-11 14:06:47,714 [ERROR] LogOutputStream:75 - [STDERR_REDIRECT] [Fatal Error] :1:1: Premature end of file.
2026-01-11 14:06:47,714 [ERROR] LogOutputStream:75 - [STDERR_REDIRECT] 
2026-01-11 14:06:48,703 [ERROR] LogOutputStream:75 - [STDERR_REDIRECT] [Fatal Error] :1:1: Premature end of file.
2026-01-11 14:06:48,703 [ERROR] LogOutputStream:75 - [STDERR_REDIRECT] 
2026-01-11 14:06:49,715 [ERROR] LogOutputStream:75 - [STDERR_REDIRECT] [Fatal Error] :1:1: Premature end of file.
2026-01-11 14:06:49,715 [ERROR] LogOutputStream:75 - [STDERR_REDIRECT] 
2026-01-11 14:06:50,705 [ERROR] LogOutputStream:75 - [STDERR_REDIRECT] [Fatal Error] :1:1: Premature end of file.
2026-01-11 14:06:50,707 [ERROR] LogOutputStream:75 - [STDERR_REDIRECT] 
2026-01-11 14:06:51,708 [ERROR] LogOutputStream:75 - [STDERR_REDIRECT] [Fatal Error] :1:1: Premature end of file.
2026-01-11 14:06:51,708 [ERROR] LogOutputStream:75 - [STDERR_REDIRECT] 
2026-01-11 14:06:52,714 [ERROR] LogOutputStream:75 - [STDERR_REDIRECT] [Fatal Error] :1:1: Premature end of file.
2026-01-11 14:06:52,714 [ERROR] LogOutputStream:75 - [STDERR_REDIRECT] 
2026-01-11 14:06:53,706 [ERROR] LogOutputStream:75 - [STDERR_REDIRECT] [Fatal Error] :1:1: Premature end of file.
2026-01-11 14:06:53,706 [ERROR] LogOutputStream:75 - [STDERR_REDIRECT] 
2026-01-11 14:06:54,706 [ERROR] LogOutputStream:75 - [STDERR_REDIRECT] [Fatal Error] :1:1: Premature end of file.
2026-01-11 14:06:54,706 [ERROR] LogOutputStream:75 - [STDERR_REDIRECT] 
2026-01-11 14:06:55,705 [ERROR] LogOutputStream:75 - [STDERR_REDIRECT] [Fatal Error] :1:1: Premature end of file.
2026-01-11 14:06:55,705 [ERROR] LogOutputStream:75 - [STDERR_REDIRECT] 
2026-01-11 14:06:56,708 [ERROR] LogOutputStream:75 - [STDERR_REDIRECT] [Fatal Error] :1:1: Premature end of file.
2026-01-11 14:06:56,708 [ERROR] LogOutputStream:75 - [STDERR_REDIRECT] 
2026-01-11 14:06:57,712 [ERROR] LogOutputStream:75 - [STDERR_REDIRECT] [Fatal Error] :1:1: Premature end of file.
2026-01-11 14:06:57,712 [ERROR] LogOutputStream:75 - [STDERR_REDIRECT] 
2026-01-11 14:06:58,713 [ERROR] LogOutputStream:75 - [STDERR_REDIRECT] [Fatal Error] :1:1: Premature end of file.
2026-01-11 14:06:58,713 [ERROR] LogOutputStream:75 - [STDERR_REDIRECT] 
2026-01-11 14:06:59,704 [ERROR] LogOutputStream:75 - [STDERR_REDIRECT] [Fatal Error] :1:1: Premature end of file.
2026-01-11 14:06:59,704 [ERROR] LogOutputStream:75 - [STDERR_REDIRECT] 
2026-01-11 14:07:00,708 [ERROR] LogOutputStream:75 - [STDERR_REDIRECT] [Fatal Error] :1:1: Premature end of file.
2026-01-11 14:07:00,708 [ERROR] LogOutputStream:75 - [STDERR_REDIRECT] 
2026-01-11 14:07:01,710 [ERROR] LogOutputStream:75 - [STDERR_REDIRECT] [Fatal Error] :1:1: Premature end of file.
2026-01-11 14:07:01,710 [ERROR] LogOutputStream:75 - [STDERR_REDIRECT] 
2026-01-11 14:07:02,713 [ERROR] LogOutputStream:75 - [STDERR_REDIRECT] [Fatal Error] :1:1: Premature end of file.
2026-01-11 14:07:02,713 [ERROR] LogOutputStream:75 - [STDERR_REDIRECT] 
2026-01-11 14:07:03,710 [ERROR] LogOutputStream:75 - [STDERR_REDIRECT] [Fatal Error] :1:1: Premature end of file.
2026-01-11 14:07:03,710 [ERROR] LogOutputStream:75 - [STDERR_REDIRECT] 
2026-01-11 14:07:04,709 [ERROR] LogOutputStream:75 - [STDERR_REDIRECT] [Fatal Error] :1:1: Premature end of file.
2026-01-11 14:07:04,709 [ERROR] LogOutputStream:75 - [STDERR_REDIRECT] 
2026-01-11 14:07:05,706 [ERROR] LogOutputStream:75 - [STDERR_REDIRECT] [Fatal Error] :1:1: Premature end of file.
2026-01-11 14:07:05,706 [ERROR] LogOutputStream:75 - [STDERR_REDIRECT] 
2026-01-11 14:07:06,703 [ERROR] LogOutputStream:75 - [STDERR_REDIRECT] [Fatal Error] :1:1: Premature end of file.
2026-01-11 14:07:06,703 [ERROR] LogOutputStream:75 - [STDERR_REDIRECT] 
2026-01-11 14:07:07,706 [ERROR] LogOutputStream:75 - [STDERR_REDIRECT] [Fatal Error] :1:1: Premature end of file.
2026-01-11 14:07:07,706 [ERROR] LogOutputStream:75 - [STDERR_REDIRECT] 
2026-01-11 14:07:08,704 [ERROR] LogOutputStream:75 - [STDERR_REDIRECT] [Fatal Error] :1:1: Premature end of file.
2026-01-11 14:07:08,704 [ERROR] LogOutputStream:75 - [STDERR_REDIRECT] 
2026-01-11 14:07:09,709 [ERROR] LogOutputStream:75 - [STDERR_REDIRECT] [Fatal Error] :1:1: Premature end of file.
2026-01-11 14:07:09,709 [ERROR] LogOutputStream:75 - [STDERR_REDIRECT] 
2026-01-11 14:07:10,705 [ERROR] LogOutputStream:75 - [STDERR_REDIRECT] [Fatal Error] :1:1: Premature end of file.
2026-01-11 14:07:10,705 [ERROR] LogOutputStream:75 - [STDERR_REDIRECT] 
2026-01-11 14:07:11,704 [ERROR] LogOutputStream:75 - [STDERR_REDIRECT] [Fatal Error] :1:1: Premature end of file.
2026-01-11 14:07:11,704 [ERROR] LogOutputStream:75 - [STDERR_REDIRECT] 
2026-01-11 14:07:12,703 [ERROR] LogOutputStream:75 - [STDERR_REDIRECT] [Fatal Error] :1:1: Premature end of file.
2026-01-11 14:07:12,703 [ERROR] LogOutputStream:75 - [STDERR_REDIRECT] 
2026-01-11 14:07:13,703 [ERROR] LogOutputStream:75 - [STDERR_REDIRECT] [Fatal Error] :1:1: Premature end of file.
2026-01-11 14:07:13,704 [ERROR] LogOutputStream:75 - [STDERR_REDIRECT] 
2026-01-11 14:07:14,704 [ERROR] LogOutputStream:75 - [STDERR_REDIRECT] [Fatal Error] :1:1: Premature end of file.
2026-01-11 14:07:14,704 [ERROR] LogOutputStream:75 - [STDERR_REDIRECT] 
2026-01-11 14:07:15,706 [ERROR] LogOutputStream:75 - [STDERR_REDIRECT] [Fatal Error] :1:1: Premature end of file.
2026-01-11 14:07:15,706 [ERROR] LogOutputStream:75 - [STDERR_REDIRECT] 
2026-01-11 14:07:16,704 [ERROR] LogOutputStream:75 - [STDERR_REDIRECT] [Fatal Error] :1:1: Premature end of file.
2026-01-11 14:07:16,704 [ERROR] LogOutputStream:75 - [STDERR_REDIRECT] 
2026-01-11 14:07:17,712 [ERROR] LogOutputStream:75 - [STDERR_REDIRECT] [Fatal Error] :1:1: Premature end of file.
2026-01-11 14:07:17,712 [ERROR] LogOutputStream:75 - [STDERR_REDIRECT] 
2026-01-11 14:07:18,709 [ERROR] LogOutputStream:75 - [STDERR_REDIRECT] [Fatal Error] :1:1: Premature end of file.
2026-01-11 14:07:18,709 [ERROR] LogOutputStream:75 - [STDERR_REDIRECT] 
2026-01-11 14:07:19,711 [ERROR] LogOutputStream:75 - [STDERR_REDIRECT] [Fatal Error] :1:1: Premature end of file.
2026-01-11 14:07:19,711 [ERROR] LogOutputStream:75 - [STDERR_REDIRECT] 
2026-01-11 14:07:20,712 [ERROR] LogOutputStream:75 - [STDERR_REDIRECT] [Fatal Error] :1:1: Premature end of file.
2026-01-11 14:07:20,712 [ERROR] LogOutputStream:75 - [STDERR_REDIRECT] 
2026-01-11 14:07:21,715 [ERROR] LogOutputStream:75 - [STDERR_REDIRECT] [Fatal Error] :1:1: Premature end of file.
2026-01-11 14:07:21,715 [ERROR] LogOutputStream:75 - [STDERR_REDIRECT] 
2026-01-11 14:07:22,709 [ERROR] LogOutputStream:75 - [STDERR_REDIRECT] [Fatal Error] :1:1: Premature end of file.
2026-01-11 14:07:22,709 [ERROR] LogOutputStream:75 - [STDERR_REDIRECT] 
2026-01-11 14:07:23,709 [ERROR] LogOutputStream:75 - [STDERR_REDIRECT] [Fatal Error] :1:1: Premature end of file.
2026-01-11 14:07:23,709 [ERROR] LogOutputStream:75 - [STDERR_REDIRECT] 
2026-01-11 14:07:24,713 [ERROR] LogOutputStream:75 - [STDERR_REDIRECT] [Fatal Error] :1:1: Premature end of file.
2026-01-11 14:07:24,713 [ERROR] LogOutputStream:75 - [STDERR_REDIRECT] 
2026-01-11 14:07:25,712 [ERROR] LogOutputStream:75 - [STDERR_REDIRECT] [Fatal Error] :1:1: Premature end of file.
2026-01-11 14:07:25,712 [ERROR] LogOutputStream:75 - [STDERR_REDIRECT] 
2026-01-11 14:07:26,710 [ERROR] LogOutputStream:75 - [STDERR_REDIRECT] [Fatal Error] :1:1: Premature end of file.
2026-01-11 14:07:26,710 [ERROR] LogOutputStream:75 - [STDERR_REDIRECT] 
2026-01-11 14:07:27,712 [ERROR] LogOutputStream:75 - [STDERR_REDIRECT] [Fatal Error] :1:1: Premature end of file.
2026-01-11 14:07:27,712 [ERROR] LogOutputStream:75 - [STDERR_REDIRECT] 
2026-01-11 14:07:28,711 [ERROR] LogOutputStream:75 - [STDERR_REDIRECT] [Fatal Error] :1:1: Premature end of file.
2026-01-11 14:07:28,711 [ERROR] LogOutputStream:75 - [STDERR_REDIRECT] 
2026-01-11 14:07:29,709 [ERROR] LogOutputStream:75 - [STDERR_REDIRECT] [Fatal Error] :1:1: Premature end of file.
2026-01-11 14:07:29,710 [ERROR] LogOutputStream:75 - [STDERR_REDIRECT] 
2026-01-11 14:07:30,713 [ERROR] LogOutputStream:75 - [STDERR_REDIRECT] [Fatal Error] :1:1: Premature end of file.
2026-01-11 14:07:30,713 [ERROR] LogOutputStream:75 - [STDERR_REDIRECT] 
2026-01-11 14:07:31,721 [ERROR] LogOutputStream:75 - [STDERR_REDIRECT] [Fatal Error] :1:1: Premature end of file.
2026-01-11 14:07:31,721 [ERROR] LogOutputStream:75 - [STDERR_REDIRECT] 
2026-01-11 14:07:32,715 [ERROR] LogOutputStream:75 - [STDERR_REDIRECT] [Fatal Error] :1:1: Premature end of file.
2026-01-11 14:07:32,715 [ERROR] LogOutputStream:75 - [STDERR_REDIRECT] 
2026-01-11 14:07:33,704 [ERROR] LogOutputStream:75 - [STDERR_REDIRECT] [Fatal Error] :1:1: Premature end of file.
2026-01-11 14:07:33,704 [ERROR] LogOutputStream:75 - [STDERR_REDIRECT] 
2026-01-11 14:07:34,706 [ERROR] LogOutputStream:75 - [STDERR_REDIRECT] [Fatal Error] :1:1: Premature end of file.
2026-01-11 14:07:34,706 [ERROR] LogOutputStream:75 - [STDERR_REDIRECT] 
2026-01-11 14:07:35,705 [ERROR] LogOutputStream:75 - [STDERR_REDIRECT] [Fatal Error] :1:1: Premature end of file.
2026-01-11 14:07:35,705 [ERROR] LogOutputStream:75 - [STDERR_REDIRECT] 
2026-01-11 14:07:36,703 [ERROR] LogOutputStream:75 - [STDERR_REDIRECT] [Fatal Error] :1:1: Premature end of file.
2026-01-11 14:07:36,703 [ERROR] LogOutputStream:75 - [STDERR_REDIRECT] 
2026-01-11 14:07:37,706 [ERROR] LogOutputStream:75 - [STDERR_REDIRECT] [Fatal Error] :1:1: Premature end of file.
2026-01-11 14:07:37,706 [ERROR] LogOutputStream:75 - [STDERR_REDIRECT] 
2026-01-11 14:07:38,706 [ERROR] LogOutputStream:75 - [STDERR_REDIRECT] [Fatal Error] :1:1: Premature end of file.
2026-01-11 14:07:38,706 [ERROR] LogOutputStream:75 - [STDERR_REDIRECT] 
2026-01-11 14:07:39,705 [ERROR] LogOutputStream:75 - [STDERR_REDIRECT] [Fatal Error] :1:1: Premature end of file.
2026-01-11 14:07:39,705 [ERROR] LogOutputStream:75 - [STDERR_REDIRECT] 
2026-01-11 14:07:40,721 [ERROR] LogOutputStream:75 - [STDERR_REDIRECT] [Fatal Error] :1:1: Premature end of file.
2026-01-11 14:07:40,721 [ERROR] LogOutputStream:75 - [STDERR_REDIRECT] 
2026-01-11 14:07:41,708 [ERROR] LogOutputStream:75 - [STDERR_REDIRECT] [Fatal Error] :1:1: Premature end of file.
2026-01-11 14:07:41,708 [ERROR] LogOutputStream:75 - [STDERR_REDIRECT] 
2026-01-11 14:07:42,705 [ERROR] LogOutputStream:75 - [STDERR_REDIRECT] [Fatal Error] :1:1: Premature end of file.
2026-01-11 14:07:42,705 [ERROR] LogOutputStream:75 - [STDERR_REDIRECT] 
2026-01-11 14:07:43,705 [ERROR] LogOutputStream:75 - [STDERR_REDIRECT] [Fatal Error] :1:1: Premature end of file.
2026-01-11 14:07:43,705 [ERROR] LogOutputStream:75 - [STDERR_REDIRECT] 
2026-01-11 14:07:44,705 [ERROR] LogOutputStream:75 - [STDERR_REDIRECT] [Fatal Error] :1:1: Premature end of file.
2026-01-11 14:07:44,705 [ERROR] LogOutputStream:75 - [STDERR_REDIRECT] 
2026-01-11 14:07:45,704 [ERROR] LogOutputStream:75 - [STDERR_REDIRECT] [Fatal Error] :1:1: Premature end of file.
2026-01-11 14:07:45,704 [ERROR] LogOutputStream:75 - [STDERR_REDIRECT] 
2026-01-11 14:07:46,703 [ERROR] LogOutputStream:75 - [STDERR_REDIRECT] [Fatal Error] :1:1: Premature end of file.
2026-01-11 14:07:46,705 [ERROR] LogOutputStream:75 - [STDERR_REDIRECT] 
2026-01-11 14:07:47,705 [ERROR] LogOutputStream:75 - [STDERR_REDIRECT] [Fatal Error] :1:1: Premature end of file.
2026-01-11 14:07:47,705 [ERROR] LogOutputStream:75 - [STDERR_REDIRECT] 
2026-01-11 14:07:48,705 [ERROR] LogOutputStream:75 - [STDERR_REDIRECT] [Fatal Error] :1:1: Premature end of file.
2026-01-11 14:07:48,705 [ERROR] LogOutputStream:75 - [STDERR_REDIRECT] 
2026-01-11 14:07:49,703 [ERROR] LogOutputStream:75 - [STDERR_REDIRECT] [Fatal Error] :1:1: Premature end of file.
2026-01-11 14:07:49,703 [ERROR] LogOutputStream:75 - [STDERR_REDIRECT] 
2026-01-11 14:07:50,710 [ERROR] LogOutputStream:75 - [STDERR_REDIRECT] [Fatal Error] :1:1: Premature end of file.
2026-01-11 14:07:50,710 [ERROR] LogOutputStream:75 - [STDERR_REDIRECT] 
2026-01-11 14:07:51,709 [ERROR] LogOutputStream:75 - [STDERR_REDIRECT] [Fatal Error] :1:1: Premature end of file.
2026-01-11 14:07:51,709 [ERROR] LogOutputStream:75 - [STDERR_REDIRECT] 
2026-01-11 14:07:52,707 [ERROR] LogOutputStream:75 - [STDERR_REDIRECT] [Fatal Error] :1:1: Premature end of file.
2026-01-11 14:07:52,707 [ERROR] LogOutputStream:75 - [STDERR_REDIRECT] 
2026-01-11 14:07:53,709 [ERROR] LogOutputStream:75 - [STDERR_REDIRECT] [Fatal Error] :1:1: Premature end of file.
2026-01-11 14:07:53,709 [ERROR] LogOutputStream:75 - [STDERR_REDIRECT] 
2026-01-11 14:07:54,710 [ERROR] LogOutputStream:75 - [STDERR_REDIRECT] [Fatal Error] :1:1: Premature end of file.
2026-01-11 14:07:54,711 [ERROR] LogOutputStream:75 - [STDERR_REDIRECT] 
2026-01-11 14:07:55,713 [ERROR] LogOutputStream:75 - [STDERR_REDIRECT] [Fatal Error] :1:1: Premature end of file.
2026-01-11 14:07:55,713 [ERROR] LogOutputStream:75 - [STDERR_REDIRECT] 
2026-01-11 14:07:56,703 [ERROR] LogOutputStream:75 - [STDERR_REDIRECT] [Fatal Error] :1:1: Premature end of file.
2026-01-11 14:07:56,703 [ERROR] LogOutputStream:75 - [STDERR_REDIRECT] 
2026-01-11 14:07:57,704 [ERROR] LogOutputStream:75 - [STDERR_REDIRECT] [Fatal Error] :1:1: Premature end of file.
2026-01-11 14:07:57,704 [ERROR] LogOutputStream:75 - [STDERR_REDIRECT] 
2026-01-11 14:07:58,703 [ERROR] LogOutputStream:75 - [STDERR_REDIRECT] [Fatal Error] :1:1: Premature end of file.
2026-01-11 14:07:58,703 [ERROR] LogOutputStream:75 - [STDERR_REDIRECT] 
2026-01-11 14:07:59,703 [ERROR] LogOutputStream:75 - [STDERR_REDIRECT] [Fatal Error] :1:1: Premature end of file.
2026-01-11 14:07:59,703 [ERROR] LogOutputStream:75 - [STDERR_REDIRECT] 
2026-01-11 14:08:00,703 [ERROR] LogOutputStream:75 - [STDERR_REDIRECT] [Fatal Error] :1:1: Premature end of file.
2026-01-11 14:08:00,703 [ERROR] LogOutputStream:75 - [STDERR_REDIRECT] 
2026-01-11 14:08:01,711 [ERROR] LogOutputStream:75 - [STDERR_REDIRECT] [Fatal Error] :1:1: Premature end of file.
2026-01-11 14:08:01,712 [ERROR] LogOutputStream:75 - [STDERR_REDIRECT] 
2026-01-11 14:08:02,710 [ERROR] LogOutputStream:75 - [STDERR_REDIRECT] [Fatal Error] :1:1: Premature end of file.
2026-01-11 14:08:02,710 [ERROR] LogOutputStream:75 - [STDERR_REDIRECT] 
2026-01-11 14:08:03,710 [ERROR] LogOutputStream:75 - [STDERR_REDIRECT] [Fatal Error] :1:1: Premature end of file.
2026-01-11 14:08:03,710 [ERROR] LogOutputStream:75 - [STDERR_REDIRECT] 
2026-01-11 14:08:04,722 [ERROR] LogOutputStream:75 - [STDERR_REDIRECT] [Fatal Error] :1:1: Premature end of file.
2026-01-11 14:08:04,722 [ERROR] LogOutputStream:75 - [STDERR_REDIRECT] 
2026-01-11 14:08:05,706 [ERROR] LogOutputStream:75 - [STDERR_REDIRECT] [Fatal Error] :1:1: Premature end of file.
2026-01-11 14:08:05,707 [ERROR] LogOutputStream:75 - [STDERR_REDIRECT] 
2026-01-11 14:08:06,705 [ERROR] LogOutputStream:75 - [STDERR_REDIRECT] [Fatal Error] :1:1: Premature end of file.
2026-01-11 14:08:06,705 [ERROR] LogOutputStream:75 - [STDERR_REDIRECT] 
2026-01-11 14:08:07,706 [ERROR] LogOutputStream:75 - [STDERR_REDIRECT] [Fatal Error] :1:1: Premature end of file.
2026-01-11 14:08:07,706 [ERROR] LogOutputStream:75 - [STDERR_REDIRECT] 
2026-01-11 14:08:08,703 [ERROR] LogOutputStream:75 - [STDERR_REDIRECT] [Fatal Error] :1:1: Premature end of file.
2026-01-11 14:08:08,703 [ERROR] LogOutputStream:75 - [STDERR_REDIRECT] 
2026-01-11 14:08:09,706 [ERROR] LogOutputStream:75 - [STDERR_REDIRECT] [Fatal Error] :1:1: Premature end of file.
2026-01-11 14:08:09,706 [ERROR] LogOutputStream:75 - [STDERR_REDIRECT] 
2026-01-11 14:08:10,705 [ERROR] LogOutputStream:75 - [STDERR_REDIRECT] [Fatal Error] :1:1: Premature end of file.
2026-01-11 14:08:10,705 [ERROR] LogOutputStream:75 - [STDERR_REDIRECT] 
2026-01-11 14:08:11,704 [ERROR] LogOutputStream:75 - [STDERR_REDIRECT] [Fatal Error] :1:1: Premature end of file.
2026-01-11 14:08:11,704 [ERROR] LogOutputStream:75 - [STDERR_REDIRECT] 
2026-01-11 14:08:12,721 [ERROR] LogOutputStream:75 - [STDERR_REDIRECT] [Fatal Error] :1:1: Premature end of file.
2026-01-11 14:08:12,721 [ERROR] LogOutputStream:75 - [STDERR_REDIRECT] 
2026-01-11 14:08:13,704 [ERROR] LogOutputStream:75 - [STDERR_REDIRECT] [Fatal Error] :1:1: Premature end of file.
2026-01-11 14:08:13,704 [ERROR] LogOutputStream:75 - [STDERR_REDIRECT] 
2026-01-11 14:08:14,706 [ERROR] LogOutputStream:75 - [STDERR_REDIRECT] [Fatal Error] :1:1: Premature end of file.
2026-01-11 14:08:14,706 [ERROR] LogOutputStream:75 - [STDERR_REDIRECT] 
2026-01-11 14:08:15,704 [ERROR] LogOutputStream:75 - [STDERR_REDIRECT] [Fatal Error] :1:1: Premature end of file.
2026-01-11 14:08:15,704 [ERROR] LogOutputStream:75 - [STDERR_REDIRECT] 
2026-01-11 14:08:16,707 [ERROR] LogOutputStream:75 - [STDERR_REDIRECT] [Fatal Error] :1:1: Premature end of file.
2026-01-11 14:08:16,707 [ERROR] LogOutputStream:75 - [STDERR_REDIRECT] 
2026-01-11 14:08:17,706 [ERROR] LogOutputStream:75 - [STDERR_REDIRECT] [Fatal Error] :1:1: Premature end of file.
2026-01-11 14:08:17,706 [ERROR] LogOutputStream:75 - [STDERR_REDIRECT] 
2026-01-11 14:08:18,704 [ERROR] LogOutputStream:75 - [STDERR_REDIRECT] [Fatal Error] :1:1: Premature end of file.
2026-01-11 14:08:18,704 [ERROR] LogOutputStream:75 - [STDERR_REDIRECT] 
2026-01-11 14:08:19,704 [ERROR] LogOutputStream:75 - [STDERR_REDIRECT] [Fatal Error] :1:1: Premature end of file.
2026-01-11 14:08:19,704 [ERROR] LogOutputStream:75 - [STDERR_REDIRECT] 
2026-01-11 14:08:20,705 [ERROR] LogOutputStream:75 - [STDERR_REDIRECT] [Fatal Error] :1:1: Premature end of file.
2026-01-11 14:08:20,705 [ERROR] LogOutputStream:75 - [STDERR_REDIRECT] 
2026-01-11 14:08:21,706 [ERROR] LogOutputStream:75 - [STDERR_REDIRECT] [Fatal Error] :1:1: Premature end of file.
2026-01-11 14:08:21,706 [ERROR] LogOutputStream:75 - [STDERR_REDIRECT] 
2026-01-11 14:08:22,707 [ERROR] LogOutputStream:75 - [STDERR_REDIRECT] [Fatal Error] :1:1: Premature end of file.
2026-01-11 14:08:22,707 [ERROR] LogOutputStream:75 - [STDERR_REDIRECT] 
2026-01-11 14:08:23,704 [ERROR] LogOutputStream:75 - [STDERR_REDIRECT] [Fatal Error] :1:1: Premature end of file.
2026-01-11 14:08:23,704 [ERROR] LogOutputStream:75 - [STDERR_REDIRECT] 
2026-01-11 14:08:24,705 [ERROR] LogOutputStream:75 - [STDERR_REDIRECT] [Fatal Error] :1:1: Premature end of file.
2026-01-11 14:08:24,705 [ERROR] LogOutputStream:75 - [STDERR_REDIRECT] 
2026-01-11 14:08:25,703 [ERROR] LogOutputStream:75 - [STDERR_REDIRECT] [Fatal Error] :1:1: Premature end of file.
2026-01-11 14:08:25,703 [ERROR] LogOutputStream:75 - [STDERR_REDIRECT] 
2026-01-11 14:08:26,709 [ERROR] LogOutputStream:75 - [STDERR_REDIRECT] [Fatal Error] :1:1: Premature end of file.
2026-01-11 14:08:26,709 [ERROR] LogOutputStream:75 - [STDERR_REDIRECT] 
2026-01-11 14:08:27,707 [ERROR] LogOutputStream:75 - [STDERR_REDIRECT] [Fatal Error] :1:1: Premature end of file.
2026-01-11 14:08:27,707 [ERROR] LogOutputStream:75 - [STDERR_REDIRECT] 
2026-01-11 14:08:28,706 [ERROR] LogOutputStream:75 - [STDERR_REDIRECT] [Fatal Error] :1:1: Premature end of file.
2026-01-11 14:08:28,706 [ERROR] LogOutputStream:75 - [STDERR_REDIRECT] 
2026-01-11 14:08:29,704 [ERROR] LogOutputStream:75 - [STDERR_REDIRECT] [Fatal Error] :1:1: Premature end of file.
2026-01-11 14:08:29,704 [ERROR] LogOutputStream:75 - [STDERR_REDIRECT] 
2026-01-11 14:08:30,706 [ERROR] LogOutputStream:75 - [STDERR_REDIRECT] [Fatal Error] :1:1: Premature end of file.
2026-01-11 14:08:30,706 [ERROR] LogOutputStream:75 - [STDERR_REDIRECT] 
2026-01-11 14:08:31,704 [ERROR] LogOutputStream:75 - [STDERR_REDIRECT] [Fatal Error] :1:1: Premature end of file.
2026-01-11 14:08:31,704 [ERROR] LogOutputStream:75 - [STDERR_REDIRECT] 
2026-01-11 14:08:32,706 [ERROR] LogOutputStream:75 - [STDERR_REDIRECT] [Fatal Error] :1:1: Premature end of file.
2026-01-11 14:08:32,706 [ERROR] LogOutputStream:75 - [STDERR_REDIRECT] 
2026-01-11 14:08:33,705 [ERROR] LogOutputStream:75 - [STDERR_REDIRECT] [Fatal Error] :1:1: Premature end of file.
2026-01-11 14:08:33,705 [ERROR] LogOutputStream:75 - [STDERR_REDIRECT] 
2026-01-11 14:08:34,706 [ERROR] LogOutputStream:75 - [STDERR_REDIRECT] [Fatal Error] :1:1: Premature end of file.
2026-01-11 14:08:34,706 [ERROR] LogOutputStream:75 - [STDERR_REDIRECT] 
2026-01-11 14:08:35,713 [ERROR] LogOutputStream:75 - [STDERR_REDIRECT] [Fatal Error] :1:1: Premature end of file.
2026-01-11 14:08:35,713 [ERROR] LogOutputStream:75 - [STDERR_REDIRECT] 
2026-01-11 14:08:36,713 [ERROR] LogOutputStream:75 - [STDERR_REDIRECT] [Fatal Error] :1:1: Premature end of file.
2026-01-11 14:08:36,713 [ERROR] LogOutputStream:75 - [STDERR_REDIRECT] 
2026-01-11 14:08:37,712 [ERROR] LogOutputStream:75 - [STDERR_REDIRECT] [Fatal Error] :1:1: Premature end of file.
2026-01-11 14:08:37,712 [ERROR] LogOutputStream:75 - [STDERR_REDIRECT] 
2026-01-11 14:08:38,708 [ERROR] LogOutputStream:75 - [STDERR_REDIRECT] [Fatal Error] :1:1: Premature end of file.
2026-01-11 14:08:38,708 [ERROR] LogOutputStream:75 - [STDERR_REDIRECT] 
2026-01-11 14:08:39,710 [ERROR] LogOutputStream:75 - [STDERR_REDIRECT] [Fatal Error] :1:1: Premature end of file.
2026-01-11 14:08:39,710 [ERROR] LogOutputStream:75 - [STDERR_REDIRECT] 
2026-01-11 14:08:40,704 [ERROR] LogOutputStream:75 - [STDERR_REDIRECT] [Fatal Error] :1:1: Premature end of file.
2026-01-11 14:08:40,706 [ERROR] LogOutputStream:75 - [STDERR_REDIRECT] 
2026-01-11 14:08:41,704 [ERROR] LogOutputStream:75 - [STDERR_REDIRECT] [Fatal Error] :1:1: Premature end of file.
2026-01-11 14:08:41,704 [ERROR] LogOutputStream:75 - [STDERR_REDIRECT] 
2026-01-11 14:08:42,704 [ERROR] LogOutputStream:75 - [STDERR_REDIRECT] [Fatal Error] :1:1: Premature end of file.
2026-01-11 14:08:42,706 [ERROR] LogOutputStream:75 - [STDERR_REDIRECT] 
2026-01-11 14:08:43,707 [ERROR] LogOutputStream:75 - [STDERR_REDIRECT] [Fatal Error] :1:1: Premature end of file.
2026-01-11 14:08:43,707 [ERROR] LogOutputStream:75 - [STDERR_REDIRECT] 
2026-01-11 14:08:44,704 [ERROR] LogOutputStream:75 - [STDERR_REDIRECT] [Fatal Error] :1:1: Premature end of file.
2026-01-11 14:08:44,704 [ERROR] LogOutputStream:75 - [STDERR_REDIRECT] 
2026-01-11 14:08:45,706 [ERROR] LogOutputStream:75 - [STDERR_REDIRECT] [Fatal Error] :1:1: Premature end of file.
2026-01-11 14:08:45,706 [ERROR] LogOutputStream:75 - [STDERR_REDIRECT] 
2026-01-11 14:08:46,710 [ERROR] LogOutputStream:75 - [STDERR_REDIRECT] [Fatal Error] :1:1: Premature end of file.
2026-01-11 14:08:46,710 [ERROR] LogOutputStream:75 - [STDERR_REDIRECT] 
2026-01-11 14:08:47,709 [ERROR] LogOutputStream:75 - [STDERR_REDIRECT] [Fatal Error] :1:1: Premature end of file.
2026-01-11 14:08:47,710 [ERROR] LogOutputStream:75 - [STDERR_REDIRECT] 
2026-01-11 14:08:48,704 [ERROR] LogOutputStream:75 - [STDERR_REDIRECT] [Fatal Error] :1:1: Premature end of file.
2026-01-11 14:08:48,704 [ERROR] LogOutputStream:75 - [STDERR_REDIRECT] 
2026-01-11 14:08:49,706 [ERROR] LogOutputStream:75 - [STDERR_REDIRECT] [Fatal Error] :1:1: Premature end of file.
2026-01-11 14:08:49,706 [ERROR] LogOutputStream:75 - [STDERR_REDIRECT] 
2026-01-11 14:08:50,706 [ERROR] LogOutputStream:75 - [STDERR_REDIRECT] [Fatal Error] :1:1: Premature end of file.
2026-01-11 14:08:50,708 [ERROR] LogOutputStream:75 - [STDERR_REDIRECT] 
2026-01-11 14:08:51,706 [ERROR] LogOutputStream:75 - [STDERR_REDIRECT] [Fatal Error] :1:1: Premature end of file.
2026-01-11 14:08:51,706 [ERROR] LogOutputStream:75 - [STDERR_REDIRECT] 
2026-01-11 14:08:52,704 [ERROR] LogOutputStream:75 - [STDERR_REDIRECT] [Fatal Error] :1:1: Premature end of file.
2026-01-11 14:08:52,704 [ERROR] LogOutputStream:75 - [STDERR_REDIRECT] 
2026-01-11 14:08:53,704 [ERROR] LogOutputStream:75 - [STDERR_REDIRECT] [Fatal Error] :1:1: Premature end of file.
2026-01-11 14:08:53,704 [ERROR] LogOutputStream:75 - [STDERR_REDIRECT] 
2026-01-11 14:08:54,704 [ERROR] LogOutputStream:75 - [STDERR_REDIRECT] [Fatal Error] :1:1: Premature end of file.
2026-01-11 14:08:54,704 [ERROR] LogOutputStream:75 - [STDERR_REDIRECT] 
2026-01-11 14:08:55,704 [ERROR] LogOutputStream:75 - [STDERR_REDIRECT] [Fatal Error] :1:1: Premature end of file.
2026-01-11 14:08:55,704 [ERROR] LogOutputStream:75 - [STDERR_REDIRECT] 
2026-01-11 14:08:56,705 [ERROR] LogOutputStream:75 - [STDERR_REDIRECT] [Fatal Error] :1:1: Premature end of file.
2026-01-11 14:08:56,705 [ERROR] LogOutputStream:75 - [STDERR_REDIRECT] 
2026-01-11 14:08:57,706 [ERROR] LogOutputStream:75 - [STDERR_REDIRECT] [Fatal Error] :1:1: Premature end of file.
2026-01-11 14:08:57,706 [ERROR] LogOutputStream:75 - [STDERR_REDIRECT] 
2026-01-11 14:08:58,704 [ERROR] LogOutputStream:75 - [STDERR_REDIRECT] [Fatal Error] :1:1: Premature end of file.
2026-01-11 14:08:58,704 [ERROR] LogOutputStream:75 - [STDERR_REDIRECT] 
2026-01-11 14:08:59,704 [ERROR] LogOutputStream:75 - [STDERR_REDIRECT] [Fatal Error] :1:1: Premature end of file.
2026-01-11 14:08:59,704 [ERROR] LogOutputStream:75 - [STDERR_REDIRECT] 
2026-01-11 14:09:00,704 [ERROR] LogOutputStream:75 - [STDERR_REDIRECT] [Fatal Error] :1:1: Premature end of file.
2026-01-11 14:09:00,704 [ERROR] LogOutputStream:75 - [STDERR_REDIRECT] 
2026-01-11 14:09:01,703 [ERROR] LogOutputStream:75 - [STDERR_REDIRECT] [Fatal Error] :1:1: Premature end of file.
2026-01-11 14:09:01,703 [ERROR] LogOutputStream:75 - [STDERR_REDIRECT] 
2026-01-11 14:09:02,704 [ERROR] LogOutputStream:75 - [STDERR_REDIRECT] [Fatal Error] :1:1: Premature end of file.
2026-01-11 14:09:02,704 [ERROR] LogOutputStream:75 - [STDERR_REDIRECT] 
2026-01-11 14:09:03,704 [ERROR] LogOutputStream:75 - [STDERR_REDIRECT] [Fatal Error] :1:1: Premature end of file.
2026-01-11 14:09:03,704 [ERROR] LogOutputStream:75 - [STDERR_REDIRECT] 
2026-01-11 14:09:04,704 [ERROR] LogOutputStream:75 - [STDERR_REDIRECT] [Fatal Error] :1:1: Premature end of file.
2026-01-11 14:09:04,707 [ERROR] LogOutputStream:75 - [STDERR_REDIRECT] 
2026-01-11 14:09:05,710 [ERROR] LogOutputStream:75 - [STDERR_REDIRECT] [Fatal Error] :1:1: Premature end of file.
2026-01-11 14:09:05,710 [ERROR] LogOutputStream:75 - [STDERR_REDIRECT] 
2026-01-11 14:09:06,715 [ERROR] LogOutputStream:75 - [STDERR_REDIRECT] [Fatal Error] :1:1: Premature end of file.
2026-01-11 14:09:06,717 [ERROR] LogOutputStream:75 - [STDERR_REDIRECT] 
2026-01-11 14:09:07,710 [ERROR] LogOutputStream:75 - [STDERR_REDIRECT] [Fatal Error] :1:1: Premature end of file.
2026-01-11 14:09:07,711 [ERROR] LogOutputStream:75 - [STDERR_REDIRECT] 
2026-01-11 14:09:08,711 [ERROR] LogOutputStream:75 - [STDERR_REDIRECT] [Fatal Error] :1:1: Premature end of file.
2026-01-11 14:09:08,711 [ERROR] LogOutputStream:75 - [STDERR_REDIRECT] 
2026-01-11 14:09:09,712 [ERROR] LogOutputStream:75 - [STDERR_REDIRECT] [Fatal Error] :1:1: Premature end of file.
2026-01-11 14:09:09,712 [ERROR] LogOutputStream:75 - [STDERR_REDIRECT] 
2026-01-11 14:09:10,710 [ERROR] LogOutputStream:75 - [STDERR_REDIRECT] [Fatal Error] :1:1: Premature end of file.
2026-01-11 14:09:10,710 [ERROR] LogOutputStream:75 - [STDERR_REDIRECT] 
2026-01-11 14:09:11,702 [ERROR] LogOutputStream:75 - [STDERR_REDIRECT] [Fatal Error] :1:1: Premature end of file.
2026-01-11 14:09:11,702 [ERROR] LogOutputStream:75 - [STDERR_REDIRECT] 
2026-01-11 14:09:12,710 [ERROR] LogOutputStream:75 - [STDERR_REDIRECT] [Fatal Error] :1:1: Premature end of file.
2026-01-11 14:09:12,710 [ERROR] LogOutputStream:75 - [STDERR_REDIRECT] 
2026-01-11 14:09:13,711 [ERROR] LogOutputStream:75 - [STDERR_REDIRECT] [Fatal Error] :1:1: Premature end of file.
2026-01-11 14:09:13,711 [ERROR] LogOutputStream:75 - [STDERR_REDIRECT] 
2026-01-11 14:09:14,707 [ERROR] LogOutputStream:75 - [STDERR_REDIRECT] [Fatal Error] :1:1: Premature end of file.
2026-01-11 14:09:14,707 [ERROR] LogOutputStream:75 - [STDERR_REDIRECT] 
2026-01-11 14:09:15,710 [ERROR] LogOutputStream:75 - [STDERR_REDIRECT] [Fatal Error] :1:1: Premature end of file.
2026-01-11 14:09:15,710 [ERROR] LogOutputStream:75 - [STDERR_REDIRECT] 
2026-01-11 14:09:16,712 [ERROR] LogOutputStream:75 - [STDERR_REDIRECT] [Fatal Error] :1:1: Premature end of file.
2026-01-11 14:09:16,712 [ERROR] LogOutputStream:75 - [STDERR_REDIRECT] 
2026-01-11 14:09:17,718 [ERROR] LogOutputStream:75 - [STDERR_REDIRECT] [Fatal Error] :1:1: Premature end of file.
2026-01-11 14:09:17,718 [ERROR] LogOutputStream:75 - [STDERR_REDIRECT] 
2026-01-11 14:09:18,714 [ERROR] LogOutputStream:75 - [STDERR_REDIRECT] [Fatal Error] :1:1: Premature end of file.
2026-01-11 14:09:18,714 [ERROR] LogOutputStream:75 - [STDERR_REDIRECT] 
2026-01-11 14:09:19,713 [ERROR] LogOutputStream:75 - [STDERR_REDIRECT] [Fatal Error] :1:1: Premature end of file.
2026-01-11 14:09:19,713 [ERROR] LogOutputStream:75 - [STDERR_REDIRECT] 
2026-01-11 14:09:20,711 [ERROR] LogOutputStream:75 - [STDERR_REDIRECT] [Fatal Error] :1:1: Premature end of file.
2026-01-11 14:09:20,711 [ERROR] LogOutputStream:75 - [STDERR_REDIRECT] 
2026-01-11 14:09:21,714 [ERROR] LogOutputStream:75 - [STDERR_REDIRECT] [Fatal Error] :1:1: Premature end of file.
2026-01-11 14:09:21,714 [ERROR] LogOutputStream:75 - [STDERR_REDIRECT] 
2026-01-11 14:09:22,724 [ERROR] LogOutputStream:75 - [STDERR_REDIRECT] [Fatal Error] :1:1: Premature end of file.
2026-01-11 14:09:22,724 [ERROR] LogOutputStream:75 - [STDERR_REDIRECT] 
2026-01-11 14:09:23,706 [ERROR] LogOutputStream:75 - [STDERR_REDIRECT] [Fatal Error] :1:1: Premature end of file.
2026-01-11 14:09:23,706 [ERROR] LogOutputStream:75 - [STDERR_REDIRECT] 
2026-01-11 14:09:24,712 [ERROR] LogOutputStream:75 - [STDERR_REDIRECT] [Fatal Error] :1:1: Premature end of file.
2026-01-11 14:09:24,712 [ERROR] LogOutputStream:75 - [STDERR_REDIRECT] 
2026-01-11 14:09:25,709 [ERROR] LogOutputStream:75 - [STDERR_REDIRECT] [Fatal Error] :1:1: Premature end of file.
2026-01-11 14:09:25,710 [ERROR] LogOutputStream:75 - [STDERR_REDIRECT] 
2026-01-11 14:09:26,703 [ERROR] LogOutputStream:75 - [STDERR_REDIRECT] [Fatal Error] :1:1: Premature end of file.
2026-01-11 14:09:26,703 [ERROR] LogOutputStream:75 - [STDERR_REDIRECT] 
2026-01-11 14:09:27,704 [ERROR] LogOutputStream:75 - [STDERR_REDIRECT] [Fatal Error] :1:1: Premature end of file.
2026-01-11 14:09:27,705 [ERROR] LogOutputStream:75 - [STDERR_REDIRECT] 
2026-01-11 14:09:28,705 [ERROR] LogOutputStream:75 - [STDERR_REDIRECT] [Fatal Error] :1:1: Premature end of file.
2026-01-11 14:09:28,705 [ERROR] LogOutputStream:75 - [STDERR_REDIRECT] 
2026-01-11 14:09:29,704 [ERROR] LogOutputStream:75 - [STDERR_REDIRECT] [Fatal Error] :1:1: Premature end of file.
2026-01-11 14:09:29,704 [ERROR] LogOutputStream:75 - [STDERR_REDIRECT] 
2026-01-11 14:09:30,712 [ERROR] LogOutputStream:75 - [STDERR_REDIRECT] [Fatal Error] :1:1: Premature end of file.
2026-01-11 14:09:30,712 [ERROR] LogOutputStream:75 - [STDERR_REDIRECT] 
2026-01-11 14:09:31,705 [ERROR] LogOutputStream:75 - [STDERR_REDIRECT] [Fatal Error] :1:1: Premature end of file.
2026-01-11 14:09:31,705 [ERROR] LogOutputStream:75 - [STDERR_REDIRECT] 
2026-01-11 14:09:32,704 [ERROR] LogOutputStream:75 - [STDERR_REDIRECT] [Fatal Error] :1:1: Premature end of file.
2026-01-11 14:09:32,704 [ERROR] LogOutputStream:75 - [STDERR_REDIRECT] 
2026-01-11 14:09:33,706 [ERROR] LogOutputStream:75 - [STDERR_REDIRECT] [Fatal Error] :1:1: Premature end of file.
2026-01-11 14:09:33,706 [ERROR] LogOutputStream:75 - [STDERR_REDIRECT] 
2026-01-11 14:09:34,705 [ERROR] LogOutputStream:75 - [STDERR_REDIRECT] [Fatal Error] :1:1: Premature end of file.
2026-01-11 14:09:34,705 [ERROR] LogOutputStream:75 - [STDERR_REDIRECT] 
2026-01-11 14:09:35,704 [ERROR] LogOutputStream:75 - [STDERR_REDIRECT] [Fatal Error] :1:1: Premature end of file.
2026-01-11 14:09:35,704 [ERROR] LogOutputStream:75 - [STDERR_REDIRECT] 
2026-01-11 14:09:36,712 [ERROR] LogOutputStream:75 - [STDERR_REDIRECT] [Fatal Error] :1:1: Premature end of file.
2026-01-11 14:09:36,712 [ERROR] LogOutputStream:75 - [STDERR_REDIRECT] 
2026-01-11 14:09:37,713 [ERROR] LogOutputStream:75 - [STDERR_REDIRECT] [Fatal Error] :1:1: Premature end of file.
2026-01-11 14:09:37,713 [ERROR] LogOutputStream:75 - [STDERR_REDIRECT] 
2026-01-11 14:09:38,714 [ERROR] LogOutputStream:75 - [STDERR_REDIRECT] [Fatal Error] :1:1: Premature end of file.
2026-01-11 14:09:38,714 [ERROR] LogOutputStream:75 - [STDERR_REDIRECT] 
2026-01-11 14:09:39,710 [ERROR] LogOutputStream:75 - [STDERR_REDIRECT] [Fatal Error] :1:1: Premature end of file.
2026-01-11 14:09:39,710 [ERROR] LogOutputStream:75 - [STDERR_REDIRECT] 
2026-01-11 14:09:40,704 [ERROR] LogOutputStream:75 - [STDERR_REDIRECT] [Fatal Error] :1:1: Premature end of file.
2026-01-11 14:09:40,704 [ERROR] LogOutputStream:75 - [STDERR_REDIRECT] 
2026-01-11 14:09:41,706 [ERROR] LogOutputStream:75 - [STDERR_REDIRECT] [Fatal Error] :1:1: Premature end of file.
2026-01-11 14:09:41,706 [ERROR] LogOutputStream:75 - [STDERR_REDIRECT] 
2026-01-11 14:09:42,705 [ERROR] LogOutputStream:75 - [STDERR_REDIRECT] [Fatal Error] :1:1: Premature end of file.
2026-01-11 14:09:42,705 [ERROR] LogOutputStream:75 - [STDERR_REDIRECT] 
2026-01-11 14:09:43,707 [ERROR] LogOutputStream:75 - [STDERR_REDIRECT] [Fatal Error] :1:1: Premature end of file.
2026-01-11 14:09:43,707 [ERROR] LogOutputStream:75 - [STDERR_REDIRECT] 
2026-01-11 14:09:44,704 [ERROR] LogOutputStream:75 - [STDERR_REDIRECT] [Fatal Error] :1:1: Premature end of file.
2026-01-11 14:09:44,704 [ERROR] LogOutputStream:75 - [STDERR_REDIRECT] 
2026-01-11 14:09:45,706 [ERROR] LogOutputStream:75 - [STDERR_REDIRECT] [Fatal Error] :1:1: Premature end of file.
2026-01-11 14:09:45,706 [ERROR] LogOutputStream:75 - [STDERR_REDIRECT] 
2026-01-11 14:09:46,703 [ERROR] LogOutputStream:75 - [STDERR_REDIRECT] [Fatal Error] :1:1: Premature end of file.
2026-01-11 14:09:46,703 [ERROR] LogOutputStream:75 - [STDERR_REDIRECT] 
2026-01-11 14:09:47,710 [ERROR] LogOutputStream:75 - [STDERR_REDIRECT] [Fatal Error] :1:1: Premature end of file.
2026-01-11 14:09:47,710 [ERROR] LogOutputStream:75 - [STDERR_REDIRECT] 
2026-01-11 14:09:48,713 [ERROR] LogOutputStream:75 - [STDERR_REDIRECT] [Fatal Error] :1:1: Premature end of file.
2026-01-11 14:09:48,713 [ERROR] LogOutputStream:75 - [STDERR_REDIRECT] 
2026-01-11 14:09:49,709 [ERROR] LogOutputStream:75 - [STDERR_REDIRECT] [Fatal Error] :1:1: Premature end of file.
2026-01-11 14:09:49,709 [ERROR] LogOutputStream:75 - [STDERR_REDIRECT] 
2026-01-11 14:09:50,706 [ERROR] LogOutputStream:75 - [STDERR_REDIRECT] [Fatal Error] :1:1: Premature end of file.
2026-01-11 14:09:50,706 [ERROR] LogOutputStream:75 - [STDERR_REDIRECT] 
2026-01-11 14:09:51,716 [ERROR] LogOutputStream:75 - [STDERR_REDIRECT] [Fatal Error] :1:1: Premature end of file.
2026-01-11 14:09:51,717 [ERROR] LogOutputStream:75 - [STDERR_REDIRECT] 
2026-01-11 14:09:52,712 [ERROR] LogOutputStream:75 - [STDERR_REDIRECT] [Fatal Error] :1:1: Premature end of file.
2026-01-11 14:09:52,712 [ERROR] LogOutputStream:75 - [STDERR_REDIRECT] 
2026-01-11 14:09:53,705 [ERROR] LogOutputStream:75 - [STDERR_REDIRECT] [Fatal Error] :1:1: Premature end of file.
2026-01-11 14:09:53,705 [ERROR] LogOutputStream:75 - [STDERR_REDIRECT] 
2026-01-11 14:09:54,706 [ERROR] LogOutputStream:75 - [STDERR_REDIRECT] [Fatal Error] :1:1: Premature end of file.
2026-01-11 14:09:54,706 [ERROR] LogOutputStream:75 - [STDERR_REDIRECT] 
2026-01-11 14:09:55,705 [ERROR] LogOutputStream:75 - [STDERR_REDIRECT] [Fatal Error] :1:1: Premature end of file.
2026-01-11 14:09:55,705 [ERROR] LogOutputStream:75 - [STDERR_REDIRECT] 
2026-01-11 14:09:56,705 [ERROR] LogOutputStream:75 - [STDERR_REDIRECT] [Fatal Error] :1:1: Premature end of file.
2026-01-11 14:09:56,705 [ERROR] LogOutputStream:75 - [STDERR_REDIRECT] 
2026-01-11 14:09:57,704 [ERROR] LogOutputStream:75 - [STDERR_REDIRECT] [Fatal Error] :1:1: Premature end of file.
2026-01-11 14:09:57,704 [ERROR] LogOutputStream:75 - [STDERR_REDIRECT] 
2026-01-11 14:09:58,704 [ERROR] LogOutputStream:75 - [STDERR_REDIRECT] [Fatal Error] :1:1: Premature end of file.
2026-01-11 14:09:58,704 [ERROR] LogOutputStream:75 - [STDERR_REDIRECT] 
2026-01-11 14:09:59,705 [ERROR] LogOutputStream:75 - [STDERR_REDIRECT] [Fatal Error] :1:1: Premature end of file.
2026-01-11 14:09:59,705 [ERROR] LogOutputStream:75 - [STDERR_REDIRECT] 
2026-01-11 14:10:00,704 [ERROR] LogOutputStream:75 - [STDERR_REDIRECT] [Fatal Error] :1:1: Premature end of file.
2026-01-11 14:10:00,704 [ERROR] LogOutputStream:75 - [STDERR_REDIRECT] 
2026-01-11 14:10:01,705 [ERROR] LogOutputStream:75 - [STDERR_REDIRECT] [Fatal Error] :1:1: Premature end of file.
2026-01-11 14:10:01,705 [ERROR] LogOutputStream:75 - [STDERR_REDIRECT] 
2026-01-11 14:10:02,706 [ERROR] LogOutputStream:75 - [STDERR_REDIRECT] [Fatal Error] :1:1: Premature end of file.
2026-01-11 14:10:02,706 [ERROR] LogOutputStream:75 - [STDERR_REDIRECT] 
2026-01-11 14:10:03,704 [ERROR] LogOutputStream:75 - [STDERR_REDIRECT] [Fatal Error] :1:1: Premature end of file.
2026-01-11 14:10:03,704 [ERROR] LogOutputStream:75 - [STDERR_REDIRECT] 
2026-01-11 14:10:04,705 [ERROR] LogOutputStream:75 - [STDERR_REDIRECT] [Fatal Error] :1:1: Premature end of file.
2026-01-11 14:10:04,705 [ERROR] LogOutputStream:75 - [STDERR_REDIRECT] 
2026-01-11 14:10:05,702 [ERROR] LogOutputStream:75 - [STDERR_REDIRECT] [Fatal Error] :1:1: Premature end of file.
2026-01-11 14:10:05,702 [ERROR] LogOutputStream:75 - [STDERR_REDIRECT] 
2026-01-11 14:10:06,704 [ERROR] LogOutputStream:75 - [STDERR_REDIRECT] [Fatal Error] :1:1: Premature end of file.
2026-01-11 14:10:06,704 [ERROR] LogOutputStream:75 - [STDERR_REDIRECT] 
2026-01-11 14:10:07,703 [ERROR] LogOutputStream:75 - [STDERR_REDIRECT] [Fatal Error] :1:1: Premature end of file.
2026-01-11 14:10:07,704 [ERROR] LogOutputStream:75 - [STDERR_REDIRECT] 
2026-01-11 14:10:08,703 [ERROR] LogOutputStream:75 - [STDERR_REDIRECT] [Fatal Error] :1:1: Premature end of file.
2026-01-11 14:10:08,703 [ERROR] LogOutputStream:75 - [STDERR_REDIRECT] 
2026-01-11 14:10:09,704 [ERROR] LogOutputStream:75 - [STDERR_REDIRECT] [Fatal Error] :1:1: Premature end of file.
2026-01-11 14:10:09,704 [ERROR] LogOutputStream:75 - [STDERR_REDIRECT] 
2026-01-11 14:10:10,704 [ERROR] LogOutputStream:75 - [STDERR_REDIRECT] [Fatal Error] :1:1: Premature end of file.
2026-01-11 14:10:10,705 [ERROR] LogOutputStream:75 - [STDERR_REDIRECT] 
2026-01-11 14:10:11,703 [ERROR] LogOutputStream:75 - [STDERR_REDIRECT] [Fatal Error] :1:1: Premature end of file.
2026-01-11 14:10:11,703 [ERROR] LogOutputStream:75 - [STDERR_REDIRECT] 
2026-01-11 14:10:12,704 [ERROR] LogOutputStream:75 - [STDERR_REDIRECT] [Fatal Error] :1:1: Premature end of file.
2026-01-11 14:10:12,704 [ERROR] LogOutputStream:75 - [STDERR_REDIRECT] 
2026-01-11 14:10:13,711 [ERROR] LogOutputStream:75 - [STDERR_REDIRECT] [Fatal Error] :1:1: Premature end of file.
2026-01-11 14:10:13,711 [ERROR] LogOutputStream:75 - [STDERR_REDIRECT] 
2026-01-11 14:10:14,710 [ERROR] LogOutputStream:75 - [STDERR_REDIRECT] [Fatal Error] :1:1: Premature end of file.
2026-01-11 14:10:14,710 [ERROR] LogOutputStream:75 - [STDERR_REDIRECT] 
2026-01-11 14:10:15,720 [ERROR] LogOutputStream:75 - [STDERR_REDIRECT] [Fatal Error] :1:1: Premature end of file.
2026-01-11 14:10:15,720 [ERROR] LogOutputStream:75 - [STDERR_REDIRECT] 
2026-01-11 14:10:16,708 [ERROR] LogOutputStream:75 - [STDERR_REDIRECT] [Fatal Error] :1:1: Premature end of file.
2026-01-11 14:10:16,708 [ERROR] LogOutputStream:75 - [STDERR_REDIRECT] 
2026-01-11 14:10:17,705 [ERROR] LogOutputStream:75 - [STDERR_REDIRECT] [Fatal Error] :1:1: Premature end of file.
2026-01-11 14:10:17,705 [ERROR] LogOutputStream:75 - [STDERR_REDIRECT] 
2026-01-11 14:10:18,704 [ERROR] LogOutputStream:75 - [STDERR_REDIRECT] [Fatal Error] :1:1: Premature end of file.
2026-01-11 14:10:18,704 [ERROR] LogOutputStream:75 - [STDERR_REDIRECT] 
2026-01-11 14:10:19,704 [ERROR] LogOutputStream:75 - [STDERR_REDIRECT] [Fatal Error] :1:1: Premature end of file.
2026-01-11 14:10:19,704 [ERROR] LogOutputStream:75 - [STDERR_REDIRECT] 
2026-01-11 14:10:20,704 [ERROR] LogOutputStream:75 - [STDERR_REDIRECT] [Fatal Error] :1:1: Premature end of file.
2026-01-11 14:10:20,704 [ERROR] LogOutputStream:75 - [STDERR_REDIRECT] 
2026-01-11 14:10:21,706 [ERROR] LogOutputStream:75 - [STDERR_REDIRECT] [Fatal Error] :1:1: Premature end of file.
2026-01-11 14:10:21,706 [ERROR] LogOutputStream:75 - [STDERR_REDIRECT] 
2026-01-11 14:10:22,706 [ERROR] LogOutputStream:75 - [STDERR_REDIRECT] [Fatal Error] :1:1: Premature end of file.
2026-01-11 14:10:22,706 [ERROR] LogOutputStream:75 - [STDERR_REDIRECT] 
2026-01-11 14:10:23,708 [ERROR] LogOutputStream:75 - [STDERR_REDIRECT] [Fatal Error] :1:1: Premature end of file.
2026-01-11 14:10:23,708 [ERROR] LogOutputStream:75 - [STDERR_REDIRECT] 
2026-01-11 14:10:24,704 [ERROR] LogOutputStream:75 - [STDERR_REDIRECT] [Fatal Error] :1:1: Premature end of file.
2026-01-11 14:10:24,704 [ERROR] LogOutputStream:75 - [STDERR_REDIRECT] 
2026-01-11 14:10:25,709 [ERROR] LogOutputStream:75 - [STDERR_REDIRECT] [Fatal Error] :1:1: Premature end of file.
2026-01-11 14:10:25,709 [ERROR] LogOutputStream:75 - [STDERR_REDIRECT] 
2026-01-11 14:10:26,711 [ERROR] LogOutputStream:75 - [STDERR_REDIRECT] [Fatal Error] :1:1: Premature end of file.
2026-01-11 14:10:26,712 [ERROR] LogOutputStream:75 - [STDERR_REDIRECT] 
2026-01-11 14:10:27,705 [ERROR] LogOutputStream:75 - [STDERR_REDIRECT] [Fatal Error] :1:1: Premature end of file.
2026-01-11 14:10:27,705 [ERROR] LogOutputStream:75 - [STDERR_REDIRECT] 
2026-01-11 14:10:28,706 [ERROR] LogOutputStream:75 - [STDERR_REDIRECT] [Fatal Error] :1:1: Premature end of file.
2026-01-11 14:10:28,706 [ERROR] LogOutputStream:75 - [STDERR_REDIRECT] 
2026-01-11 14:10:29,708 [ERROR] LogOutputStream:75 - [STDERR_REDIRECT] [Fatal Error] :1:1: Premature end of file.
2026-01-11 14:10:29,708 [ERROR] LogOutputStream:75 - [STDERR_REDIRECT] 
2026-01-11 14:10:30,707 [ERROR] LogOutputStream:75 - [STDERR_REDIRECT] [Fatal Error] :1:1: Premature end of file.
2026-01-11 14:10:30,707 [ERROR] LogOutputStream:75 - [STDERR_REDIRECT] 
2026-01-11 14:10:31,704 [ERROR] LogOutputStream:75 - [STDERR_REDIRECT] [Fatal Error] :1:1: Premature end of file.
2026-01-11 14:10:31,704 [ERROR] LogOutputStream:75 - [STDERR_REDIRECT] 
2026-01-11 14:10:32,704 [ERROR] LogOutputStream:75 - [STDERR_REDIRECT] [Fatal Error] :1:1: Premature end of file.
2026-01-11 14:10:32,704 [ERROR] LogOutputStream:75 - [STDERR_REDIRECT] 
2026-01-11 14:10:33,708 [ERROR] LogOutputStream:75 - [STDERR_REDIRECT] [Fatal Error] :1:1: Premature end of file.
2026-01-11 14:10:33,708 [ERROR] LogOutputStream:75 - [STDERR_REDIRECT] 
2026-01-11 14:10:34,705 [ERROR] LogOutputStream:75 - [STDERR_REDIRECT] [Fatal Error] :1:1: Premature end of file.
2026-01-11 14:10:34,705 [ERROR] LogOutputStream:75 - [STDERR_REDIRECT] 
2026-01-11 14:10:35,704 [ERROR] LogOutputStream:75 - [STDERR_REDIRECT] [Fatal Error] :1:1: Premature end of file.
2026-01-11 14:10:35,704 [ERROR] LogOutputStream:75 - [STDERR_REDIRECT] 
2026-01-11 14:10:36,704 [ERROR] LogOutputStream:75 - [STDERR_REDIRECT] [Fatal Error] :1:1: Premature end of file.
2026-01-11 14:10:36,704 [ERROR] LogOutputStream:75 - [STDERR_REDIRECT] 
2026-01-11 14:10:37,703 [ERROR] LogOutputStream:75 - [STDERR_REDIRECT] [Fatal Error] :1:1: Premature end of file.
2026-01-11 14:10:37,704 [ERROR] LogOutputStream:75 - [STDERR_REDIRECT] 
2026-01-11 14:10:38,704 [ERROR] LogOutputStream:75 - [STDERR_REDIRECT] [Fatal Error] :1:1: Premature end of file.
2026-01-11 14:10:38,704 [ERROR] LogOutputStream:75 - [STDERR_REDIRECT] 
2026-01-11 14:10:39,704 [ERROR] LogOutputStream:75 - [STDERR_REDIRECT] [Fatal Error] :1:1: Premature end of file.
2026-01-11 14:10:39,704 [ERROR] LogOutputStream:75 - [STDERR_REDIRECT] 
2026-01-11 14:10:40,705 [ERROR] LogOutputStream:75 - [STDERR_REDIRECT] [Fatal Error] :1:1: Premature end of file.
2026-01-11 14:10:40,705 [ERROR] LogOutputStream:75 - [STDERR_REDIRECT] 
2026-01-11 14:10:41,705 [ERROR] LogOutputStream:75 - [STDERR_REDIRECT] [Fatal Error] :1:1: Premature end of file.
2026-01-11 14:10:41,705 [ERROR] LogOutputStream:75 - [STDERR_REDIRECT] 
2026-01-11 14:10:42,705 [ERROR] LogOutputStream:75 - [STDERR_REDIRECT] [Fatal Error] :1:1: Premature end of file.
2026-01-11 14:10:42,705 [ERROR] LogOutputStream:75 - [STDERR_REDIRECT] 
2026-01-11 14:10:43,704 [ERROR] LogOutputStream:75 - [STDERR_REDIRECT] [Fatal Error] :1:1: Premature end of file.
2026-01-11 14:10:43,704 [ERROR] LogOutputStream:75 - [STDERR_REDIRECT] 
2026-01-11 14:10:44,703 [ERROR] LogOutputStream:75 - [STDERR_REDIRECT] [Fatal Error] :1:1: Premature end of file.
2026-01-11 14:10:44,703 [ERROR] LogOutputStream:75 - [STDERR_REDIRECT] 
2026-01-11 14:10:45,707 [ERROR] LogOutputStream:75 - [STDERR_REDIRECT] [Fatal Error] :1:1: Premature end of file.
2026-01-11 14:10:45,708 [ERROR] LogOutputStream:75 - [STDERR_REDIRECT] 
2026-01-11 14:10:46,708 [ERROR] LogOutputStream:75 - [STDERR_REDIRECT] [Fatal Error] :1:1: Premature end of file.
2026-01-11 14:10:46,708 [ERROR] LogOutputStream:75 - [STDERR_REDIRECT] 
2026-01-11 14:10:47,711 [ERROR] LogOutputStream:75 - [STDERR_REDIRECT] [Fatal Error] :1:1: Premature end of file.
2026-01-11 14:10:47,711 [ERROR] LogOutputStream:75 - [STDERR_REDIRECT] 
2026-01-11 14:10:48,709 [ERROR] LogOutputStream:75 - [STDERR_REDIRECT] [Fatal Error] :1:1: Premature end of file.
2026-01-11 14:10:48,709 [ERROR] LogOutputStream:75 - [STDERR_REDIRECT] 
2026-01-11 14:10:49,710 [ERROR] LogOutputStream:75 - [STDERR_REDIRECT] [Fatal Error] :1:1: Premature end of file.
2026-01-11 14:10:49,710 [ERROR] LogOutputStream:75 - [STDERR_REDIRECT] 
2026-01-11 14:10:50,717 [ERROR] LogOutputStream:75 - [STDERR_REDIRECT] [Fatal Error] :1:1: Premature end of file.
2026-01-11 14:10:50,717 [ERROR] LogOutputStream:75 - [STDERR_REDIRECT] 
2026-01-11 14:10:51,709 [ERROR] LogOutputStream:75 - [STDERR_REDIRECT] [Fatal Error] :1:1: Premature end of file.
2026-01-11 14:10:51,709 [ERROR] LogOutputStream:75 - [STDERR_REDIRECT] 
2026-01-11 14:10:52,712 [ERROR] LogOutputStream:75 - [STDERR_REDIRECT] [Fatal Error] :1:1: Premature end of file.
2026-01-11 14:10:52,712 [ERROR] LogOutputStream:75 - [STDERR_REDIRECT] 
2026-01-11 14:10:53,714 [ERROR] LogOutputStream:75 - [STDERR_REDIRECT] [Fatal Error] :1:1: Premature end of file.
2026-01-11 14:10:53,714 [ERROR] LogOutputStream:75 - [STDERR_REDIRECT] 
2026-01-11 14:10:54,712 [ERROR] LogOutputStream:75 - [STDERR_REDIRECT] [Fatal Error] :1:1: Premature end of file.
2026-01-11 14:10:54,712 [ERROR] LogOutputStream:75 - [STDERR_REDIRECT] 
2026-01-11 14:10:55,714 [ERROR] LogOutputStream:75 - [STDERR_REDIRECT] [Fatal Error] :1:1: Premature end of file.
2026-01-11 14:10:55,714 [ERROR] LogOutputStream:75 - [STDERR_REDIRECT] 
2026-01-11 14:10:56,711 [ERROR] LogOutputStream:75 - [STDERR_REDIRECT] [Fatal Error] :1:1: Premature end of file.
2026-01-11 14:10:56,711 [ERROR] LogOutputStream:75 - [STDERR_REDIRECT] 
2026-01-11 14:10:57,711 [ERROR] LogOutputStream:75 - [STDERR_REDIRECT] [Fatal Error] :1:1: Premature end of file.
2026-01-11 14:10:57,711 [ERROR] LogOutputStream:75 - [STDERR_REDIRECT] 
2026-01-11 14:10:58,708 [ERROR] LogOutputStream:75 - [STDERR_REDIRECT] [Fatal Error] :1:1: Premature end of file.
2026-01-11 14:10:58,709 [ERROR] LogOutputStream:75 - [STDERR_REDIRECT] 
2026-01-11 14:10:59,707 [ERROR] LogOutputStream:75 - [STDERR_REDIRECT] [Fatal Error] :1:1: Premature end of file.
2026-01-11 14:10:59,707 [ERROR] LogOutputStream:75 - [STDERR_REDIRECT] 
2026-01-11 14:11:00,706 [ERROR] LogOutputStream:75 - [STDERR_REDIRECT] [Fatal Error] :1:1: Premature end of file.
2026-01-11 14:11:00,706 [ERROR] LogOutputStream:75 - [STDERR_REDIRECT] 
2026-01-11 14:11:01,711 [ERROR] LogOutputStream:75 - [STDERR_REDIRECT] [Fatal Error] :1:1: Premature end of file.
2026-01-11 14:11:01,711 [ERROR] LogOutputStream:75 - [STDERR_REDIRECT] 
2026-01-11 14:11:02,707 [ERROR] LogOutputStream:75 - [STDERR_REDIRECT] [Fatal Error] :1:1: Premature end of file.
2026-01-11 14:11:02,707 [ERROR] LogOutputStream:75 - [STDERR_REDIRECT] 
2026-01-11 14:11:03,703 [ERROR] LogOutputStream:75 - [STDERR_REDIRECT] [Fatal Error] :1:1: Premature end of file.
2026-01-11 14:11:03,705 [ERROR] LogOutputStream:75 - [STDERR_REDIRECT] 
2026-01-11 14:11:04,705 [ERROR] LogOutputStream:75 - [STDERR_REDIRECT] [Fatal Error] :1:1: Premature end of file.
2026-01-11 14:11:04,705 [ERROR] LogOutputStream:75 - [STDERR_REDIRECT] 
2026-01-11 14:11:05,706 [ERROR] LogOutputStream:75 - [STDERR_REDIRECT] [Fatal Error] :1:1: Premature end of file.
2026-01-11 14:11:05,706 [ERROR] LogOutputStream:75 - [STDERR_REDIRECT] 
2026-01-11 14:11:06,716 [ERROR] LogOutputStream:75 - [STDERR_REDIRECT] [Fatal Error] :1:1: Premature end of file.
2026-01-11 14:11:06,716 [ERROR] LogOutputStream:75 - [STDERR_REDIRECT] 
2026-01-11 14:11:07,710 [ERROR] LogOutputStream:75 - [STDERR_REDIRECT] [Fatal Error] :1:1: Premature end of file.
2026-01-11 14:11:07,710 [ERROR] LogOutputStream:75 - [STDERR_REDIRECT] 
2026-01-11 14:11:08,717 [ERROR] LogOutputStream:75 - [STDERR_REDIRECT] [Fatal Error] :1:1: Premature end of file.
2026-01-11 14:11:08,717 [ERROR] LogOutputStream:75 - [STDERR_REDIRECT] 
2026-01-11 14:11:09,722 [ERROR] LogOutputStream:75 - [STDERR_REDIRECT] [Fatal Error] :1:1: Premature end of file.
2026-01-11 14:11:09,722 [ERROR] LogOutputStream:75 - [STDERR_REDIRECT] 
2026-01-11 14:11:10,710 [ERROR] LogOutputStream:75 - [STDERR_REDIRECT] [Fatal Error] :1:1: Premature end of file.
2026-01-11 14:11:10,711 [ERROR] LogOutputStream:75 - [STDERR_REDIRECT] 
2026-01-11 14:11:11,714 [ERROR] LogOutputStream:75 - [STDERR_REDIRECT] [Fatal Error] :1:1: Premature end of file.
2026-01-11 14:11:11,714 [ERROR] LogOutputStream:75 - [STDERR_REDIRECT] 
2026-01-11 14:11:12,704 [ERROR] LogOutputStream:75 - [STDERR_REDIRECT] [Fatal Error] :1:1: Premature end of file.
2026-01-11 14:11:12,704 [ERROR] LogOutputStream:75 - [STDERR_REDIRECT] 
2026-01-11 14:11:13,722 [ERROR] LogOutputStream:75 - [STDERR_REDIRECT] [Fatal Error] :1:1: Premature end of file.
2026-01-11 14:11:13,722 [ERROR] LogOutputStream:75 - [STDERR_REDIRECT] 
2026-01-11 14:11:14,714 [ERROR] LogOutputStream:75 - [STDERR_REDIRECT] [Fatal Error] :1:1: Premature end of file.
2026-01-11 14:11:14,714 [ERROR] LogOutputStream:75 - [STDERR_REDIRECT] 
2026-01-11 14:11:15,712 [ERROR] LogOutputStream:75 - [STDERR_REDIRECT] [Fatal Error] :1:1: Premature end of file.
2026-01-11 14:11:15,712 [ERROR] LogOutputStream:75 - [STDERR_REDIRECT] 
2026-01-11 14:11:16,703 [ERROR] LogOutputStream:75 - [STDERR_REDIRECT] [Fatal Error] :1:1: Premature end of file.
2026-01-11 14:11:16,703 [ERROR] LogOutputStream:75 - [STDERR_REDIRECT] 
2026-01-11 14:11:17,706 [ERROR] LogOutputStream:75 - [STDERR_REDIRECT] [Fatal Error] :1:1: Premature end of file.
2026-01-11 14:11:17,706 [ERROR] LogOutputStream:75 - [STDERR_REDIRECT] 
2026-01-11 14:11:18,706 [ERROR] LogOutputStream:75 - [STDERR_REDIRECT] [Fatal Error] :1:1: Premature end of file.
2026-01-11 14:11:18,706 [ERROR] LogOutputStream:75 - [STDERR_REDIRECT] 
2026-01-11 14:11:19,705 [ERROR] LogOutputStream:75 - [STDERR_REDIRECT] [Fatal Error] :1:1: Premature end of file.
2026-01-11 14:11:19,705 [ERROR] LogOutputStream:75 - [STDERR_REDIRECT] 
2026-01-11 14:11:20,705 [ERROR] LogOutputStream:75 - [STDERR_REDIRECT] [Fatal Error] :1:1: Premature end of file.
2026-01-11 14:11:20,705 [ERROR] LogOutputStream:75 - [STDERR_REDIRECT] 
2026-01-11 14:11:21,705 [ERROR] LogOutputStream:75 - [STDERR_REDIRECT] [Fatal Error] :1:1: Premature end of file.
2026-01-11 14:11:21,705 [ERROR] LogOutputStream:75 - [STDERR_REDIRECT] 
2026-01-11 14:11:22,704 [ERROR] LogOutputStream:75 - [STDERR_REDIRECT] [Fatal Error] :1:1: Premature end of file.
2026-01-11 14:11:22,705 [ERROR] LogOutputStream:75 - [STDERR_REDIRECT] 
2026-01-11 14:11:23,711 [ERROR] LogOutputStream:75 - [STDERR_REDIRECT] [Fatal Error] :1:1: Premature end of file.
2026-01-11 14:11:23,711 [ERROR] LogOutputStream:75 - [STDERR_REDIRECT] 
2026-01-11 14:11:24,711 [ERROR] LogOutputStream:75 - [STDERR_REDIRECT] [Fatal Error] :1:1: Premature end of file.
2026-01-11 14:11:24,711 [ERROR] LogOutputStream:75 - [STDERR_REDIRECT] 
2026-01-11 14:11:25,707 [ERROR] LogOutputStream:75 - [STDERR_REDIRECT] [Fatal Error] :1:1: Premature end of file.
2026-01-11 14:11:25,707 [ERROR] LogOutputStream:75 - [STDERR_REDIRECT] 
2026-01-11 14:11:26,713 [ERROR] LogOutputStream:75 - [STDERR_REDIRECT] [Fatal Error] :1:1: Premature end of file.
2026-01-11 14:11:26,713 [ERROR] LogOutputStream:75 - [STDERR_REDIRECT] 
2026-01-11 14:11:27,709 [ERROR] LogOutputStream:75 - [STDERR_REDIRECT] [Fatal Error] :1:1: Premature end of file.
2026-01-11 14:11:27,710 [ERROR] LogOutputStream:75 - [STDERR_REDIRECT] 
2026-01-11 14:11:28,712 [ERROR] LogOutputStream:75 - [STDERR_REDIRECT] [Fatal Error] :1:1: Premature end of file.
2026-01-11 14:11:28,712 [ERROR] LogOutputStream:75 - [STDERR_REDIRECT] 
2026-01-11 14:11:29,708 [ERROR] LogOutputStream:75 - [STDERR_REDIRECT] [Fatal Error] :1:1: Premature end of file.
2026-01-11 14:11:29,708 [ERROR] LogOutputStream:75 - [STDERR_REDIRECT] 
2026-01-11 14:11:30,704 [ERROR] LogOutputStream:75 - [STDERR_REDIRECT] [Fatal Error] :1:1: Premature end of file.
2026-01-11 14:11:30,704 [ERROR] LogOutputStream:75 - [STDERR_REDIRECT] 
2026-01-11 14:11:31,706 [ERROR] LogOutputStream:75 - [STDERR_REDIRECT] [Fatal Error] :1:1: Premature end of file.
2026-01-11 14:11:31,706 [ERROR] LogOutputStream:75 - [STDERR_REDIRECT] 
2026-01-11 14:11:32,706 [ERROR] LogOutputStream:75 - [STDERR_REDIRECT] [Fatal Error] :1:1: Premature end of file.
2026-01-11 14:11:32,707 [ERROR] LogOutputStream:75 - [STDERR_REDIRECT] 
2026-01-11 14:11:33,705 [ERROR] LogOutputStream:75 - [STDERR_REDIRECT] [Fatal Error] :1:1: Premature end of file.
2026-01-11 14:11:33,705 [ERROR] LogOutputStream:75 - [STDERR_REDIRECT] 
2026-01-11 14:11:34,706 [ERROR] LogOutputStream:75 - [STDERR_REDIRECT] [Fatal Error] :1:1: Premature end of file.
2026-01-11 14:11:34,706 [ERROR] LogOutputStream:75 - [STDERR_REDIRECT] 
2026-01-11 14:11:35,704 [ERROR] LogOutputStream:75 - [STDERR_REDIRECT] [Fatal Error] :1:1: Premature end of file.
2026-01-11 14:11:35,704 [ERROR] LogOutputStream:75 - [STDERR_REDIRECT] 
2026-01-11 14:11:36,712 [ERROR] LogOutputStream:75 - [STDERR_REDIRECT] [Fatal Error] :1:1: Premature end of file.
2026-01-11 14:11:36,712 [ERROR] LogOutputStream:75 - [STDERR_REDIRECT] 
2026-01-11 14:11:37,707 [ERROR] LogOutputStream:75 - [STDERR_REDIRECT] [Fatal Error] :1:1: Premature end of file.
2026-01-11 14:11:37,707 [ERROR] LogOutputStream:75 - [STDERR_REDIRECT] 
2026-01-11 14:11:38,731 [ERROR] LogOutputStream:75 - [STDERR_REDIRECT] [Fatal Error] :1:1: Premature end of file.
2026-01-11 14:11:38,731 [ERROR] LogOutputStream:75 - [STDERR_REDIRECT] 
2026-01-11 14:11:39,705 [ERROR] LogOutputStream:75 - [STDERR_REDIRECT] [Fatal Error] :1:1: Premature end of file.
2026-01-11 14:11:39,705 [ERROR] LogOutputStream:75 - [STDERR_REDIRECT] 
2026-01-11 14:11:40,704 [ERROR] LogOutputStream:75 - [STDERR_REDIRECT] [Fatal Error] :1:1: Premature end of file.
2026-01-11 14:11:40,704 [ERROR] LogOutputStream:75 - [STDERR_REDIRECT] 
2026-01-11 14:11:41,703 [ERROR] LogOutputStream:75 - [STDERR_REDIRECT] [Fatal Error] :1:1: Premature end of file.
2026-01-11 14:11:41,703 [ERROR] LogOutputStream:75 - [STDERR_REDIRECT] 
2026-01-11 14:11:42,705 [ERROR] LogOutputStream:75 - [STDERR_REDIRECT] [Fatal Error] :1:1: Premature end of file.
2026-01-11 14:11:42,705 [ERROR] LogOutputStream:75 - [STDERR_REDIRECT] 
2026-01-11 14:11:43,703 [ERROR] LogOutputStream:75 - [STDERR_REDIRECT] [Fatal Error] :1:1: Premature end of file.
2026-01-11 14:11:43,703 [ERROR] LogOutputStream:75 - [STDERR_REDIRECT] 
2026-01-11 14:11:44,703 [ERROR] LogOutputStream:75 - [STDERR_REDIRECT] [Fatal Error] :1:1: Premature end of file.
2026-01-11 14:11:44,703 [ERROR] LogOutputStream:75 - [STDERR_REDIRECT] 
2026-01-11 14:11:45,706 [ERROR] LogOutputStream:75 - [STDERR_REDIRECT] [Fatal Error] :1:1: Premature end of file.
2026-01-11 14:11:45,706 [ERROR] LogOutputStream:75 - [STDERR_REDIRECT] 
2026-01-11 14:11:46,706 [ERROR] LogOutputStream:75 - [STDERR_REDIRECT] [Fatal Error] :1:1: Premature end of file.
2026-01-11 14:11:46,706 [ERROR] LogOutputStream:75 - [STDERR_REDIRECT] 
2026-01-11 14:11:47,704 [ERROR] LogOutputStream:75 - [STDERR_REDIRECT] [Fatal Error] :1:1: Premature end of file.
2026-01-11 14:11:47,704 [ERROR] LogOutputStream:75 - [STDERR_REDIRECT] 
2026-01-11 14:11:48,703 [ERROR] LogOutputStream:75 - [STDERR_REDIRECT] [Fatal Error] :1:1: Premature end of file.
2026-01-11 14:11:48,703 [ERROR] LogOutputStream:75 - [STDERR_REDIRECT] 
2026-01-11 14:11:49,704 [ERROR] LogOutputStream:75 - [STDERR_REDIRECT] [Fatal Error] :1:1: Premature end of file.
2026-01-11 14:11:49,704 [ERROR] LogOutputStream:75 - [STDERR_REDIRECT] 
2026-01-11 14:11:50,704 [ERROR] LogOutputStream:75 - [STDERR_REDIRECT] [Fatal Error] :1:1: Premature end of file.
2026-01-11 14:11:50,704 [ERROR] LogOutputStream:75 - [STDERR_REDIRECT] 
2026-01-11 14:11:51,703 [ERROR] LogOutputStream:75 - [STDERR_REDIRECT] [Fatal Error] :1:1: Premature end of file.
2026-01-11 14:11:51,705 [ERROR] LogOutputStream:75 - [STDERR_REDIRECT] 
2026-01-11 14:11:52,706 [ERROR] LogOutputStream:75 - [STDERR_REDIRECT] [Fatal Error] :1:1: Premature end of file.
2026-01-11 14:11:52,706 [ERROR] LogOutputStream:75 - [STDERR_REDIRECT] 
2026-01-11 14:11:53,707 [ERROR] LogOutputStream:75 - [STDERR_REDIRECT] [Fatal Error] :1:1: Premature end of file.
2026-01-11 14:11:53,707 [ERROR] LogOutputStream:75 - [STDERR_REDIRECT] 
2026-01-11 14:11:54,706 [ERROR] LogOutputStream:75 - [STDERR_REDIRECT] [Fatal Error] :1:1: Premature end of file.
2026-01-11 14:11:54,706 [ERROR] LogOutputStream:75 - [STDERR_REDIRECT] 
2026-01-11 14:11:55,708 [ERROR] LogOutputStream:75 - [STDERR_REDIRECT] [Fatal Error] :1:1: Premature end of file.
2026-01-11 14:11:55,709 [ERROR] LogOutputStream:75 - [STDERR_REDIRECT] 
2026-01-11 14:11:56,705 [ERROR] LogOutputStream:75 - [STDERR_REDIRECT] [Fatal Error] :1:1: Premature end of file.
2026-01-11 14:11:56,706 [ERROR] LogOutputStream:75 - [STDERR_REDIRECT] 
2026-01-11 14:11:57,704 [ERROR] LogOutputStream:75 - [STDERR_REDIRECT] [Fatal Error] :1:1: Premature end of file.
2026-01-11 14:11:57,704 [ERROR] LogOutputStream:75 - [STDERR_REDIRECT] 
2026-01-11 14:11:58,708 [ERROR] LogOutputStream:75 - [STDERR_REDIRECT] [Fatal Error] :1:1: Premature end of file.
2026-01-11 14:11:58,708 [ERROR] LogOutputStream:75 - [STDERR_REDIRECT] 
2026-01-11 14:11:59,705 [ERROR] LogOutputStream:75 - [STDERR_REDIRECT] [Fatal Error] :1:1: Premature end of file.
2026-01-11 14:11:59,705 [ERROR] LogOutputStream:75 - [STDERR_REDIRECT] 
2026-01-11 14:12:00,705 [ERROR] LogOutputStream:75 - [STDERR_REDIRECT] [Fatal Error] :1:1: Premature end of file.
2026-01-11 14:12:00,705 [ERROR] LogOutputStream:75 - [STDERR_REDIRECT] 
2026-01-11 14:12:01,705 [ERROR] LogOutputStream:75 - [STDERR_REDIRECT] [Fatal Error] :1:1: Premature end of file.
2026-01-11 14:12:01,705 [ERROR] LogOutputStream:75 - [STDERR_REDIRECT] 
2026-01-11 14:12:02,712 [ERROR] LogOutputStream:75 - [STDERR_REDIRECT] [Fatal Error] :1:1: Premature end of file.
2026-01-11 14:12:02,712 [ERROR] LogOutputStream:75 - [STDERR_REDIRECT] 
2026-01-11 14:12:03,711 [ERROR] LogOutputStream:75 - [STDERR_REDIRECT] [Fatal Error] :1:1: Premature end of file.
2026-01-11 14:12:03,711 [ERROR] LogOutputStream:75 - [STDERR_REDIRECT] 
2026-01-11 14:12:04,715 [ERROR] LogOutputStream:75 - [STDERR_REDIRECT] [Fatal Error] :1:1: Premature end of file.
2026-01-11 14:12:04,715 [ERROR] LogOutputStream:75 - [STDERR_REDIRECT] 
2026-01-11 14:12:05,712 [ERROR] LogOutputStream:75 - [STDERR_REDIRECT] [Fatal Error] :1:1: Premature end of file.
2026-01-11 14:12:05,712 [ERROR] LogOutputStream:75 - [STDERR_REDIRECT] 
2026-01-11 14:12:06,715 [ERROR] LogOutputStream:75 - [STDERR_REDIRECT] [Fatal Error] :1:1: Premature end of file.
2026-01-11 14:12:06,716 [ERROR] LogOutputStream:75 - [STDERR_REDIRECT] 
2026-01-11 14:12:07,705 [ERROR] LogOutputStream:75 - [STDERR_REDIRECT] [Fatal Error] :1:1: Premature end of file.
2026-01-11 14:12:07,705 [ERROR] LogOutputStream:75 - [STDERR_REDIRECT] 
2026-01-11 14:12:08,706 [ERROR] LogOutputStream:75 - [STDERR_REDIRECT] [Fatal Error] :1:1: Premature end of file.
2026-01-11 14:12:08,706 [ERROR] LogOutputStream:75 - [STDERR_REDIRECT] 
2026-01-11 14:12:09,704 [ERROR] LogOutputStream:75 - [STDERR_REDIRECT] [Fatal Error] :1:1: Premature end of file.
2026-01-11 14:12:09,704 [ERROR] LogOutputStream:75 - [STDERR_REDIRECT] 
2026-01-11 14:12:10,706 [ERROR] LogOutputStream:75 - [STDERR_REDIRECT] [Fatal Error] :1:1: Premature end of file.
2026-01-11 14:12:10,706 [ERROR] LogOutputStream:75 - [STDERR_REDIRECT] 
2026-01-11 14:12:11,704 [ERROR] LogOutputStream:75 - [STDERR_REDIRECT] [Fatal Error] :1:1: Premature end of file.
2026-01-11 14:12:11,704 [ERROR] LogOutputStream:75 - [STDERR_REDIRECT] 
2026-01-11 14:12:12,704 [ERROR] LogOutputStream:75 - [STDERR_REDIRECT] [Fatal Error] :1:1: Premature end of file.
2026-01-11 14:12:12,704 [ERROR] LogOutputStream:75 - [STDERR_REDIRECT] 
2026-01-11 14:12:13,704 [ERROR] LogOutputStream:75 - [STDERR_REDIRECT] [Fatal Error] :1:1: Premature end of file.
2026-01-11 14:12:13,704 [ERROR] LogOutputStream:75 - [STDERR_REDIRECT] 
2026-01-11 14:12:14,706 [ERROR] LogOutputStream:75 - [STDERR_REDIRECT] [Fatal Error] :1:1: Premature end of file.
2026-01-11 14:12:14,706 [ERROR] LogOutputStream:75 - [STDERR_REDIRECT] 
2026-01-11 14:12:15,706 [ERROR] LogOutputStream:75 - [STDERR_REDIRECT] [Fatal Error] :1:1: Premature end of file.
2026-01-11 14:12:15,706 [ERROR] LogOutputStream:75 - [STDERR_REDIRECT] 
2026-01-11 14:12:16,712 [ERROR] LogOutputStream:75 - [STDERR_REDIRECT] [Fatal Error] :1:1: Premature end of file.
2026-01-11 14:12:16,713 [ERROR] LogOutputStream:75 - [STDERR_REDIRECT] 
2026-01-11 14:12:17,725 [ERROR] LogOutputStream:75 - [STDERR_REDIRECT] [Fatal Error] :1:1: Premature end of file.
2026-01-11 14:12:17,725 [ERROR] LogOutputStream:75 - [STDERR_REDIRECT] 
2026-01-11 14:12:18,710 [ERROR] LogOutputStream:75 - [STDERR_REDIRECT] [Fatal Error] :1:1: Premature end of file.
2026-01-11 14:12:18,710 [ERROR] LogOutputStream:75 - [STDERR_REDIRECT] 
2026-01-11 14:12:19,721 [ERROR] LogOutputStream:75 - [STDERR_REDIRECT] [Fatal Error] :1:1: Premature end of file.
2026-01-11 14:12:19,721 [ERROR] LogOutputStream:75 - [STDERR_REDIRECT] 
2026-01-11 14:12:20,709 [ERROR] LogOutputStream:75 - [STDERR_REDIRECT] [Fatal Error] :1:1: Premature end of file.
2026-01-11 14:12:20,710 [ERROR] LogOutputStream:75 - [STDERR_REDIRECT] 
2026-01-11 14:12:21,728 [ERROR] LogOutputStream:75 - [STDERR_REDIRECT] [Fatal Error] :1:1: Premature end of file.
2026-01-11 14:12:21,728 [ERROR] LogOutputStream:75 - [STDERR_REDIRECT] 
2026-01-11 14:12:22,713 [ERROR] LogOutputStream:75 - [STDERR_REDIRECT] [Fatal Error] :1:1: Premature end of file.
2026-01-11 14:12:22,714 [ERROR] LogOutputStream:75 - [STDERR_REDIRECT] 
2026-01-11 14:12:23,706 [ERROR] LogOutputStream:75 - [STDERR_REDIRECT] [Fatal Error] :1:1: Premature end of file.
2026-01-11 14:12:23,706 [ERROR] LogOutputStream:75 - [STDERR_REDIRECT] 
2026-01-11 14:12:24,708 [ERROR] LogOutputStream:75 - [STDERR_REDIRECT] [Fatal Error] :1:1: Premature end of file.
2026-01-11 14:12:24,708 [ERROR] LogOutputStream:75 - [STDERR_REDIRECT] 
2026-01-11 14:12:25,706 [ERROR] LogOutputStream:75 - [STDERR_REDIRECT] [Fatal Error] :1:1: Premature end of file.
2026-01-11 14:12:25,706 [ERROR] LogOutputStream:75 - [STDERR_REDIRECT] 
2026-01-11 14:12:26,706 [ERROR] LogOutputStream:75 - [STDERR_REDIRECT] [Fatal Error] :1:1: Premature end of file.
2026-01-11 14:12:26,706 [ERROR] LogOutputStream:75 - [STDERR_REDIRECT] 
2026-01-11 14:12:27,706 [ERROR] LogOutputStream:75 - [STDERR_REDIRECT] [Fatal Error] :1:1: Premature end of file.
2026-01-11 14:12:27,706 [ERROR] LogOutputStream:75 - [STDERR_REDIRECT] 
2026-01-11 14:12:28,703 [ERROR] LogOutputStream:75 - [STDERR_REDIRECT] [Fatal Error] :1:1: Premature end of file.
2026-01-11 14:12:28,703 [ERROR] LogOutputStream:75 - [STDERR_REDIRECT] 
2026-01-11 14:12:29,705 [ERROR] LogOutputStream:75 - [STDERR_REDIRECT] [Fatal Error] :1:1: Premature end of file.
2026-01-11 14:12:29,705 [ERROR] LogOutputStream:75 - [STDERR_REDIRECT] 
2026-01-11 14:12:30,705 [ERROR] LogOutputStream:75 - [STDERR_REDIRECT] [Fatal Error] :1:1: Premature end of file.
2026-01-11 14:12:30,706 [ERROR] LogOutputStream:75 - [STDERR_REDIRECT] 
2026-01-11 14:12:31,704 [ERROR] LogOutputStream:75 - [STDERR_REDIRECT] [Fatal Error] :1:1: Premature end of file.
2026-01-11 14:12:31,704 [ERROR] LogOutputStream:75 - [STDERR_REDIRECT] 
2026-01-11 14:12:32,705 [ERROR] LogOutputStream:75 - [STDERR_REDIRECT] [Fatal Error] :1:1: Premature end of file.
2026-01-11 14:12:32,705 [ERROR] LogOutputStream:75 - [STDERR_REDIRECT] 
2026-01-11 14:12:33,706 [ERROR] LogOutputStream:75 - [STDERR_REDIRECT] [Fatal Error] :1:1: Premature end of file.
2026-01-11 14:12:33,706 [ERROR] LogOutputStream:75 - [STDERR_REDIRECT] 
2026-01-11 14:12:34,703 [ERROR] LogOutputStream:75 - [STDERR_REDIRECT] [Fatal Error] :1:1: Premature end of file.
2026-01-11 14:12:34,704 [ERROR] LogOutputStream:75 - [STDERR_REDIRECT] 
2026-01-11 14:12:35,704 [ERROR] LogOutputStream:75 - [STDERR_REDIRECT] [Fatal Error] :1:1: Premature end of file.
2026-01-11 14:12:35,704 [ERROR] LogOutputStream:75 - [STDERR_REDIRECT] 
2026-01-11 14:12:36,705 [ERROR] LogOutputStream:75 - [STDERR_REDIRECT] [Fatal Error] :1:1: Premature end of file.
2026-01-11 14:12:36,705 [ERROR] LogOutputStream:75 - [STDERR_REDIRECT] 
2026-01-11 14:12:37,703 [ERROR] LogOutputStream:75 - [STDERR_REDIRECT] [Fatal Error] :1:1: Premature end of file.
2026-01-11 14:12:37,703 [ERROR] LogOutputStream:75 - [STDERR_REDIRECT] 
2026-01-11 14:12:38,705 [ERROR] LogOutputStream:75 - [STDERR_REDIRECT] [Fatal Error] :1:1: Premature end of file.
2026-01-11 14:12:38,705 [ERROR] LogOutputStream:75 - [STDERR_REDIRECT] 
2026-01-11 14:12:39,703 [ERROR] LogOutputStream:75 - [STDERR_REDIRECT] [Fatal Error] :1:1: Premature end of file.
2026-01-11 14:12:39,703 [ERROR] LogOutputStream:75 - [STDERR_REDIRECT] 
2026-01-11 14:12:40,703 [ERROR] LogOutputStream:75 - [STDERR_REDIRECT] [Fatal Error] :1:1: Premature end of file.
2026-01-11 14:12:40,703 [ERROR] LogOutputStream:75 - [STDERR_REDIRECT] 
2026-01-11 14:12:41,706 [ERROR] LogOutputStream:75 - [STDERR_REDIRECT] [Fatal Error] :1:1: Premature end of file.
2026-01-11 14:12:41,706 [ERROR] LogOutputStream:75 - [STDERR_REDIRECT] 
2026-01-11 14:12:42,705 [ERROR] LogOutputStream:75 - [STDERR_REDIRECT] [Fatal Error] :1:1: Premature end of file.
2026-01-11 14:12:42,705 [ERROR] LogOutputStream:75 - [STDERR_REDIRECT] 
2026-01-11 14:12:43,705 [ERROR] LogOutputStream:75 - [STDERR_REDIRECT] [Fatal Error] :1:1: Premature end of file.
2026-01-11 14:12:43,705 [ERROR] LogOutputStream:75 - [STDERR_REDIRECT] 
2026-01-11 14:12:44,705 [ERROR] LogOutputStream:75 - [STDERR_REDIRECT] [Fatal Error] :1:1: Premature end of file.
2026-01-11 14:12:44,705 [ERROR] LogOutputStream:75 - [STDERR_REDIRECT] 
2026-01-11 14:12:45,706 [ERROR] LogOutputStream:75 - [STDERR_REDIRECT] [Fatal Error] :1:1: Premature end of file.
2026-01-11 14:12:45,706 [ERROR] LogOutputStream:75 - [STDERR_REDIRECT] 
2026-01-11 14:12:46,704 [ERROR] LogOutputStream:75 - [STDERR_REDIRECT] [Fatal Error] :1:1: Premature end of file.
2026-01-11 14:12:46,704 [ERROR] LogOutputStream:75 - [STDERR_REDIRECT] 
2026-01-11 14:12:47,705 [ERROR] LogOutputStream:75 - [STDERR_REDIRECT] [Fatal Error] :1:1: Premature end of file.
2026-01-11 14:12:47,705 [ERROR] LogOutputStream:75 - [STDERR_REDIRECT] 
2026-01-11 14:12:48,704 [ERROR] LogOutputStream:75 - [STDERR_REDIRECT] [Fatal Error] :1:1: Premature end of file.
2026-01-11 14:12:48,704 [ERROR] LogOutputStream:75 - [STDERR_REDIRECT] 
2026-01-11 14:12:49,703 [ERROR] LogOutputStream:75 - [STDERR_REDIRECT] [Fatal Error] :1:1: Premature end of file.
2026-01-11 14:12:49,703 [ERROR] LogOutputStream:75 - [STDERR_REDIRECT] 
2026-01-11 14:12:50,703 [ERROR] LogOutputStream:75 - [STDERR_REDIRECT] [Fatal Error] :1:1: Premature end of file.
2026-01-11 14:12:50,703 [ERROR] LogOutputStream:75 - [STDERR_REDIRECT] 
2026-01-11 14:12:51,709 [ERROR] LogOutputStream:75 - [STDERR_REDIRECT] [Fatal Error] :1:1: Premature end of file.
2026-01-11 14:12:51,709 [ERROR] LogOutputStream:75 - [STDERR_REDIRECT] 
2026-01-11 14:12:52,714 [ERROR] LogOutputStream:75 - [STDERR_REDIRECT] [Fatal Error] :1:1: Premature end of file.
2026-01-11 14:12:52,714 [ERROR] LogOutputStream:75 - [STDERR_REDIRECT] 
2026-01-11 14:12:53,704 [ERROR] LogOutputStream:75 - [STDERR_REDIRECT] [Fatal Error] :1:1: Premature end of file.
2026-01-11 14:12:53,704 [ERROR] LogOutputStream:75 - [STDERR_REDIRECT] 
2026-01-11 14:12:54,708 [ERROR] LogOutputStream:75 - [STDERR_REDIRECT] [Fatal Error] :1:1: Premature end of file.
2026-01-11 14:12:54,708 [ERROR] LogOutputStream:75 - [STDERR_REDIRECT] 
2026-01-11 14:12:55,706 [ERROR] LogOutputStream:75 - [STDERR_REDIRECT] [Fatal Error] :1:1: Premature end of file.
2026-01-11 14:12:55,706 [ERROR] LogOutputStream:75 - [STDERR_REDIRECT] 
2026-01-11 14:12:56,705 [ERROR] LogOutputStream:75 - [STDERR_REDIRECT] [Fatal Error] :1:1: Premature end of file.
2026-01-11 14:12:56,705 [ERROR] LogOutputStream:75 - [STDERR_REDIRECT] 
2026-01-11 14:12:57,708 [ERROR] LogOutputStream:75 - [STDERR_REDIRECT] [Fatal Error] :1:1: Premature end of file.
2026-01-11 14:12:57,708 [ERROR] LogOutputStream:75 - [STDERR_REDIRECT] 
2026-01-11 14:12:58,709 [ERROR] LogOutputStream:75 - [STDERR_REDIRECT] [Fatal Error] :1:1: Premature end of file.
2026-01-11 14:12:58,710 [ERROR] LogOutputStream:75 - [STDERR_REDIRECT] 
2026-01-11 14:12:59,712 [ERROR] LogOutputStream:75 - [STDERR_REDIRECT] [Fatal Error] :1:1: Premature end of file.
2026-01-11 14:12:59,712 [ERROR] LogOutputStream:75 - [STDERR_REDIRECT] 
2026-01-11 14:13:00,709 [ERROR] LogOutputStream:75 - [STDERR_REDIRECT] [Fatal Error] :1:1: Premature end of file.
2026-01-11 14:13:00,709 [ERROR] LogOutputStream:75 - [STDERR_REDIRECT] 
2026-01-11 14:13:01,705 [ERROR] LogOutputStream:75 - [STDERR_REDIRECT] [Fatal Error] :1:1: Premature end of file.
2026-01-11 14:13:01,705 [ERROR] LogOutputStream:75 - [STDERR_REDIRECT] 
2026-01-11 14:13:02,706 [ERROR] LogOutputStream:75 - [STDERR_REDIRECT] [Fatal Error] :1:1: Premature end of file.
2026-01-11 14:13:02,706 [ERROR] LogOutputStream:75 - [STDERR_REDIRECT] 
2026-01-11 14:13:03,703 [ERROR] LogOutputStream:75 - [STDERR_REDIRECT] [Fatal Error] :1:1: Premature end of file.
2026-01-11 14:13:03,704 [ERROR] LogOutputStream:75 - [STDERR_REDIRECT] 
2026-01-11 14:13:04,707 [ERROR] LogOutputStream:75 - [STDERR_REDIRECT] [Fatal Error] :1:1: Premature end of file.
2026-01-11 14:13:04,707 [ERROR] LogOutputStream:75 - [STDERR_REDIRECT] 
2026-01-11 14:13:05,716 [ERROR] LogOutputStream:75 - [STDERR_REDIRECT] [Fatal Error] :1:1: Premature end of file.
2026-01-11 14:13:05,716 [ERROR] LogOutputStream:75 - [STDERR_REDIRECT] 
2026-01-11 14:13:06,708 [ERROR] LogOutputStream:75 - [STDERR_REDIRECT] [Fatal Error] :1:1: Premature end of file.
2026-01-11 14:13:06,708 [ERROR] LogOutputStream:75 - [STDERR_REDIRECT] 
2026-01-11 14:13:07,705 [ERROR] LogOutputStream:75 - [STDERR_REDIRECT] [Fatal Error] :1:1: Premature end of file.
2026-01-11 14:13:07,705 [ERROR] LogOutputStream:75 - [STDERR_REDIRECT] 
2026-01-11 14:13:08,704 [ERROR] LogOutputStream:75 - [STDERR_REDIRECT] [Fatal Error] :1:1: Premature end of file.
2026-01-11 14:13:08,704 [ERROR] LogOutputStream:75 - [STDERR_REDIRECT] 
2026-01-11 14:13:09,709 [ERROR] LogOutputStream:75 - [STDERR_REDIRECT] [Fatal Error] :1:1: Premature end of file.
2026-01-11 14:13:09,709 [ERROR] LogOutputStream:75 - [STDERR_REDIRECT] 
2026-01-11 14:13:10,706 [ERROR] LogOutputStream:75 - [STDERR_REDIRECT] [Fatal Error] :1:1: Premature end of file.
2026-01-11 14:13:10,706 [ERROR] LogOutputStream:75 - [STDERR_REDIRECT] 
2026-01-11 14:13:11,703 [ERROR] LogOutputStream:75 - [STDERR_REDIRECT] [Fatal Error] :1:1: Premature end of file.
2026-01-11 14:13:11,704 [ERROR] LogOutputStream:75 - [STDERR_REDIRECT] 
2026-01-11 14:13:12,707 [ERROR] LogOutputStream:75 - [STDERR_REDIRECT] [Fatal Error] :1:1: Premature end of file.
2026-01-11 14:13:12,707 [ERROR] LogOutputStream:75 - [STDERR_REDIRECT] 
2026-01-11 14:13:13,703 [ERROR] LogOutputStream:75 - [STDERR_REDIRECT] [Fatal Error] :1:1: Premature end of file.
2026-01-11 14:13:13,704 [ERROR] LogOutputStream:75 - [STDERR_REDIRECT] 
2026-01-11 14:13:14,705 [ERROR] LogOutputStream:75 - [STDERR_REDIRECT] [Fatal Error] :1:1: Premature end of file.
2026-01-11 14:13:14,705 [ERROR] LogOutputStream:75 - [STDERR_REDIRECT] 
2026-01-11 14:13:15,705 [ERROR] LogOutputStream:75 - [STDERR_REDIRECT] [Fatal Error] :1:1: Premature end of file.
2026-01-11 14:13:15,706 [ERROR] LogOutputStream:75 - [STDERR_REDIRECT] 
2026-01-11 14:13:16,705 [ERROR] LogOutputStream:75 - [STDERR_REDIRECT] [Fatal Error] :1:1: Premature end of file.
2026-01-11 14:13:16,705 [ERROR] LogOutputStream:75 - [STDERR_REDIRECT] 
2026-01-11 14:13:17,716 [ERROR] LogOutputStream:75 - [STDERR_REDIRECT] [Fatal Error] :1:1: Premature end of file.
2026-01-11 14:13:17,716 [ERROR] LogOutputStream:75 - [STDERR_REDIRECT] 
2026-01-11 14:13:18,710 [ERROR] LogOutputStream:75 - [STDERR_REDIRECT] [Fatal Error] :1:1: Premature end of file.
2026-01-11 14:13:18,711 [ERROR] LogOutputStream:75 - [STDERR_REDIRECT] 
2026-01-11 14:13:19,704 [ERROR] LogOutputStream:75 - [STDERR_REDIRECT] [Fatal Error] :1:1: Premature end of file.
2026-01-11 14:13:19,704 [ERROR] LogOutputStream:75 - [STDERR_REDIRECT] 
2026-01-11 14:13:20,715 [ERROR] LogOutputStream:75 - [STDERR_REDIRECT] [Fatal Error] :1:1: Premature end of file.
2026-01-11 14:13:20,715 [ERROR] LogOutputStream:75 - [STDERR_REDIRECT] 
2026-01-11 14:13:21,712 [ERROR] LogOutputStream:75 - [STDERR_REDIRECT] [Fatal Error] :1:1: Premature end of file.
2026-01-11 14:13:21,712 [ERROR] LogOutputStream:75 - [STDERR_REDIRECT] 
2026-01-11 14:13:22,724 [ERROR] LogOutputStream:75 - [STDERR_REDIRECT] [Fatal Error] :1:1: Premature end of file.
2026-01-11 14:13:22,724 [ERROR] LogOutputStream:75 - [STDERR_REDIRECT] 
2026-01-11 14:13:23,704 [ERROR] LogOutputStream:75 - [STDERR_REDIRECT] [Fatal Error] :1:1: Premature end of file.
2026-01-11 14:13:23,704 [ERROR] LogOutputStream:75 - [STDERR_REDIRECT] 
2026-01-11 14:13:24,711 [ERROR] LogOutputStream:75 - [STDERR_REDIRECT] [Fatal Error] :1:1: Premature end of file.
2026-01-11 14:13:24,711 [ERROR] LogOutputStream:75 - [STDERR_REDIRECT] 
2026-01-11 14:13:25,711 [ERROR] LogOutputStream:75 - [STDERR_REDIRECT] [Fatal Error] :1:1: Premature end of file.
2026-01-11 14:13:25,711 [ERROR] LogOutputStream:75 - [STDERR_REDIRECT] 
2026-01-11 14:13:26,707 [ERROR] LogOutputStream:75 - [STDERR_REDIRECT] [Fatal Error] :1:1: Premature end of file.
2026-01-11 14:13:26,707 [ERROR] LogOutputStream:75 - [STDERR_REDIRECT] 
2026-01-11 14:13:27,710 [ERROR] LogOutputStream:75 - [STDERR_REDIRECT] [Fatal Error] :1:1: Premature end of file.
2026-01-11 14:13:27,710 [ERROR] LogOutputStream:75 - [STDERR_REDIRECT] 
2026-01-11 14:13:28,713 [ERROR] LogOutputStream:75 - [STDERR_REDIRECT] [Fatal Error] :1:1: Premature end of file.
2026-01-11 14:13:28,713 [ERROR] LogOutputStream:75 - [STDERR_REDIRECT] 
2026-01-11 14:13:29,706 [ERROR] LogOutputStream:75 - [STDERR_REDIRECT] [Fatal Error] :1:1: Premature end of file.
2026-01-11 14:13:29,706 [ERROR] LogOutputStream:75 - [STDERR_REDIRECT] 
2026-01-11 14:13:30,705 [ERROR] LogOutputStream:75 - [STDERR_REDIRECT] [Fatal Error] :1:1: Premature end of file.
2026-01-11 14:13:30,705 [ERROR] LogOutputStream:75 - [STDERR_REDIRECT] 
2026-01-11 14:13:31,708 [ERROR] LogOutputStream:75 - [STDERR_REDIRECT] [Fatal Error] :1:1: Premature end of file.
2026-01-11 14:13:31,708 [ERROR] LogOutputStream:75 - [STDERR_REDIRECT] 
2026-01-11 14:13:32,707 [ERROR] LogOutputStream:75 - [STDERR_REDIRECT] [Fatal Error] :1:1: Premature end of file.
2026-01-11 14:13:32,707 [ERROR] LogOutputStream:75 - [STDERR_REDIRECT] 
2026-01-11 14:13:33,704 [ERROR] LogOutputStream:75 - [STDERR_REDIRECT] [Fatal Error] :1:1: Premature end of file.
2026-01-11 14:13:33,704 [ERROR] LogOutputStream:75 - [STDERR_REDIRECT] 
2026-01-11 14:13:34,704 [ERROR] LogOutputStream:75 - [STDERR_REDIRECT] [Fatal Error] :1:1: Premature end of file.
2026-01-11 14:13:34,704 [ERROR] LogOutputStream:75 - [STDERR_REDIRECT] 
2026-01-11 14:13:35,706 [ERROR] LogOutputStream:75 - [STDERR_REDIRECT] [Fatal Error] :1:1: Premature end of file.
2026-01-11 14:13:35,706 [ERROR] LogOutputStream:75 - [STDERR_REDIRECT] 
2026-01-11 14:13:36,711 [ERROR] LogOutputStream:75 - [STDERR_REDIRECT] [Fatal Error] :1:1: Premature end of file.
2026-01-11 14:13:36,711 [ERROR] LogOutputStream:75 - [STDERR_REDIRECT] 
2026-01-11 14:13:37,708 [ERROR] LogOutputStream:75 - [STDERR_REDIRECT] [Fatal Error] :1:1: Premature end of file.
2026-01-11 14:13:37,708 [ERROR] LogOutputStream:75 - [STDERR_REDIRECT] 
2026-01-11 14:13:38,705 [ERROR] LogOutputStream:75 - [STDERR_REDIRECT] [Fatal Error] :1:1: Premature end of file.
2026-01-11 14:13:38,705 [ERROR] LogOutputStream:75 - [STDERR_REDIRECT] 
2026-01-11 14:13:39,704 [ERROR] LogOutputStream:75 - [STDERR_REDIRECT] [Fatal Error] :1:1: Premature end of file.
2026-01-11 14:13:39,704 [ERROR] LogOutputStream:75 - [STDERR_REDIRECT] 
2026-01-11 14:13:40,711 [ERROR] LogOutputStream:75 - [STDERR_REDIRECT] [Fatal Error] :1:1: Premature end of file.
2026-01-11 14:13:40,711 [ERROR] LogOutputStream:75 - [STDERR_REDIRECT] 
2026-01-11 14:13:41,708 [ERROR] LogOutputStream:75 - [STDERR_REDIRECT] [Fatal Error] :1:1: Premature end of file.
2026-01-11 14:13:41,708 [ERROR] LogOutputStream:75 - [STDERR_REDIRECT] 
2026-01-11 14:13:42,704 [ERROR] LogOutputStream:75 - [STDERR_REDIRECT] [Fatal Error] :1:1: Premature end of file.
2026-01-11 14:13:42,704 [ERROR] LogOutputStream:75 - [STDERR_REDIRECT] 
2026-01-11 14:13:43,709 [ERROR] LogOutputStream:75 - [STDERR_REDIRECT] [Fatal Error] :1:1: Premature end of file.
2026-01-11 14:13:43,709 [ERROR] LogOutputStream:75 - [STDERR_REDIRECT] 
2026-01-11 14:13:44,713 [ERROR] LogOutputStream:75 - [STDERR_REDIRECT] [Fatal Error] :1:1: Premature end of file.
2026-01-11 14:13:44,713 [ERROR] LogOutputStream:75 - [STDERR_REDIRECT] 
2026-01-11 14:13:45,705 [ERROR] LogOutputStream:75 - [STDERR_REDIRECT] [Fatal Error] :1:1: Premature end of file.
2026-01-11 14:13:45,705 [ERROR] LogOutputStream:75 - [STDERR_REDIRECT] 
2026-01-11 14:13:46,705 [ERROR] LogOutputStream:75 - [STDERR_REDIRECT] [Fatal Error] :1:1: Premature end of file.
2026-01-11 14:13:46,705 [ERROR] LogOutputStream:75 - [STDERR_REDIRECT] 
2026-01-11 14:13:47,704 [ERROR] LogOutputStream:75 - [STDERR_REDIRECT] [Fatal Error] :1:1: Premature end of file.
2026-01-11 14:13:47,704 [ERROR] LogOutputStream:75 - [STDERR_REDIRECT] 
2026-01-11 14:13:48,713 [ERROR] LogOutputStream:75 - [STDERR_REDIRECT] [Fatal Error] :1:1: Premature end of file.
2026-01-11 14:13:48,713 [ERROR] LogOutputStream:75 - [STDERR_REDIRECT] 
2026-01-11 14:13:49,710 [ERROR] LogOutputStream:75 - [STDERR_REDIRECT] [Fatal Error] :1:1: Premature end of file.
2026-01-11 14:13:49,711 [ERROR] LogOutputStream:75 - [STDERR_REDIRECT] 
2026-01-11 14:13:50,713 [ERROR] LogOutputStream:75 - [STDERR_REDIRECT] [Fatal Error] :1:1: Premature end of file.
2026-01-11 14:13:50,713 [ERROR] LogOutputStream:75 - [STDERR_REDIRECT] 
2026-01-11 14:13:51,706 [ERROR] LogOutputStream:75 - [STDERR_REDIRECT] [Fatal Error] :1:1: Premature end of file.
2026-01-11 14:13:51,707 [ERROR] LogOutputStream:75 - [STDERR_REDIRECT] 
2026-01-11 14:13:52,704 [ERROR] LogOutputStream:75 - [STDERR_REDIRECT] [Fatal Error] :1:1: Premature end of file.
2026-01-11 14:13:52,704 [ERROR] LogOutputStream:75 - [STDERR_REDIRECT] 
2026-01-11 14:13:53,715 [ERROR] LogOutputStream:75 - [STDERR_REDIRECT] [Fatal Error] :1:1: Premature end of file.
2026-01-11 14:13:53,715 [ERROR] LogOutputStream:75 - [STDERR_REDIRECT] 
2026-01-11 14:13:54,711 [ERROR] LogOutputStream:75 - [STDERR_REDIRECT] [Fatal Error] :1:1: Premature end of file.
2026-01-11 14:13:54,711 [ERROR] LogOutputStream:75 - [STDERR_REDIRECT] 
2026-01-11 14:13:55,714 [ERROR] LogOutputStream:75 - [STDERR_REDIRECT] [Fatal Error] :1:1: Premature end of file.
2026-01-11 14:13:55,714 [ERROR] LogOutputStream:75 - [STDERR_REDIRECT] 
2026-01-11 14:13:56,704 [ERROR] LogOutputStream:75 - [STDERR_REDIRECT] [Fatal Error] :1:1: Premature end of file.
2026-01-11 14:13:56,704 [ERROR] LogOutputStream:75 - [STDERR_REDIRECT] 
2026-01-11 14:13:57,705 [ERROR] LogOutputStream:75 - [STDERR_REDIRECT] [Fatal Error] :1:1: Premature end of file.
2026-01-11 14:13:57,706 [ERROR] LogOutputStream:75 - [STDERR_REDIRECT] 
2026-01-11 14:13:58,704 [ERROR] LogOutputStream:75 - [STDERR_REDIRECT] [Fatal Error] :1:1: Premature end of file.
2026-01-11 14:13:58,705 [ERROR] LogOutputStream:75 - [STDERR_REDIRECT] 
2026-01-11 14:13:59,704 [ERROR] LogOutputStream:75 - [STDERR_REDIRECT] [Fatal Error] :1:1: Premature end of file.
2026-01-11 14:13:59,704 [ERROR] LogOutputStream:75 - [STDERR_REDIRECT] 
2026-01-11 14:14:00,705 [ERROR] LogOutputStream:75 - [STDERR_REDIRECT] [Fatal Error] :1:1: Premature end of file.
2026-01-11 14:14:00,705 [ERROR] LogOutputStream:75 - [STDERR_REDIRECT] 
2026-01-11 14:14:01,708 [ERROR] LogOutputStream:75 - [STDERR_REDIRECT] [Fatal Error] :1:1: Premature end of file.
2026-01-11 14:14:01,708 [ERROR] LogOutputStream:75 - [STDERR_REDIRECT] 
2026-01-11 14:14:02,704 [ERROR] LogOutputStream:75 - [STDERR_REDIRECT] [Fatal Error] :1:1: Premature end of file.
2026-01-11 14:14:02,704 [ERROR] LogOutputStream:75 - [STDERR_REDIRECT] 
2026-01-11 14:14:03,705 [ERROR] LogOutputStream:75 - [STDERR_REDIRECT] [Fatal Error] :1:1: Premature end of file.
2026-01-11 14:14:03,705 [ERROR] LogOutputStream:75 - [STDERR_REDIRECT] 
2026-01-11 14:14:04,704 [ERROR] LogOutputStream:75 - [STDERR_REDIRECT] [Fatal Error] :1:1: Premature end of file.
2026-01-11 14:14:04,704 [ERROR] LogOutputStream:75 - [STDERR_REDIRECT] 
2026-01-11 14:14:05,704 [ERROR] LogOutputStream:75 - [STDERR_REDIRECT] [Fatal Error] :1:1: Premature end of file.
2026-01-11 14:14:05,704 [ERROR] LogOutputStream:75 - [STDERR_REDIRECT] 
2026-01-11 14:14:06,703 [ERROR] LogOutputStream:75 - [STDERR_REDIRECT] [Fatal Error] :1:1: Premature end of file.
2026-01-11 14:14:06,703 [ERROR] LogOutputStream:75 - [STDERR_REDIRECT] 
2026-01-11 14:14:07,709 [ERROR] LogOutputStream:75 - [STDERR_REDIRECT] [Fatal Error] :1:1: Premature end of file.
2026-01-11 14:14:07,709 [ERROR] LogOutputStream:75 - [STDERR_REDIRECT] 
2026-01-11 14:14:08,710 [ERROR] LogOutputStream:75 - [STDERR_REDIRECT] [Fatal Error] :1:1: Premature end of file.
2026-01-11 14:14:08,710 [ERROR] LogOutputStream:75 - [STDERR_REDIRECT] 
2026-01-11 14:14:09,720 [ERROR] LogOutputStream:75 - [STDERR_REDIRECT] [Fatal Error] :1:1: Premature end of file.
2026-01-11 14:14:09,720 [ERROR] LogOutputStream:75 - [STDERR_REDIRECT] 
2026-01-11 14:14:10,708 [ERROR] LogOutputStream:75 - [STDERR_REDIRECT] [Fatal Error] :1:1: Premature end of file.
2026-01-11 14:14:10,708 [ERROR] LogOutputStream:75 - [STDERR_REDIRECT] 
2026-01-11 14:14:11,711 [ERROR] LogOutputStream:75 - [STDERR_REDIRECT] [Fatal Error] :1:1: Premature end of file.
2026-01-11 14:14:11,711 [ERROR] LogOutputStream:75 - [STDERR_REDIRECT] 
2026-01-11 14:14:12,704 [ERROR] LogOutputStream:75 - [STDERR_REDIRECT] [Fatal Error] :1:1: Premature end of file.
2026-01-11 14:14:12,704 [ERROR] LogOutputStream:75 - [STDERR_REDIRECT] 
2026-01-11 14:14:13,710 [ERROR] LogOutputStream:75 - [STDERR_REDIRECT] [Fatal Error] :1:1: Premature end of file.
2026-01-11 14:14:13,710 [ERROR] LogOutputStream:75 - [STDERR_REDIRECT] 
2026-01-11 14:14:14,719 [ERROR] LogOutputStream:75 - [STDERR_REDIRECT] [Fatal Error] :1:1: Premature end of file.
2026-01-11 14:14:14,719 [ERROR] LogOutputStream:75 - [STDERR_REDIRECT] 
2026-01-11 14:14:15,714 [ERROR] LogOutputStream:75 - [STDERR_REDIRECT] [Fatal Error] :1:1: Premature end of file.
2026-01-11 14:14:15,714 [ERROR] LogOutputStream:75 - [STDERR_REDIRECT] 
2026-01-11 14:14:16,714 [ERROR] LogOutputStream:75 - [STDERR_REDIRECT] [Fatal Error] :1:1: Premature end of file.
2026-01-11 14:14:16,714 [ERROR] LogOutputStream:75 - [STDERR_REDIRECT] 
2026-01-11 14:14:17,707 [ERROR] LogOutputStream:75 - [STDERR_REDIRECT] [Fatal Error] :1:1: Premature end of file.
2026-01-11 14:14:17,708 [ERROR] LogOutputStream:75 - [STDERR_REDIRECT] 
2026-01-11 14:14:18,709 [ERROR] LogOutputStream:75 - [STDERR_REDIRECT] [Fatal Error] :1:1: Premature end of file.
2026-01-11 14:14:18,709 [ERROR] LogOutputStream:75 - [STDERR_REDIRECT] 
2026-01-11 14:14:19,711 [ERROR] LogOutputStream:75 - [STDERR_REDIRECT] [Fatal Error] :1:1: Premature end of file.
2026-01-11 14:14:19,711 [ERROR] LogOutputStream:75 - [STDERR_REDIRECT] 
2026-01-11 14:14:20,715 [ERROR] LogOutputStream:75 - [STDERR_REDIRECT] [Fatal Error] :1:1: Premature end of file.
2026-01-11 14:14:20,715 [ERROR] LogOutputStream:75 - [STDERR_REDIRECT] 
2026-01-11 14:14:21,711 [ERROR] LogOutputStream:75 - [STDERR_REDIRECT] [Fatal Error] :1:1: Premature end of file.
2026-01-11 14:14:21,711 [ERROR] LogOutputStream:75 - [STDERR_REDIRECT] 
2026-01-11 14:14:22,716 [ERROR] LogOutputStream:75 - [STDERR_REDIRECT] [Fatal Error] :1:1: Premature end of file.
2026-01-11 14:14:22,716 [ERROR] LogOutputStream:75 - [STDERR_REDIRECT] 
2026-01-11 14:14:23,709 [ERROR] LogOutputStream:75 - [STDERR_REDIRECT] [Fatal Error] :1:1: Premature end of file.
2026-01-11 14:14:23,709 [ERROR] LogOutputStream:75 - [STDERR_REDIRECT] 
2026-01-11 14:14:24,705 [ERROR] LogOutputStream:75 - [STDERR_REDIRECT] [Fatal Error] :1:1: Premature end of file.
2026-01-11 14:14:24,705 [ERROR] LogOutputStream:75 - [STDERR_REDIRECT] 
2026-01-11 14:14:25,708 [ERROR] LogOutputStream:75 - [STDERR_REDIRECT] [Fatal Error] :1:1: Premature end of file.
2026-01-11 14:14:25,708 [ERROR] LogOutputStream:75 - [STDERR_REDIRECT] 
2026-01-11 14:14:26,703 [ERROR] LogOutputStream:75 - [STDERR_REDIRECT] [Fatal Error] :1:1: Premature end of file.
2026-01-11 14:14:26,703 [ERROR] LogOutputStream:75 - [STDERR_REDIRECT] 
2026-01-11 14:14:27,703 [ERROR] LogOutputStream:75 - [STDERR_REDIRECT] [Fatal Error] :1:1: Premature end of file.
2026-01-11 14:14:27,703 [ERROR] LogOutputStream:75 - [STDERR_REDIRECT] 
2026-01-11 14:14:28,711 [ERROR] LogOutputStream:75 - [STDERR_REDIRECT] [Fatal Error] :1:1: Premature end of file.
2026-01-11 14:14:28,711 [ERROR] LogOutputStream:75 - [STDERR_REDIRECT] 
2026-01-11 14:14:29,711 [ERROR] LogOutputStream:75 - [STDERR_REDIRECT] [Fatal Error] :1:1: Premature end of file.
2026-01-11 14:14:29,711 [ERROR] LogOutputStream:75 - [STDERR_REDIRECT] 
2026-01-11 14:14:30,710 [ERROR] LogOutputStream:75 - [STDERR_REDIRECT] [Fatal Error] :1:1: Premature end of file.
2026-01-11 14:14:30,710 [ERROR] LogOutputStream:75 - [STDERR_REDIRECT] 
2026-01-11 14:14:31,712 [ERROR] LogOutputStream:75 - [STDERR_REDIRECT] [Fatal Error] :1:1: Premature end of file.
2026-01-11 14:14:31,713 [ERROR] LogOutputStream:75 - [STDERR_REDIRECT] 
2026-01-11 14:14:32,713 [ERROR] LogOutputStream:75 - [STDERR_REDIRECT] [Fatal Error] :1:1: Premature end of file.
2026-01-11 14:14:32,713 [ERROR] LogOutputStream:75 - [STDERR_REDIRECT] 
2026-01-11 14:14:33,715 [ERROR] LogOutputStream:75 - [STDERR_REDIRECT] [Fatal Error] :1:1: Premature end of file.
2026-01-11 14:14:33,716 [ERROR] LogOutputStream:75 - [STDERR_REDIRECT] 
2026-01-11 14:14:34,710 [ERROR] LogOutputStream:75 - [STDERR_REDIRECT] [Fatal Error] :1:1: Premature end of file.
2026-01-11 14:14:34,710 [ERROR] LogOutputStream:75 - [STDERR_REDIRECT] 
2026-01-11 14:14:35,711 [ERROR] LogOutputStream:75 - [STDERR_REDIRECT] [Fatal Error] :1:1: Premature end of file.
2026-01-11 14:14:35,711 [ERROR] LogOutputStream:75 - [STDERR_REDIRECT] 
2026-01-11 14:14:36,703 [ERROR] LogOutputStream:75 - [STDERR_REDIRECT] [Fatal Error] :1:1: Premature end of file.
2026-01-11 14:14:36,703 [ERROR] LogOutputStream:75 - [STDERR_REDIRECT] 
2026-01-11 14:14:37,706 [ERROR] LogOutputStream:75 - [STDERR_REDIRECT] [Fatal Error] :1:1: Premature end of file.
2026-01-11 14:14:37,706 [ERROR] LogOutputStream:75 - [STDERR_REDIRECT] 
2026-01-11 14:14:38,703 [ERROR] LogOutputStream:75 - [STDERR_REDIRECT] [Fatal Error] :1:1: Premature end of file.
2026-01-11 14:14:38,703 [ERROR] LogOutputStream:75 - [STDERR_REDIRECT] 
2026-01-11 14:14:39,705 [ERROR] LogOutputStream:75 - [STDERR_REDIRECT] [Fatal Error] :1:1: Premature end of file.
2026-01-11 14:14:39,705 [ERROR] LogOutputStream:75 - [STDERR_REDIRECT] 
2026-01-11 14:14:40,705 [ERROR] LogOutputStream:75 - [STDERR_REDIRECT] [Fatal Error] :1:1: Premature end of file.
2026-01-11 14:14:40,705 [ERROR] LogOutputStream:75 - [STDERR_REDIRECT] 
2026-01-11 14:14:41,704 [ERROR] LogOutputStream:75 - [STDERR_REDIRECT] [Fatal Error] :1:1: Premature end of file.
2026-01-11 14:14:41,705 [ERROR] LogOutputStream:75 - [STDERR_REDIRECT] 
2026-01-11 14:14:42,705 [ERROR] LogOutputStream:75 - [STDERR_REDIRECT] [Fatal Error] :1:1: Premature end of file.
2026-01-11 14:14:42,705 [ERROR] LogOutputStream:75 - [STDERR_REDIRECT] 
2026-01-11 14:14:43,705 [ERROR] LogOutputStream:75 - [STDERR_REDIRECT] [Fatal Error] :1:1: Premature end of file.
2026-01-11 14:14:43,705 [ERROR] LogOutputStream:75 - [STDERR_REDIRECT] 
2026-01-11 14:14:44,704 [ERROR] LogOutputStream:75 - [STDERR_REDIRECT] [Fatal Error] :1:1: Premature end of file.
2026-01-11 14:14:44,704 [ERROR] LogOutputStream:75 - [STDERR_REDIRECT] 
2026-01-11 14:14:45,706 [ERROR] LogOutputStream:75 - [STDERR_REDIRECT] [Fatal Error] :1:1: Premature end of file.
2026-01-11 14:14:45,706 [ERROR] LogOutputStream:75 - [STDERR_REDIRECT] 
2026-01-11 14:14:46,703 [ERROR] LogOutputStream:75 - [STDERR_REDIRECT] [Fatal Error] :1:1: Premature end of file.
2026-01-11 14:14:46,703 [ERROR] LogOutputStream:75 - [STDERR_REDIRECT] 
2026-01-11 14:14:47,705 [ERROR] LogOutputStream:75 - [STDERR_REDIRECT] [Fatal Error] :1:1: Premature end of file.
2026-01-11 14:14:47,705 [ERROR] LogOutputStream:75 - [STDERR_REDIRECT] 
2026-01-11 14:14:48,704 [ERROR] LogOutputStream:75 - [STDERR_REDIRECT] [Fatal Error] :1:1: Premature end of file.
2026-01-11 14:14:48,704 [ERROR] LogOutputStream:75 - [STDERR_REDIRECT] 
2026-01-11 14:14:49,707 [ERROR] LogOutputStream:75 - [STDERR_REDIRECT] [Fatal Error] :1:1: Premature end of file.
2026-01-11 14:14:49,707 [ERROR] LogOutputStream:75 - [STDERR_REDIRECT] 
2026-01-11 14:14:50,711 [ERROR] LogOutputStream:75 - [STDERR_REDIRECT] [Fatal Error] :1:1: Premature end of file.
2026-01-11 14:14:50,711 [ERROR] LogOutputStream:75 - [STDERR_REDIRECT] 
2026-01-11 14:14:51,715 [ERROR] LogOutputStream:75 - [STDERR_REDIRECT] [Fatal Error] :1:1: Premature end of file.
2026-01-11 14:14:51,715 [ERROR] LogOutputStream:75 - [STDERR_REDIRECT] 
2026-01-11 14:14:52,710 [ERROR] LogOutputStream:75 - [STDERR_REDIRECT] [Fatal Error] :1:1: Premature end of file.
2026-01-11 14:14:52,710 [ERROR] LogOutputStream:75 - [STDERR_REDIRECT] 
2026-01-11 14:14:53,708 [ERROR] LogOutputStream:75 - [STDERR_REDIRECT] [Fatal Error] :1:1: Premature end of file.
2026-01-11 14:14:53,708 [ERROR] LogOutputStream:75 - [STDERR_REDIRECT] 
2026-01-11 14:14:54,720 [ERROR] LogOutputStream:75 - [STDERR_REDIRECT] [Fatal Error] :1:1: Premature end of file.
2026-01-11 14:14:54,720 [ERROR] LogOutputStream:75 - [STDERR_REDIRECT] 
2026-01-11 14:14:55,712 [ERROR] LogOutputStream:75 - [STDERR_REDIRECT] [Fatal Error] :1:1: Premature end of file.
2026-01-11 14:14:55,712 [ERROR] LogOutputStream:75 - [STDERR_REDIRECT] 
2026-01-11 14:14:56,707 [ERROR] LogOutputStream:75 - [STDERR_REDIRECT] [Fatal Error] :1:1: Premature end of file.
2026-01-11 14:14:56,707 [ERROR] LogOutputStream:75 - [STDERR_REDIRECT] 
2026-01-11 14:14:57,710 [ERROR] LogOutputStream:75 - [STDERR_REDIRECT] [Fatal Error] :1:1: Premature end of file.
2026-01-11 14:14:57,710 [ERROR] LogOutputStream:75 - [STDERR_REDIRECT] 
2026-01-11 14:14:58,718 [ERROR] LogOutputStream:75 - [STDERR_REDIRECT] [Fatal Error] :1:1: Premature end of file.
2026-01-11 14:14:58,718 [ERROR] LogOutputStream:75 - [STDERR_REDIRECT] 
2026-01-11 14:14:59,728 [ERROR] LogOutputStream:75 - [STDERR_REDIRECT] [Fatal Error] :1:1: Premature end of file.
2026-01-11 14:14:59,728 [ERROR] LogOutputStream:75 - [STDERR_REDIRECT] 
2026-01-11 14:15:00,716 [ERROR] LogOutputStream:75 - [STDERR_REDIRECT] [Fatal Error] :1:1: Premature end of file.
2026-01-11 14:15:00,717 [ERROR] LogOutputStream:75 - [STDERR_REDIRECT] 
2026-01-11 14:15:01,710 [ERROR] LogOutputStream:75 - [STDERR_REDIRECT] [Fatal Error] :1:1: Premature end of file.
2026-01-11 14:15:01,710 [ERROR] LogOutputStream:75 - [STDERR_REDIRECT] 
2026-01-11 14:15:02,679 [INFO] UtilMem:75 - End SaveConfig() Used Memory: 761010568 Bytes (1073741824)
2026-01-11 14:15:02,785 [ERROR] LogOutputStream:75 - [STDERR_REDIRECT] [Fatal Error] :1:1: Premature end of file.
2026-01-11 14:15:02,785 [ERROR] LogOutputStream:75 - [STDERR_REDIRECT] 
2026-01-11 14:15:03,457 [INFO] UtilMem:75 - End SaveConfig() Used Memory: 795613576 Bytes (1073741824)
2026-01-11 14:15:03,545 [INFO] UtilMem:75 - End SaveConfig() Used Memory: 822876552 Bytes (1073741824)
2026-01-11 14:15:03,706 [ERROR] LogOutputStream:75 - [STDERR_REDIRECT] [Fatal Error] :1:1: Premature end of file.
2026-01-11 14:15:03,706 [ERROR] LogOutputStream:75 - [STDERR_REDIRECT] 
2026-01-11 14:15:03,710 [INFO] BlockDiagram:2775 - set Specific Code input for plugin: SYS
2026-01-11 14:15:03,710 [INFO] BlockDiagram:2775 - set Specific Code input for plugin: RCC
2026-01-11 14:15:03,710 [INFO] BlockDiagram:2775 - set Specific Code input for plugin: I2C
2026-01-11 14:15:03,710 [INFO] BlockDiagram:2775 - set Specific Code input for plugin: USB_OTG_FS
2026-01-11 14:15:03,710 [INFO] BlockDiagram:2775 - set Specific Code input for plugin: NVIC
2026-01-11 14:15:03,710 [INFO] BlockDiagram:2775 - set Specific Code input for plugin: GPIO
2026-01-11 14:15:03,711 [INFO] CodeGenerator:892 - code generatio: config db path: C:\ST\STM32CubeIDE_1.18.1\STM32CubeIDE\plugins\com.st.stm32cube.common.mx_6.15.0.202507011659\\db\
2026-01-11 14:15:03,711 [WARN] IP:2250 - I2C_Coeff_DF not found: check if there is a RefParameter without a condition.
2026-01-11 14:15:03,711 [WARN] IP:2250 - Analog_Filter not found: check if there is a RefParameter without a condition.
2026-01-11 14:15:03,760 [INFO] CodeEngine:265 - oldGeneratedFile, C:\Users\elena\OneDrive\Documents\PCB\SmallFlight1\design_documents\smallFlight1Pinout\MXTmpFiles\license.tmp_save
2026-01-11 14:15:03,832 [INFO] CodeEngine:289 - Generated code: C:\Users\elena\OneDrive\Documents\PCB\SmallFlight1\design_documents\smallFlight1Pinout\MXTmpFiles\license.tmp
2026-01-11 14:15:03,849 [INFO] CodeEngine:265 - oldGeneratedFile, C:\Users\elena\OneDrive\Documents\PCB\SmallFlight1\design_documents\smallFlight1Pinout\MXTmpFiles\gpio.tmp_save
2026-01-11 14:15:03,901 [INFO] CodeEngine:289 - Generated code: C:\Users\elena\OneDrive\Documents\PCB\SmallFlight1\design_documents\smallFlight1Pinout\MXTmpFiles\gpio.tmp
2026-01-11 14:15:03,928 [WARN] IPConfigManager:3238 - Warning: the RefConfig PWREx_EnableUSBVoltageDetector is not available in your config.xml file
2026-01-11 14:15:03,942 [INFO] CodeEngine:265 - oldGeneratedFile, C:\Users\elena\OneDrive\Documents\PCB\SmallFlight1\design_documents\smallFlight1Pinout\Core\Src\stm32f4xx_it.c_save
2026-01-11 14:15:04,080 [INFO] CodeEngine:289 - Generated code: C:\Users\elena\OneDrive\Documents\PCB\SmallFlight1\design_documents\smallFlight1Pinout\Core\Src\stm32f4xx_it.c
2026-01-11 14:15:04,089 [INFO] CodeEngine:265 - oldGeneratedFile, C:\Users\elena\OneDrive\Documents\PCB\SmallFlight1\design_documents\smallFlight1Pinout\Core\Inc\stm32f4xx_it.h_save
2026-01-11 14:15:04,136 [INFO] CodeEngine:289 - Generated code: C:\Users\elena\OneDrive\Documents\PCB\SmallFlight1\design_documents\smallFlight1Pinout\Core\Inc\stm32f4xx_it.h
2026-01-11 14:15:04,149 [INFO] CodeEngine:265 - oldGeneratedFile, C:\Users\elena\OneDrive\Documents\PCB\SmallFlight1\design_documents\smallFlight1Pinout\Core\Src\stm32f4xx_hal_msp.c_save
2026-01-11 14:15:04,229 [INFO] CodeEngine:289 - Generated code: C:\Users\elena\OneDrive\Documents\PCB\SmallFlight1\design_documents\smallFlight1Pinout\Core\Src\stm32f4xx_hal_msp.c
2026-01-11 14:15:04,233 [INFO] CodeEngine:265 - oldGeneratedFile, C:\Users\elena\OneDrive\Documents\PCB\SmallFlight1\design_documents\smallFlight1Pinout\MXTmpFiles\system.tmp_save
2026-01-11 14:15:04,273 [INFO] CodeEngine:289 - Generated code: C:\Users\elena\OneDrive\Documents\PCB\SmallFlight1\design_documents\smallFlight1Pinout\MXTmpFiles\system.tmp
2026-01-11 14:15:04,285 [INFO] CodeEngine:321 - oldGeneratedFile, C:\Users\elena\OneDrive\Documents\PCB\SmallFlight1\design_documents\smallFlight1Pinout\Core\Inc\stm32f4xx_hal_conf.h_save
2026-01-11 14:15:04,331 [INFO] CodeEngine:345 - Generated code: C:\Users\elena\OneDrive\Documents\PCB\SmallFlight1\design_documents\smallFlight1Pinout\Core\Inc\stm32f4xx_hal_conf.h
2026-01-11 14:15:04,343 [WARN] IPConfigManager:3238 - Warning: the RefConfig PLL2P_FOR_MCO is not available in your config.xml file
2026-01-11 14:15:04,345 [WARN] IPConfigManager:3811 - IP not found : USB_OTG
2026-01-11 14:15:04,346 [WARN] CodeGenerator:4259 - IP not found : null
2026-01-11 14:15:04,355 [INFO] CodeEngine:265 - oldGeneratedFile, C:\Users\elena\OneDrive\Documents\PCB\SmallFlight1\design_documents\smallFlight1Pinout\Core\Inc\main.h_save
2026-01-11 14:15:04,413 [INFO] CodeEngine:289 - Generated code: C:\Users\elena\OneDrive\Documents\PCB\SmallFlight1\design_documents\smallFlight1Pinout\Core\Inc\main.h
2026-01-11 14:15:04,422 [INFO] CodeEngine:265 - oldGeneratedFile, C:\Users\elena\OneDrive\Documents\PCB\SmallFlight1\design_documents\smallFlight1Pinout\Core\Src\main.c_save
2026-01-11 14:15:04,483 [INFO] CodeEngine:289 - Generated code: C:\Users\elena\OneDrive\Documents\PCB\SmallFlight1\design_documents\smallFlight1Pinout\Core\Src\main.c
2026-01-11 14:15:04,705 [ERROR] LogOutputStream:75 - [STDERR_REDIRECT] [Fatal Error] :1:1: Premature end of file.
2026-01-11 14:15:04,705 [ERROR] LogOutputStream:75 - [STDERR_REDIRECT] 
2026-01-11 14:15:04,729 [INFO] ProjectBuilder:3606 - Time for Copy HAL[1] : 148mS.
2026-01-11 14:15:04,734 [INFO] ProjectBuilder:5216 - Project Generator version: 4.7.0-B52
2026-01-11 14:15:04,780 [INFO] ConfigFileManager:1595 - The Die is : DIE421
2026-01-11 14:15:05,277 [INFO] ProjectBuilder:5496 - Time for Generating toolchain IDE Files: 545mS.
2026-01-11 14:15:05,278 [INFO] ProjectBuilder:3463 - Time for Copy CMSIS : 1mS.
2026-01-11 14:15:05,281 [INFO] ProjectBuilder:3463 - Time for Copy CMSIS : 0mS.
2026-01-11 14:15:05,703 [ERROR] LogOutputStream:75 - [STDERR_REDIRECT] [Fatal Error] :1:1: Premature end of file.
2026-01-11 14:15:05,703 [ERROR] LogOutputStream:75 - [STDERR_REDIRECT] 
2026-01-11 14:15:05,940 [INFO] WebAppUi:305 - Path where cad_preferences.json is located C:\Users\elena/.stm32cubeide/
2026-01-11 14:15:05,940 [INFO] WebAppUi:306 - Updating consent from JSON file
2026-01-11 14:15:06,302 [INFO] WebApp:403 - JxBrowser engine has been closed 
2026-01-11 14:15:06,302 [INFO] WebAppUi:504 - JxBrowser engine has been closed 
2026-01-11 14:15:06,302 [INFO] WebAppUi:541 - Close the Jxbrowser engine manually
2026-01-11 14:15:06,705 [ERROR] LogOutputStream:75 - [STDERR_REDIRECT] [Fatal Error] :1:1: Premature end of file.
2026-01-11 14:15:06,705 [ERROR] LogOutputStream:75 - [STDERR_REDIRECT] 
2026-01-11 14:15:07,704 [ERROR] LogOutputStream:75 - [STDERR_REDIRECT] [Fatal Error] :1:1: Premature end of file.
2026-01-11 14:15:07,704 [ERROR] LogOutputStream:75 - [STDERR_REDIRECT] 
2026-01-11 14:15:08,705 [ERROR] LogOutputStream:75 - [STDERR_REDIRECT] [Fatal Error] :1:1: Premature end of file.
2026-01-11 14:15:08,705 [ERROR] LogOutputStream:75 - [STDERR_REDIRECT] 
2026-01-11 14:15:09,704 [ERROR] LogOutputStream:75 - [STDERR_REDIRECT] [Fatal Error] :1:1: Premature end of file.
2026-01-11 14:15:09,704 [ERROR] LogOutputStream:75 - [STDERR_REDIRECT] 
2026-01-11 14:15:10,704 [ERROR] LogOutputStream:75 - [STDERR_REDIRECT] [Fatal Error] :1:1: Premature end of file.
2026-01-11 14:15:10,704 [ERROR] LogOutputStream:75 - [STDERR_REDIRECT] 
2026-01-11 14:15:11,708 [ERROR] LogOutputStream:75 - [STDERR_REDIRECT] [Fatal Error] :1:1: Premature end of file.
2026-01-11 14:15:11,708 [ERROR] LogOutputStream:75 - [STDERR_REDIRECT] 
2026-01-11 14:15:12,707 [ERROR] LogOutputStream:75 - [STDERR_REDIRECT] [Fatal Error] :1:1: Premature end of file.
2026-01-11 14:15:12,707 [ERROR] LogOutputStream:75 - [STDERR_REDIRECT] 
2026-01-11 14:15:13,705 [ERROR] LogOutputStream:75 - [STDERR_REDIRECT] [Fatal Error] :1:1: Premature end of file.
2026-01-11 14:15:13,705 [ERROR] LogOutputStream:75 - [STDERR_REDIRECT] 
2026-01-11 14:15:14,584 [ERROR] LogOutputStream:75 - [STDERR_REDIRECT] 
